#,Latency steering,Period steering,Latency velocity,Period velocity
1,-1,-1,1733238010310149376,155834206
2,-1,-1,1733238010370885376,110735650
3,32611840,112313571,-1,-1
4,-1,-1,1733238010407175424,136289974
5,32797696,134832643,-1,-1
6,-1,-1,1733238010443092992,35917115
7,31073024,36107953,-1,-1
8,-1,-1,1733238010480835584,87742597
9,32865792,87668899,-1,-1
10,-1,-1,1733238010548301824,167466162
11,31945472,167580610,-1,-1
12,-1,-1,1733238010616070912,167768822
13,31827712,167371037,-1,-1
14,-1,-1,1733238010635531520,119460433
15,19432704,118777607,-1,-1
16,-1,-1,1733238010678348032,92816350
17,31763200,93646808,-1,-1
18,-1,-1,1733238010714987008,36638963
19,31020032,36023328,-1,-1
20,-1,-1,1733238010757667584,142679959
21,31850752,142443066,-1,-1
22,-1,-1,1733238010795965440,38297709
23,34357504,39895874,-1,-1
24,-1,-1,1733238010880051968,184086220
25,31793408,183434094,-1,-1
26,-1,-1,1733238010887038720,56987012
27,31180544,57265262,-1,-1
28,-1,-1,1733238010932613120,145574065
29,19980800,145306180,-1,-1
30,-1,-1,1733238010968469248,35856208
31,32087296,36975505,-1,-1
32,-1,-1,1733238011029101056,160631585
33,37127168,159171691,-1,-1
34,-1,-1,1733238011072366848,143265634
35,19750144,144417895,-1,-1
36,-1,-1,1733238011156990720,184623686
37,22815744,183718119,-1,-1
38,-1,-1,1733238011221729792,64738936
39,32169472,65246957,-1,-1
40,-1,-1,1733238011266297600,144567672
41,30951424,144278648,-1,-1
42,-1,-1,1733238011339730944,173433060
43,30967808,173394387,-1,-1
44,-1,-1,1733238011378571776,38840605
45,36857344,41767921,-1,-1
46,-1,-1,1733238011415068672,136496850
47,30760448,133543501,-1,-1
48,-1,-1,1733238011471510272,156441660
49,30810624,156398964,-1,-1
50,-1,-1,1733238011508107264,36596390
51,32907264,37984504,-1,-1
52,-1,-1,1733238011554350336,146243016
53,31851264,144581769,-1,-1
54,-1,-1,1733238011640632576,186282101
55,31858432,186473087,-1,-1
56,-1,-1,1733238011703996928,213364030
57,31945984,214466196,-1,-1
58,-1,-1,1733238011761409024,157412083
59,30748416,156314418,-1,-1
60,-1,-1,1733238011829161728,167752519
61,33788928,167651093,-1,-1
62,-1,-1,1733238011868814336,89652503
63,32834048,89786230,-1,-1
64,-1,-1,1733238011913637632,94823050
65,31142912,95070169,-1,-1
66,-1,-1,1733238011982193920,168556313
67,30908416,168276810,-1,-1
68,-1,-1,1733238012060536064,178341787
69,30884608,175460238,-1,-1
70,-1,-1,1733238012108022016,147485858
71,32754432,150357189,-1,-1
72,-1,-1,1733238012144104192,36082010
73,34546688,39788900,-1,-1
74,-1,-1,1733238012200489728,156385307
75,35205888,154162438,-1,-1
76,-1,-1,1733238012229226240,128736442
77,30814208,127229112,-1,-1
78,-1,-1,1733238012265391360,36164970
79,30889728,35962693,-1,-1
80,-1,-1,1733238012293639936,128248392
81,30757888,128481504,-1,-1
82,-1,-1,1733238012329575168,35935011
83,31194112,36305868,-1,-1
84,-1,-1,1733238012383261440,153686183
85,31811328,153280515,-1,-1
86,-1,-1,1733238012423862528,140600958
87,31013632,140780855,-1,-1
88,-1,-1,1733238012461112064,37249298
89,32035584,36907949,-1,-1
90,-1,-1,1733238012490305024,129192781
91,30878208,129458385,-1,-1
92,-1,-1,1733238012526210816,35905596
93,32241920,37241398,-1,-1
94,-1,-1,1733238012565837312,139626305
95,30756096,138137969,-1,-1
96,-1,-1,1733238012604499712,38662407
97,33884672,39008712,-1,-1
98,-1,-1,1733238012654116864,149616759
99,34637056,153259160,-1,-1
100,-1,-1,1733238012698645760,144529222
101,31859968,140710253,-1,-1
102,-1,-1,1733238012735652608,37006746
103,32207360,37317415,-1,-1
104,-1,-1,1733238012785184512,149531770
105,30648576,148970258,-1,-1
106,-1,-1,1733238012834723584,99538565
107,33938688,102912716,-1,-1
108,-1,-1,1733238012887485696,152761977
109,30726912,149280184,-1,-1
110,-1,-1,1733238012972184576,284698871
111,32787968,285052622,-1,-1
112,-1,-1,1733238013017097984,144913236
113,19544832,144771390,-1,-1
114,-1,-1,1733238013071434752,154336781
115,19888128,154859213,-1,-1
116,-1,-1,1733238013108609024,37173862
117,31913216,36378377,-1,-1
118,-1,-1,1733238013134049280,125440422
119,22468352,125725676,-1,-1
120,-1,-1,1733238013169677312,35627742
121,34116864,38972177,-1,-1
122,-1,-1,1733238013205115392,135437620
123,19265536,132149023,-1,-1
124,-1,-1,1733238013243198208,38082718
125,34299136,39390359,-1,-1
126,-1,-1,1733238013255288064,112089570
127,19513344,110360624,-1,-1
128,-1,-1,1733238013291666432,36378280
129,31843328,36711868,-1,-1
130,-1,-1,1733238013326156288,134489847
131,32937984,134694413,-1,-1
132,-1,-1,1733238013315001600,38845356
133,33310208,38711558,-1,-1
134,-1,-1,1733238013404701184,139699443
135,31864576,139609608,-1,-1
136,-1,-1,1733238013522342912,367641393
137,30756608,367744386,-1,-1
138,-1,-1,1733238013586821888,164478909
139,32747008,164487632,-1,-1
140,-1,-1,1733238013623373824,36551841
141,31189248,36337399,-1,-1
142,-1,-1,1733238013658318848,134944607
143,30799616,135213584,-1,-1
144,-1,-1,1733238013695258624,36939622
145,32570368,37642195,-1,-1
146,-1,-1,1733238013727852032,132593399
147,32802048,131862310,-1,-1
148,-1,-1,1733238013764820736,36968469
149,31866880,36930892,-1,-1
150,-1,-1,1733238013825460480,160639657
151,35803392,164429227,-1,-1
152,-1,-1,1733238013861122560,85661762
153,31010816,81973364,-1,-1
154,-1,-1,1733238013916307200,155184402
155,32681728,154622183,-1,-1
156,-1,-1,1733238013980139264,163831933
157,31895552,165243670,-1,-1
158,-1,-1,1733238014018579456,138440081
159,33507840,137735623,-1,-1
160,-1,-1,1733238014057450240,38870663
161,36803328,41717935,-1,-1
162,-1,-1,1733238014101140992,143690485
163,31920128,141690345,-1,-1
164,-1,-1,1733238014174309632,223168505
165,31796992,220377825,-1,-1
166,-1,-1,1733238014198080000,123770323
167,30833408,125537819,-1,-1
168,-1,-1,1733238014237853184,39773098
169,32391424,37447107,-1,-1
170,-1,-1,1733238014256848128,118994773
171,31702784,121046160,-1,-1
172,-1,-1,1733238014343909632,237061227
173,32952832,237487141,-1,-1
174,-1,-1,1733238014378658816,134749032
175,21195264,134440495,-1,-1
176,-1,-1,1733238014415497984,36839129
177,31879168,36995197,-1,-1
178,-1,-1,1733238014452348160,136849859
179,35858432,136636332,-1,-1
180,-1,-1,1733238014491954176,89606144
181,30724096,89579592,-1,-1
182,-1,-1,1733238014526443008,134488418
183,30946048,134724669,-1,-1
184,-1,-1,1733238014564390656,37947365
185,34041600,39079448,-1,-1
186,-1,-1,1733238014609427456,145036953
187,33975808,146559145,-1,-1
188,-1,-1,1733238014675135744,165707735
189,34858752,162396031,-1,-1
190,-1,-1,1733238014705133056,129997372
191,30803200,130554651,-1,-1
192,-1,-1,1733238014740986880,35853549
193,30897920,35964031,-1,-1
194,-1,-1,1733238014758484736,117497536
195,29774848,116501353,-1,-1
196,-1,-1,1733238014795001600,36516926
197,42782720,47891700,-1,-1
198,-1,-1,1733238014846156544,151154984
199,34936576,143772609,-1,-1
200,-1,-1,1733238014863284992,117127972
201,30793728,113482882,-1,-1
202,-1,-1,1733238014900037632,36752690
203,30909440,35987810,-1,-1
204,-1,-1,1733238014921271040,121233326
205,30796544,122503332,-1,-1
206,-1,-1,1733238014957242880,35971525
207,36854272,41942776,-1,-1
208,-1,-1,1733238014997792256,140549098
209,31380480,135160952,-1,-1
210,-1,-1,1733238015030298880,132506593
211,32807424,132055684,-1,-1
212,-1,-1,1733238015068232448,37933377
213,32762624,37902247,-1,-1
214,-1,-1,1733238015097880832,129648151
215,31810304,129581366,-1,-1
216,-1,-1,1733238015134813696,36932695
217,35991296,41053300,-1,-1
218,-1,-1,1733238015192302592,207488669
219,37340672,203220042,-1,-1
220,-1,-1,1733238015251641856,159339015
221,33534464,160184345,-1,-1
222,-1,-1,1733238015235428352,33786432
223,30880256,36237881,-1,-1
224,-1,-1,1733238015305065472,119636903
225,31485696,116717117,-1,-1
226,-1,-1,1733238015292917248,37851737
227,32289536,37686202,-1,-1
228,-1,-1,1733238015396519680,153602179
229,33709056,155408083,-1,-1
230,-1,-1,1733238015477901568,231381913
231,35117312,232775343,-1,-1
232,-1,-1,1733238015495383552,117481785
233,32786176,114300675,-1,-1
234,-1,-1,1733238015531270400,35886501
235,33154560,38238875,-1,-1
236,-1,-1,1733238015547046400,115775804
237,30777344,113259595,-1,-1
238,-1,-1,1733238015584031744,36985452
239,34088960,39368656,-1,-1
240,-1,-1,1733238015640382720,206350231
241,31000064,204323928,-1,-1
242,-1,-1,1733238015683737600,143354798
243,32912896,143292577,-1,-1
244,-1,-1,1733238015720919296,37181553
245,32604416,37817408,-1,-1
246,-1,-1,1733238015742142976,171223677
247,33251072,170436300,-1,-1
248,-1,-1,1733238015829350656,137207327
249,33990912,136823905,-1,-1
250,-1,-1,1733238015858449408,129098528
251,33390080,129543058,-1,-1
252,-1,-1,1733238015839346176,30896915
253,28894208,33870377,-1,-1
254,-1,-1,1733238015913937408,124591022
255,34317824,121534179,-1,-1
256,-1,-1,1733238015929836800,65899639
257,31821568,65878139,-1,-1
258,-1,-1,1733238015968610816,38773342
259,34532608,39589506,-1,-1
260,-1,-1,1733238016029100544,210489652
261,32737024,209593171,-1,-1
262,-1,-1,1733238016104520960,175420061
263,31231232,175566469,-1,-1
264,-1,-1,1733238016086434560,31913526
265,27035904,31961088,-1,-1
266,-1,-1,1733238016150086912,113652152
267,19770368,113558910,-1,-1
268,-1,-1,1733238016183793920,83706856
269,30761984,83658989,-1,-1
270,-1,-1,1733238016220670720,36876841
271,32194304,37305789,-1,-1
272,-1,-1,1733238016210392832,89721990
273,33663232,89376589,-1,-1
274,-1,-1,1733238016279086336,118693039
275,30890240,118701631,-1,-1
276,-1,-1,1733238016265052160,35965825
277,30814976,35808549,-1,-1
278,-1,-1,1733238016326672128,111619723
279,30927616,111846224,-1,-1
280,-1,-1,1733238016376935936,150263535
281,33462272,149654483,-1,-1
282,-1,-1,1733238016365112576,38176676
283,33764096,38703783,-1,-1
284,-1,-1,1733238016429963520,114850793
285,31185920,114913335,-1,-1
286,-1,-1,1733238016418746112,38782452
287,33798144,38738870,-1,-1
288,-1,-1,1733238016487352320,118605970
289,34427904,118739790,-1,-1
290,-1,-1,1733238016479239168,41886789
291,36808192,41752179,-1,-1
292,-1,-1,1733238016543997952,114758591
293,30876672,114811679,-1,-1
294,-1,-1,1733238016533897984,39899987
295,37010688,42042762,-1,-1
296,-1,-1,1733238016603450624,119552399
297,34643456,118218333,-1,-1
298,-1,-1,1733238016643427840,39977146
299,32841728,39078243,-1,-1
300,-1,-1,1733238016694311936,150883851
301,32700160,151498883,-1,-1
302,-1,-1,1733238016732061696,137749479
303,33836288,137621118,-1,-1
304,-1,-1,1733238016771136768,139075055
305,32823296,138615276,-1,-1
306,-1,-1,1733238016809186304,38049188
307,39226368,44267731,-1,-1
308,-1,-1,1733238016863904000,154718162
309,31780096,149178667,-1,-1
310,-1,-1,1733238016964455424,350550796
311,30297856,348884424,-1,-1
312,-1,-1,1733238017004459008,90003405
313,33158144,90738102,-1,-1
314,-1,-1,1733238017068767744,164308608
315,32807168,164639749,-1,-1
316,-1,-1,1733238017112609024,143841071
317,19352320,143678349,-1,-1
318,-1,-1,1733238017150227456,37618265
319,33424128,38439174,-1,-1
320,-1,-1,1733238017199143424,148915808
321,32801280,148028096,-1,-1
322,-1,-1,1733238017180875264,31731864
323,29859840,34916499,-1,-1
324,-1,-1,1733238017247588352,116712711
325,30775296,113746804,-1,-1
326,-1,-1,1733238017234555904,36967542
327,31752704,36763730,-1,-1
328,-1,-1,1733238017330164992,145608829
329,33959168,145817254,-1,-1
330,-1,-1,1733238017381740800,151575561
331,39608064,157347391,-1,-1
332,-1,-1,1733238017390196992,158456440
333,16370432,152714481,-1,-1
334,-1,-1,1733238017427152384,36955128
335,30394624,35889318,-1,-1
336,-1,-1,1733238017488810240,161657717
337,31386880,163107815,-1,-1
338,-1,-1,1733238017537176832,148366282
339,29834752,146934901,-1,-1
340,-1,-1,1733238017574611968,37435072
341,43841024,48893102,-1,-1
342,-1,-1,1733238017618610688,193998656
343,33187328,183839533,-1,-1
344,-1,-1,1733238017664376320,95765288
345,31839488,95403218,-1,-1
346,-1,-1,1733238017680933376,116556946
347,32762880,116563000,-1,-1
348,-1,-1,1733238017717286400,36353101
349,32638464,37714948,-1,-1
350,-1,-1,1733238017764468736,147182044
351,31750656,145865318,-1,-1
352,-1,-1,1733238017783042560,168573598
353,32154880,180917191,-1,-1
354,-1,-1,1733238017807927808,74885066
355,30653440,62374080,-1,-1
356,-1,-1,1733238017859178240,101250262
357,22320384,101809973,-1,-1
358,-1,-1,1733238017896401152,87222708
359,30889728,86791105,-1,-1
360,-1,-1,1733238017933660160,37258841
361,33244928,38250207,-1,-1
362,-1,-1,1733238017969587200,235926734
363,17242368,234969669,-1,-1
364,-1,-1,1733238018052357888,132770441
365,32102400,132981940,-1,-1
366,-1,-1,1733238018111162880,158804912
367,32065536,159591047,-1,-1
368,-1,-1,1733238018169460992,158297569
369,31097088,157531136,-1,-1
370,-1,-1,1733238018224087296,154626583
371,32057600,154598386,-1,-1
372,-1,-1,1733238018305482496,281394241
373,31826432,279871514,-1,-1
374,-1,-1,1733238018343870976,88388391
375,30683904,88726017,-1,-1
376,-1,-1,1733238018358825728,164954866
377,23836416,173651105,-1,-1
378,-1,-1,1733238018434596096,75770145
379,37724928,73785574,-1,-1
380,-1,-1,1733238018439100160,154503596
381,35959296,148926733,-1,-1
382,-1,-1,1733238018502486784,163386535
383,32765952,163218496,-1,-1
384,-1,-1,1733238018541272576,38785677
385,31858688,36991320,-1,-1
386,-1,-1,1733238018587729152,146456407
387,30909184,147779323,-1,-1
388,-1,-1,1733238018647906560,160177330
389,31903744,161478694,-1,-1
390,-1,-1,1733238018667270400,119363470
391,32375040,118600454,-1,-1
392,-1,-1,1733238018705151744,37881438
393,44845312,49857497,-1,-1
394,-1,-1,1733238018741838336,136686288
395,32779008,124661904,-1,-1
396,-1,-1,1733238018752684800,60846526
397,32126208,62112918,-1,-1
398,-1,-1,1733238018785326848,132641725
399,19765504,131299848,-1,-1
400,-1,-1,1733238018822239744,36912828
401,31810816,36877595,-1,-1
402,-1,-1,1733238018849811456,127571641
403,31056128,127878270,-1,-1
404,-1,-1,1733238018838744832,38933041
405,40796928,45620728,-1,-1
406,-1,-1,1733238018908475904,119731038
407,33285888,113234337,-1,-1
408,-1,-1,1733238018890346752,31870626
409,29825792,34405117,-1,-1
410,-1,-1,1733238018955938816,115592003
411,31294464,113109558,-1,-1
412,-1,-1,1733238018939909632,33970524
413,26943744,33487725,-1,-1
414,-1,-1,1733238019002193408,112283766
415,30863360,111696854,-1,-1
416,-1,-1,1733238019014232832,62039107
417,29756672,61627956,-1,-1
418,-1,-1,1733238019050487296,36254308
419,32806144,37929095,-1,-1
420,-1,-1,1733238019072956928,122469479
421,30649600,121584085,-1,-1
422,-1,-1,1733238019058792704,35835899
423,30306304,36029415,-1,-1
424,-1,-1,1733238019123190016,114396832
425,33772032,116616738,-1,-1
426,-1,-1,1733238019100282112,27092203
427,32795136,36911563,-1,-1
428,-1,-1,1733238019202963712,152681286
429,33856512,142644229,-1,-1
430,-1,-1,1733238019237711872,84747903
431,32069888,82976363,-1,-1
432,-1,-1,1733238019243418368,155706463
433,19125248,155295059,-1,-1
434,-1,-1,1733238019315944192,122525606
435,31639808,123374265,-1,-1
436,-1,-1,1733238019293762304,27817981
437,22936320,27179950,-1,-1
438,-1,-1,1733238019383126528,139364097
439,34870528,139170225,-1,-1
440,-1,-1,1733238019400096256,116969812
441,34682112,117030757,-1,-1
442,-1,-1,1733238019401873664,51776951
443,18878464,51981721,-1,-1
444,-1,-1,1733238019443583744,141710050
445,32673536,141542102,-1,-1
446,-1,-1,1733238019510736128,67152176
447,32944640,68030557,-1,-1
448,-1,-1,1733238019574980352,214244085
449,30845952,213267184,-1,-1
450,-1,-1,1733238019562114560,37134153
451,22896384,37927612,-1,-1
452,-1,-1,1733238019666741760,254627046
453,31928064,253530474,-1,-1
454,-1,-1,1733238019678939904,62197834
455,29691904,62020272,-1,-1
456,-1,-1,1733238019720871680,141931677
457,19369472,142407499,-1,-1
458,-1,-1,1733238019756929792,36057960
459,32375552,37378196,-1,-1
460,-1,-1,1733238019826939392,220009493
461,30944256,219067653,-1,-1
462,-1,-1,1733238019890539776,163600403
463,32150016,164710653,-1,-1
464,-1,-1,1733238019930525184,39984963
465,32721920,38799090,-1,-1
466,-1,-1,1733238020020396032,289870675
467,32860160,291019438,-1,-1
468,-1,-1,1733238020034449152,64052900
469,30865664,62904305,-1,-1
470,-1,-1,1733238020088958208,154508690
471,30815488,154425554,-1,-1
472,-1,-1,1733238020132206848,143248741
473,18977024,142786771,-1,-1
474,-1,-1,1733238020170617856,38410727
475,32345344,37248028,-1,-1
476,-1,-1,1733238020211250944,140632867
477,30659840,142074452,-1,-1
478,-1,-1,1733238020247145728,35894616
479,32253696,37336226,-1,-1
480,-1,-1,1733238020313550592,216404848
481,30953728,215209206,-1,-1
482,-1,-1,1733238020351325952,87774973
483,31650816,87550539,-1,-1
484,-1,-1,1733238020367884288,166558440
485,23813120,178816836,-1,-1
486,-1,-1,1733238020385652992,67768103
487,23419392,55615999,-1,-1
488,-1,-1,1733238020473355776,137702768
489,31019008,137814623,-1,-1
490,-1,-1,1733238020491256320,67900278
491,32759808,67610783,-1,-1
492,-1,-1,1733238020528199936,36943701
493,32858880,37964716,-1,-1
494,-1,-1,1733238020546519296,118319105
495,31755520,116523638,-1,-1
496,-1,-1,1733238020582446336,35926785
497,32845824,37961251,-1,-1
498,-1,-1,1733238020629465600,197019253
499,33109504,197785615,-1,-1
500,-1,-1,1733238020683584512,154118969
501,36482816,157506897,-1,-1
502,-1,-1,1733238020663485184,29900066
503,17864192,24726103,-1,-1
504,-1,-1,1733238020740215808,126730860
505,31464960,127215874,-1,-1
506,-1,-1,1733238020783121408,92905261
507,33799424,92095350,-1,-1
508,-1,-1,1733238020810991104,127869469
509,31518208,126961339,-1,-1
510,-1,-1,1733238020854380544,143389477
511,30807552,144782396,-1,-1
512,-1,-1,1733238020905006080,150625172
513,32974336,152312793,-1,-1
514,-1,-1,1733238020904739584,99733280
515,32882944,97664273,-1,-1
516,-1,-1,1733238020993448192,138708726
517,31937024,139654768,-1,-1
518,-1,-1,1733238020972959744,29511170
519,23754496,28779859,-1,-1
520,-1,-1,1733238021055099648,132139793
521,31332864,132105185,-1,-1
522,-1,-1,1733238021071480320,66380495
523,30784512,66336805,-1,-1
524,-1,-1,1733238021059299328,37819074
525,44858880,50002226,-1,-1
526,-1,-1,1733238021125083904,115784134
527,30998016,103867134,-1,-1
528,-1,-1,1733238021187975680,162891847
529,30713344,162401379,-1,-1
530,-1,-1,1733238021252338944,164362816
531,33057280,166045152,-1,-1
532,-1,-1,1733238021233225728,30886859
533,22340864,29313792,-1,-1
534,-1,-1,1733238021349501952,216276040
535,30830848,216542537,-1,-1
536,-1,-1,1733238021425609216,176107220
537,31638016,176435300,-1,-1
538,-1,-1,1733238021475661056,150051615
539,30765568,149617731,-1,-1
540,-1,-1,1733238021511681792,36020459
541,32133888,37224661,-1,-1
542,-1,-1,1733238021574796288,163114384
543,31183872,161691423,-1,-1
544,-1,-1,1733238021612838400,138042033
545,31317760,139041309,-1,-1
546,-1,-1,1733238021670509824,157671256
547,33495296,157005016,-1,-1
548,-1,-1,1733238021653310464,32800302
549,30888704,35780750,-1,-1
550,-1,-1,1733238021734496768,131186465
551,30774528,127687987,-1,-1
552,-1,-1,1733238021722087936,37590964
553,35895808,40960943,-1,-1
554,-1,-1,1733238021769862144,97773864
555,19494400,94831369,-1,-1
556,-1,-1,1733238021805592576,35730094
557,31360256,36223968,-1,-1
558,-1,-1,1733238021852247808,146654877
559,37708544,146469835,-1,-1
560,-1,-1,1733238021892985344,90737383
561,30887936,90417619,-1,-1
562,-1,-1,1733238021918595328,175610027
563,32980992,187747533,-1,-1
564,-1,-1,1733238021995459072,76863514
565,33833728,66589304,-1,-1
566,-1,-1,1733238022045871360,150412022
567,31636480,147403378,-1,-1
568,-1,-1,1733238022087116288,141244778
569,33712384,142701963,-1,-1
570,-1,-1,1733238022122596352,35480142
571,31676160,35913399,-1,-1
572,-1,-1,1733238022177012480,154415596
573,30765056,153636382,-1,-1
574,-1,-1,1733238022242732032,165719641
575,32899584,165634664,-1,-1
576,-1,-1,1733238022226647040,33914721
577,31872512,36985211,-1,-1
578,-1,-1,1733238022295235072,118588025
579,31205376,115960616,-1,-1
580,-1,-1,1733238022332266240,37030882
581,33860096,38646514,-1,-1
582,-1,-1,1733238022391702528,159436141
583,39531776,162294474,-1,-1
584,-1,-1,1733238022412098816,120396140
585,32235008,113327341,-1,-1
586,-1,-1,1733238022452939008,140840183
587,32965376,143232894,-1,-1
588,-1,-1,1733238022438040320,35101313
589,37996800,42909205,-1,-1
590,-1,-1,1733238022540452352,152411454
591,31934976,144544314,-1,-1
592,-1,-1,1733238022560278272,69826025
593,31804672,69753424,-1,-1
594,-1,-1,1733238022632679936,172401386
595,30224384,171434593,-1,-1
596,-1,-1,1733238022607590144,74910095
597,22678784,78827559,-1,-1
598,-1,-1,1733238022701236224,143645862
599,32836096,142640937,-1,-1
600,-1,-1,1733238022701750016,150513825
601,34865920,148677167,-1,-1
602,-1,-1,1733238022749262848,147512787
603,15728896,146371530,-1,-1
604,-1,-1,1733238022815147264,65884143
605,42715136,74824780,-1,-1
606,-1,-1,1733238022862227712,147080368
607,32693760,138603410,-1,-1
608,-1,-1,1733238022879212032,116983927
609,31728896,116523962,-1,-1
610,-1,-1,1733238022914678784,35466782
611,33523456,38800052,-1,-1
612,-1,-1,1733238022962170112,147491056
613,33835520,144921836,-1,-1
614,-1,-1,1733238023014530048,152359793
615,33203968,152991877,-1,-1
616,-1,-1,1733238023125345280,410815020
617,30766848,410428371,-1,-1
618,-1,-1,1733238023196859648,171514273
619,30772224,171506096,-1,-1
620,-1,-1,1733238023239101696,92241820
621,33343232,90323669,-1,-1
622,-1,-1,1733238023268430336,79328810
623,31918336,81329976,-1,-1
624,-1,-1,1733238023282836480,164405316
625,34885888,177466598,-1,-1
626,-1,-1,1733238023306710016,73873634
627,31821568,63809519,-1,-1
628,-1,-1,1733238023372544512,115834250
629,35427840,115219802,-1,-1
630,-1,-1,1733238023357338112,34793492
631,27299328,32224954,-1,-1
632,-1,-1,1733238023429933824,122595549
633,33240576,123976903,-1,-1
634,-1,-1,1733238023404851200,24917134
635,22782720,26652196,-1,-1
636,-1,-1,1733238023463651072,108799809
637,19351296,105702787,-1,-1
638,-1,-1,1733238023504393216,90742007
639,32464896,90704859,-1,-1
640,-1,-1,1733238023540443392,36050236
641,32181248,37236101,-1,-1
642,-1,-1,1733238023560232960,119789444
643,32733184,118344886,-1,-1
644,-1,-1,1733238023596856832,36623591
645,31945472,37060545,-1,-1
646,-1,-1,1733238023628366336,131509502
647,31783936,131449501,-1,-1
648,-1,-1,1733238023665942016,37575136
649,33908992,38994170,-1,-1
650,-1,-1,1733238023720940800,204998431
651,33032960,204631823,-1,-1
652,-1,-1,1733238023740950784,120010037
653,20334848,118429830,-1,-1
654,-1,-1,1733238023779195648,38244555
655,32353024,37875208,-1,-1
656,-1,-1,1733238023797204480,118008565
657,19375872,117817104,-1,-1
658,-1,-1,1733238023833005056,35800452
659,30946560,35908326,-1,-1
660,-1,-1,1733238023905594880,172589732
661,32752640,175440355,-1,-1
662,-1,-1,1733238023910693120,105097923
663,21220608,102753249,-1,-1
664,-1,-1,1733238023997833984,187140758
665,31366144,188119508,-1,-1
666,-1,-1,1733238023977714176,29880222
667,26839552,32553765,-1,-1
668,-1,-1,1733238024043381760,115667279
669,32978688,112656540,-1,-1
670,-1,-1,1733238024079495424,36113700
671,32789504,37703946,-1,-1
672,-1,-1,1733238024128443136,148947554
673,32967680,148920771,-1,-1
674,-1,-1,1733238024155566592,127123295
675,31223040,125884985,-1,-1
676,-1,-1,1733238024229308672,173742001
677,31826432,173235277,-1,-1
678,-1,-1,1733238024257139712,77830663
679,34007040,80894205,-1,-1
680,-1,-1,1733238024276654848,119515117
681,32257280,116524685,-1,-1
682,-1,-1,1733238024315879424,39224354
683,35934720,41042852,-1,-1
684,-1,-1,1733238024363295488,197415539
685,35181568,196351020,-1,-1
686,-1,-1,1733238024403295232,89999950
687,30859520,88051300,-1,-1
688,-1,-1,1733238024473620992,220325448
689,31135232,221778764,-1,-1
690,-1,-1,1733238024515154688,141533562
691,33014016,141489577,-1,-1
692,-1,-1,1733238024553066240,37911592
693,35704832,40719322,-1,-1
694,-1,-1,1733238024611764992,158698127
695,30902272,154804584,-1,-1
696,-1,-1,1733238024698302720,236537627
697,34217216,237811476,-1,-1
698,-1,-1,1733238024723896064,175592668
699,27906304,178190192,-1,-1
700,-1,-1,1733238024738685696,64789669
701,29338112,61617427,-1,-1
702,-1,-1,1733238024832370944,143684700
703,30870528,143712257,-1,-1
704,-1,-1,1733238024849963008,117592044
705,19342848,117603105,-1,-1
706,-1,-1,1733238024933351680,183388312
707,35115520,183782420,-1,-1
708,-1,-1,1733238024922266880,38915355
709,32916736,38665652,-1,-1
710,-1,-1,1733238025001976832,129709590
711,32901120,129714259,-1,-1
712,-1,-1,1733238025040963072,38986108
713,37424128,42921183,-1,-1
714,-1,-1,1733238025122854400,331891359
715,30785280,327970212,-1,-1
716,-1,-1,1733238025157776640,84921990
717,30976000,84938427,-1,-1
718,-1,-1,1733238025200534016,92757429
719,30967040,92858915,-1,-1
720,-1,-1,1733238025284659200,284124785
721,32265984,284106066,-1,-1
722,-1,-1,1733238025367142656,232483406
723,32843008,232261422,-1,-1
724,-1,-1,1733238025382888192,65745401
725,30858240,65908841,-1,-1
726,-1,-1,1733238025447144960,114256542
727,33771264,116559509,-1,-1
728,-1,-1,1733238025514894080,217748823
729,35582464,219152833,-1,-1
730,-1,-1,1733238025569485824,154591808
731,31194368,151222093,-1,-1
732,-1,-1,1733238025585120000,115633873
733,30797824,115243578,-1,-1
734,-1,-1,1733238025621137152,36017110
735,31886848,36942081,-1,-1
736,-1,-1,1733238025670754816,149617549
737,30834944,148576675,-1,-1
738,-1,-1,1733238025724367616,153612376
739,34934016,157724559,-1,-1
740,-1,-1,1733238025755921408,131553651
741,32798208,127490378,-1,-1
742,-1,-1,1733238025794169344,38248179
743,33094656,38172055,-1,-1
744,-1,-1,1733238025852492544,158322934
745,36910592,160433276,-1,-1
746,-1,-1,1733238025906727424,204234361
747,32870400,202328683,-1,-1
748,-1,-1,1733238025940689152,133961749
749,19386112,133641480,-1,-1
750,-1,-1,1733238026038091520,197402267
751,33185280,197803158,-1,-1
752,-1,-1,1733238026016853248,28761740
753,25429760,31751304,-1,-1
754,-1,-1,1733238026088896768,122043050
755,31109632,118805274,-1,-1
756,-1,-1,1733238026077511936,38615173
757,33781504,38669637,-1,-1
758,-1,-1,1733238026145322240,117810161
759,30922496,117769273,-1,-1
760,-1,-1,1733238026159988480,64666120
761,29763584,63698344,-1,-1
762,-1,-1,1733238026195063040,35074466
763,31608320,36708269,-1,-1
764,-1,-1,1733238026214580992,119517705
765,31801600,117944907,-1,-1
766,-1,-1,1733238026252758784,38177694
767,41421824,46994761,-1,-1
768,-1,-1,1733238026280310528,127551369
769,31768576,120596141,-1,-1
770,-1,-1,1733238026309836032,129525478
771,30775552,128628570,-1,-1
772,-1,-1,1733238026346039040,36202952
773,32331776,37448935,-1,-1
774,-1,-1,1733238026367242752,171203502
775,33805312,178151142,-1,-1
776,-1,-1,1733238026444466432,77223259
777,38983680,75368468,-1,-1
778,-1,-1,1733238026474743552,180277155
779,32764672,173785346,-1,-1
780,-1,-1,1733238026512137216,37393587
781,32227584,37317719,-1,-1
782,-1,-1,1733238026530222848,118085561
783,32900608,118437539,-1,-1
784,-1,-1,1733238026567515136,37291878
785,33766144,38726270,-1,-1
786,-1,-1,1733238026593519104,226003906
787,34713088,224447893,-1,-1
788,-1,-1,1733238026689221888,145702446
789,38269952,150054623,-1,-1
790,-1,-1,1733238026742639872,153417813
791,35699968,152041175,-1,-1
792,-1,-1,1733238026786917376,144277436
793,32652800,142599446,-1,-1
794,-1,-1,1733238026780870912,143953350
795,32784640,145634319,-1,-1
796,-1,-1,1733238026847476480,116605543
797,34199296,114515037,-1,-1
798,-1,-1,1733238026857282560,59805956
799,31633408,57821208,-1,-1
800,-1,-1,1733238026893572096,36289422
801,32721152,38036412,-1,-1
802,-1,-1,1733238026932211968,138639851
803,30802688,136618332,-1,-1
804,-1,-1,1733238026963299328,131086833
805,31011328,132708290,-1,-1
806,-1,-1,1733238027003423744,40124316
807,37895168,42764198,-1,-1
808,-1,-1,1733238027050441216,147017538
809,33507072,143247716,-1,-1
810,-1,-1,1733238027083454976,133013413
811,32834048,133927055,-1,-1
812,-1,-1,1733238027121382144,37927105
813,40958720,46008217,-1,-1
814,-1,-1,1733238027152696832,131314574
815,32713472,123502181,-1,-1
816,-1,-1,1733238027207348224,254651305
817,32885504,255414701,-1,-1
818,-1,-1,1733238027250940928,193592378
819,23888896,192491850,-1,-1
820,-1,-1,1733238027262646016,61704964
821,29395456,61659006,-1,-1
822,-1,-1,1733238027327599872,114953632
823,32334592,114849271,-1,-1
824,-1,-1,1733238027313283584,35683536
825,30640640,36131823,-1,-1
826,-1,-1,1733238027350052864,86768992
827,19357440,86465190,-1,-1
828,-1,-1,1733238027391628032,41574852
829,33876992,38881989,-1,-1
830,-1,-1,1733238027449790208,158162060
831,37846784,166469377,-1,-1
832,-1,-1,1733238027469975040,120184494
833,31385856,114307730,-1,-1
834,-1,-1,1733238027474923264,54947857
835,31037184,55376445,-1,-1
836,-1,-1,1733238027485642752,110719524
837,30363904,111081671,-1,-1
838,-1,-1,1733238027548179200,112536390
839,30901248,112157299,-1,-1
840,-1,-1,1733238027535119872,36940226
841,31922944,36905730,-1,-1
842,-1,-1,1733238027596701440,111663055
843,30890240,111709893,-1,-1
844,-1,-1,1733238027625391360,128607957
845,19491840,128713808,-1,-1
846,-1,-1,1733238027662184960,36793125
847,32005120,36774948,-1,-1
848,-1,-1,1733238027692678912,130493820
849,33479936,126111896,-1,-1
850,-1,-1,1733238027665772800,23093785
851,23644672,28022880,-1,-1
852,-1,-1,1733238027709323008,143549865
853,17443840,143436275,-1,-1
854,-1,-1,1733238027772530176,63206984
855,32701952,64116422,-1,-1
856,-1,-1,1733238027805745152,133214792
857,31955712,132748387,-1,-1
858,-1,-1,1733238027834320384,128575113
859,30858496,127560415,-1,-1
860,-1,-1,1733238027872206848,37886370
861,44932096,49919300,-1,-1
862,-1,-1,1733238027938647040,216439973
863,35698944,207287197,-1,-1
864,-1,-1,1733238027991751936,153104709
865,36715520,155522601,-1,-1
866,-1,-1,1733238028038837760,147085750
867,39664128,147589455,-1,-1
868,-1,-1,1733238028033279488,144441411
869,31065856,139360666,-1,-1
870,-1,-1,1733238028095106304,111826899
871,33050368,113094200,-1,-1
872,-1,-1,1733238028162570752,167464471
873,32797696,167276553,-1,-1
874,-1,-1,1733238028180491264,67919940
875,42759936,77873854,-1,-1
876,-1,-1,1733238028214000896,133509861
877,33814784,123533797,-1,-1
878,-1,-1,1733238028244600320,130598800
879,33349120,129104238,-1,-1
880,-1,-1,1733238028255872512,111271979
881,30833152,110987781,-1,-1
882,-1,-1,1733238028291980800,36108055
883,32723968,37814373,-1,-1
884,-1,-1,1733238028328012544,136031790
885,33492992,133918936,-1,-1
886,-1,-1,1733238028354853376,126840477
887,31787264,127346298,-1,-1
888,-1,-1,1733238028391942912,137089425
889,33033728,136745125,-1,-1
890,-1,-1,1733238028423086848,131143668
891,30854912,131437053,-1,-1
892,-1,-1,1733238028494537472,271450777
893,30844416,270990548,-1,-1
894,-1,-1,1733238028514022144,119484405
895,32731648,119641330,-1,-1
896,-1,-1,1733238028579543040,115520836
897,33676800,115561724,-1,-1
898,-1,-1,1733238028552575232,23032066
899,16577536,23174637,-1,-1
900,-1,-1,1733238028637806848,185231194
901,33298176,187316004,-1,-1
902,-1,-1,1733238028671454720,133647928
903,32090624,132793180,-1,-1
904,-1,-1,1733238028693774592,222319695
905,33747456,221038213,-1,-1
906,-1,-1,1733238028754272256,110497551
907,34714624,110578240,-1,-1
908,-1,-1,1733238028723446272,19173640
909,17883136,22048102,-1,-1
910,-1,-1,1733238028788714240,115267938
911,35610112,114485206,-1,-1
912,-1,-1,1733238028801905664,63191130
913,32707328,61157410,-1,-1
914,-1,-1,1733238028838376448,36470768
915,32829440,37799553,-1,-1
916,-1,-1,1733238028875375616,136998924
917,33989376,137773713,-1,-1
918,-1,-1,1733238028912232704,136856900
919,34877440,135513371,-1,-1
920,-1,-1,1733238028931951872,119718806
921,30809856,118604741,-1,-1
922,-1,-1,1733238028916616704,34664954
923,42196224,47345045,-1,-1
924,-1,-1,1733238028969346816,102729835
925,30889728,90447673,-1,-1
926,-1,-1,1733238029006902784,37555864
927,42995456,48120860,-1,-1
928,-1,-1,1733238029038189312,131285957
929,31340544,120951413,-1,-1
930,-1,-1,1733238029050572800,112383332
931,30852096,112123079,-1,-1
932,-1,-1,1733238029088484864,37911833
933,44913664,49937115,-1,-1
934,-1,-1,1733238029126271232,137786148
935,37409792,128124127,-1,-1
936,-1,-1,1733238029138772736,112501629
937,30896896,110104262,-1,-1
938,-1,-1,1733238029177019904,38246807
939,47833088,52813545,-1,-1
940,-1,-1,1733238029205338624,128318643
941,31966208,113881518,-1,-1
942,-1,-1,1733238029221036800,115698080
943,30899968,115563110,-1,-1
944,-1,-1,1733238029246545408,75508548
945,33541376,74904603,-1,-1
946,-1,-1,1733238029219601152,23055601
947,22253824,28084175,-1,-1
948,-1,-1,1733238029286100992,116499784
949,31338496,111812665,-1,-1
950,-1,-1,1733238029288213504,52112197
951,30284544,51317728,-1,-1
952,-1,-1,1733238029324655872,36442010
953,35380992,40470066,-1,-1
954,-1,-1,1733238029363950080,139294331
955,32124928,136506431,-1,-1
956,-1,-1,1733238029412826624,198876277
957,32864256,198103973,-1,-1
958,-1,-1,1733238029451633664,88806719
959,31604992,89611782,-1,-1
960,-1,-1,1733238029489231872,137597604
961,33772544,138809029,-1,-1
962,-1,-1,1733238029525528832,136296887
963,35038208,134887903,-1,-1
964,-1,-1,1733238029552706816,127177638
965,32125440,127410291,-1,-1
966,-1,-1,1733238029603010048,150302814
967,37660672,154437724,-1,-1
968,-1,-1,1733238029634289152,131279272
969,32663040,127626026,-1,-1
970,-1,-1,1733238029674791168,140501688
971,33005056,138100511,-1,-1
972,-1,-1,1733238029701513472,226722091
973,33790208,229153429,-1,-1
974,-1,-1,1733238029761838336,160324668
975,30812160,159512241,-1,-1
976,-1,-1,1733238029799713792,37875351
977,32783104,37854911,-1,-1
978,-1,-1,1733238029831899392,132185511
979,41975296,142939940,-1,-1
980,-1,-1,1733238029857235712,125336098
981,32806400,116465868,-1,-1
982,-1,-1,1733238029889705984,132469996
983,31806208,131598190,-1,-1
984,-1,-1,1733238029902462464,112756458
985,33150720,112109766,-1,-1
986,-1,-1,1733238029939610112,37147418
987,33351168,38082314,-1,-1
988,-1,-1,1733238029975131136,135520956
989,32962304,135226184,-1,-1
990,-1,-1,1733238030011322624,136191311
991,32370688,135016962,-1,-1
992,-1,-1,1733238030033191424,171868505
993,22746368,171789361,-1,-1
994,-1,-1,1733238030033835008,50643507
995,18176256,51279521,-1,-1
996,-1,-1,1733238030097744640,113909518
997,30891264,112447433,-1,-1
998,-1,-1,1733238030102426880,54682099
999,29774080,54774265,-1,-1
1000,-1,-1,1733238030138998272,36571068
1001,34484992,39571661,-1,-1
1002,-1,-1,1733238030150027776,111029345
1003,30672384,108938314,-1,-1
1004,-1,-1,1733238030188919040,38890992
1005,44584960,50037700,-1,-1
1006,-1,-1,1733238030213140736,124221921
1007,32743168,113564950,-1,-1
1008,-1,-1,1733238030283977472,220836094
1009,32702976,221420064,-1,-1
1010,-1,-1,1733238030270574592,136596784
1011,26074624,138890703,-1,-1
1012,-1,-1,1733238030325229312,154654784
1013,31986432,152526759,-1,-1
1014,-1,-1,1733238030310051072,34821612
1015,41922048,45817740,-1,-1
1016,-1,-1,1733238030358895872,98844498
1017,30867968,86686319,-1,-1
1018,-1,-1,1733238030343731712,34835988
1019,38398208,48879025,-1,-1
1020,-1,-1,1733238030402404096,108672099
1021,30741504,94618898,-1,-1
1022,-1,-1,1733238030439739648,37335108
1023,31784448,36896728,-1,-1
1024,-1,-1,1733238030450207744,110468170
1025,31341312,111326834,-1,-1
1026,-1,-1,1733238030444028160,43820425
1027,45833984,50365826,-1,-1
1028,-1,-1,1733238030508679424,114651293
1029,30830080,107733572,-1,-1
1030,-1,-1,1733238030521285120,112605388
1031,29737472,111526228,-1,-1
1032,-1,-1,1733238030556398848,35113414
1033,30959104,36221403,-1,-1
1034,-1,-1,1733238030585903616,129504831
1035,30727680,129454471,-1,-1
1036,-1,-1,1733238030624261120,38357388
1037,44924160,50017986,-1,-1
1038,-1,-1,1733238030653116672,128855247
1039,31330048,117150148,-1,-1
1040,-1,-1,1733238030688179712,135062874
1041,33985024,137277797,-1,-1
1042,-1,-1,1733238030733668096,145488606
1043,32259840,143888848,-1,-1
1044,-1,-1,1733238030783309568,149640869
1045,32486912,149727477,-1,-1
1046,-1,-1,1733238030801334784,118024982
1047,31370752,117160766,-1,-1
1048,-1,-1,1733238030792070400,40735488
1049,38864640,43851770,-1,-1
1050,-1,-1,1733238030858030848,115960280
1051,37189632,117565678,-1,-1
1052,-1,-1,1733238030884463360,176432243
1053,32299008,171623097,-1,-1
1054,-1,-1,1733238030869045760,34582362
1055,29953024,35018327,-1,-1
1056,-1,-1,1733238030927586560,108540327
1057,30810624,107595746,-1,-1
1058,-1,-1,1733238030932378880,154792506
1059,33433088,155650294,-1,-1
1060,-1,-1,1733238030948150784,65771602
1061,44758528,77695596,-1,-1
1062,-1,-1,1733238031020851968,122701118
1063,30893824,110732958,-1,-1
1064,-1,-1,1733238031028484352,107632216
1065,30828288,107604135,-1,-1
1066,-1,-1,1733238031076608256,48123620
1067,46788352,51930843,-1,-1
1068,-1,-1,1733238031094145024,117536819
1069,32410112,115225093,-1,-1
1070,-1,-1,1733238031119984640,125839705
1071,31758848,123974094,-1,-1
1072,-1,-1,1733238031123978496,103993339
1073,19796480,104671165,-1,-1
1074,-1,-1,1733238031161246464,37267908
1075,31121408,36202907,-1,-1
1076,-1,-1,1733238031159797248,148550531
1077,24964096,149333690,-1,-1
1078,-1,-1,1733238031211545600,51747962
1079,35783168,50811669,-1,-1
1080,-1,-1,1733238031222413056,110867606
1081,28786432,111628998,-1,-1
1082,-1,-1,1733238031283891968,161478616
1083,31668480,162374878,-1,-1
1084,-1,-1,1733238031265635584,31743545
1085,23332352,29957181,-1,-1
1086,-1,-1,1733238031290328064,124692307
1087,20883712,125697980,-1,-1
1088,-1,-1,1733238031331880448,141552342
1089,22940160,142764256,-1,-1
1090,-1,-1,1733238031399829504,117948546
1091,32364032,117039144,-1,-1
1092,-1,-1,1733238031411292672,111463110
1093,32810240,111179178,-1,-1
1094,-1,-1,1733238031408308992,47016397
1095,14859264,47092378,-1,-1
1096,-1,-1,1733238031470729728,112420397
1097,31473920,113073747,-1,-1
1098,-1,-1,1733238031450786560,30063629
1099,22248192,29184288,-1,-1
1100,-1,-1,1733238031476403456,125609787
1101,19282432,125630313,-1,-1
1102,-1,-1,1733238031518029312,91625730
1103,21250560,91705392,-1,-1
1104,-1,-1,1733238031554879488,36850228
1105,32985856,38115839,-1,-1
1106,-1,-1,1733238031546605312,91725393
1107,19152896,90534235,-1,-1
1108,-1,-1,1733238031583655936,37050388
1109,31804416,36894000,-1,-1
1110,-1,-1,1733238031594291456,110635152
1111,19252224,110749293,-1,-1
1112,-1,-1,1733238031630876416,36585034
1113,33455872,38541544,-1,-1
1114,-1,-1,1733238031630093312,49216868
1115,30560256,47236823,-1,-1
1116,-1,-1,1733238031685420032,155326542
1117,33741056,156533880,-1,-1
1118,-1,-1,1733238031714804224,129383970
1119,32844288,129736862,-1,-1
1120,-1,-1,1733238031747900672,133096180
1121,37208064,134063090,-1,-1
1122,-1,-1,1733238031772529664,124629019
1123,33892608,123232777,-1,-1
1124,-1,-1,1733238031794919168,222389179
1125,34716672,224417239,-1,-1
1126,-1,-1,1733238031893559296,148639874
1127,35826688,147498735,-1,-1
1128,-1,-1,1733238031920174336,176615086
1129,32860160,174536330,-1,-1
1130,-1,-1,1733238031961596672,141422251
1131,33330176,141601264,-1,-1
1132,-1,-1,1733238032000239104,138642326
1133,32871936,138661037,-1,-1
1134,-1,-1,1733238031983658240,33418624
1135,39944448,44948619,-1,-1
1136,-1,-1,1733238032057725696,124067559
1137,32847872,113664071,-1,-1
1138,-1,-1,1733238032092440576,134714767
1139,41794304,141673679,-1,-1
1140,-1,-1,1733238032136064768,193623535
1141,30834176,183616225,-1,-1
1142,-1,-1,1733238032145714688,109649840
1143,19434752,111545396,-1,-1
1144,-1,-1,1733238032184086784,38371888
1145,32898304,37937509,-1,-1
1146,-1,-1,1733238032204100608,120013572
1147,34325760,120554489,-1,-1
1148,-1,-1,1733238032179227136,25126803
1149,24201728,28275728,-1,-1
1150,-1,-1,1733238032227716096,148488527
1151,23870208,148310927,-1,-1
1152,-1,-1,1733238032241568000,63851882
1153,36914944,68893473,-1,-1
1154,-1,-1,1733238032289534720,97966570
1155,32838144,89656319,-1,-1
1156,-1,-1,1733238032329630208,40095290
1157,37734656,42886391,-1,-1
1158,-1,-1,1733238032343007232,113376731
1159,33615872,112551117,-1,-1
1160,-1,-1,1733238032374522112,131514749
1161,34750208,132709146,-1,-1
1162,-1,-1,1733238032361860352,87338243
1163,15018752,83983785,-1,-1
1164,-1,-1,1733238032398596352,36735851
1165,32110592,37514117,-1,-1
1166,-1,-1,1733238032418981376,120384805
1167,32864000,120006755,-1,-1
1168,-1,-1,1733238032404863488,35881768
1169,31022080,36034247,-1,-1
1170,-1,-1,1733238032484540672,129677088
1171,32862976,129444734,-1,-1
1172,-1,-1,1733238032484842240,50301482
1173,33864704,50870851,-1,-1
1174,-1,-1,1733238032523156992,138314471
1175,30880768,137644074,-1,-1
1176,-1,-1,1733238032497491712,24334627
1177,16496128,23997656,-1,-1
1178,-1,-1,1733238032580508416,183016791
1179,32729600,183366955,-1,-1
1180,-1,-1,1733238032611044864,130536290
1181,33749248,130689223,-1,-1
1182,-1,-1,1733238032594092288,133047326
1183,41064960,144887354,-1,-1
1184,-1,-1,1733238032663496704,169403991
1185,24123648,157297551,-1,-1
1186,-1,-1,1733238032727044608,113547602
1187,33010432,113903629,-1,-1
1188,-1,-1,1733238032767491584,190446810
1189,37423616,190440841,-1,-1
1190,-1,-1,1733238032809142784,91651148
1191,33902336,93803079,-1,-1
1192,-1,-1,1733238032844998912,135855927
1193,44458752,146178184,-1,-1
1194,-1,-1,1733238032864327680,219328597
1195,26999552,209933780,-1,-1
1196,-1,-1,1733238032931590912,117262973
1197,30963456,113719158,-1,-1
1198,-1,-1,1733238032915135488,33544491
1199,32561408,37453877,-1,-1
1200,-1,-1,1733238032983757568,118621757
1201,31923968,115103190,-1,-1
1202,-1,-1,1733238032952913152,19155608
1203,17434368,22514018,-1,-1
1204,-1,-1,1733238033041486080,138572545
1205,39063808,139378119,-1,-1
1206,-1,-1,1733238033102674688,311188836
1207,30901248,307083556,-1,-1
1208,-1,-1,1733238033105546240,52871020
1209,19201536,52732091,-1,-1
1210,-1,-1,1733238033159468032,103921932
1211,32651008,105658606,-1,-1
1212,-1,-1,1733238033178940928,169472642
1213,19067392,167948338,-1,-1
1214,-1,-1,1733238033216419840,37478768
1215,32958208,37833693,-1,-1
1216,-1,-1,1733238033247468032,131047996
1217,33484032,131172832,-1,-1
1218,-1,-1,1733238033227767808,30299734
1219,25298688,32239305,-1,-1
1220,-1,-1,1733238033336230144,158462075
1221,36136960,158907594,-1,-1
1222,-1,-1,1733238033362682880,176452602
1223,33944064,174411439,-1,-1
1224,-1,-1,1733238033426045440,213362210
1225,31051008,212464180,-1,-1
1226,-1,-1,1733238033471392768,95347337
1227,33903616,95732544,-1,-1
1228,-1,-1,1733238033508152320,136759328
1229,31196416,135912590,-1,-1
1230,-1,-1,1733238033524529664,116377238
1231,16512768,116556073,-1,-1
1232,-1,-1,1733238033561318912,36789231
1233,34192896,40073290,-1,-1
1234,-1,-1,1733238033587834112,176514606
1235,28982784,176291912,-1,-1
1236,-1,-1,1733238033598496000,60662030
1237,25965568,61864049,-1,-1
1238,-1,-1,1733238033660537856,112041484
1239,35692032,107585358,-1,-1
1240,-1,-1,1733238033648169216,37631569
1241,35997952,41114616,-1,-1
1242,-1,-1,1733238033695939584,147770293
1243,33765376,144683356,-1,-1
1244,-1,-1,1733238033718625792,72685663
1245,42289920,75600997,-1,-1
1246,-1,-1,1733238033762494976,93869082
1247,33078528,90980351,-1,-1
1248,-1,-1,1733238033753300736,40805845
1249,38837504,43764509,-1,-1
1250,-1,-1,1733238033764172032,60870898
1251,28861952,61282000,-1,-1
1252,-1,-1,1733238033839859968,125688011
1253,32637184,122316383,-1,-1
1254,-1,-1,1733238033852812800,62952366
1255,32967936,62898925,-1,-1
1256,-1,-1,1733238033839616512,36803695
1257,43842048,48917163,-1,-1
1258,-1,-1,1733238033911431424,121814756
1259,31189760,110045738,-1,-1
1260,-1,-1,1733238033956545792,195114251
1261,34471936,194220561,-1,-1
1262,-1,-1,1733238033944976640,38430848
1263,34148096,39127367,-1,-1
1264,-1,-1,1733238034007672320,112695533
1265,33344768,114439118,-1,-1
1266,-1,-1,1733238034008345344,50672706
1267,30758912,48658103,-1,-1
1268,-1,-1,1733238034044509184,36163712
1269,31042560,36278466,-1,-1
1270,-1,-1,1733238034057032448,112523194
1271,30898944,112478585,-1,-1
1272,-1,-1,1733238034044862208,37829628
1273,44902912,50018321,-1,-1
1274,-1,-1,1733238034092616448,97753708
1275,32734464,85587907,-1,-1
1276,-1,-1,1733238034130504704,37888274
1277,46052096,51188591,-1,-1
1278,-1,-1,1733238034162335232,131830395
1279,32816640,120390695,-1,-1
1280,-1,-1,1733238034192827136,130491654
1281,32948992,130739064,-1,-1
1282,-1,-1,1733238034208490752,115663542
1283,32757504,113552250,-1,-1
1284,-1,-1,1733238034245077248,36586342
1285,32763648,37895730,-1,-1
1286,-1,-1,1733238034270503168,125425847
1287,30915072,123763403,-1,-1
1288,-1,-1,1733238034304103936,133600590
1289,32795904,135504166,-1,-1
1290,-1,-1,1733238034336357632,132253320
1291,32143104,128968856,-1,-1
1292,-1,-1,1733238034378429696,142071917
1293,33661440,146151636,-1,-1
1294,-1,-1,1733238034412482560,134052857
1295,32700928,132524903,-1,-1
1296,-1,-1,1733238034443968768,181486089
1297,29615104,180556657,-1,-1
1298,-1,-1,1733238034443251712,49282485
1299,17091840,49209176,-1,-1
1300,-1,-1,1733238034497405184,104153343
1301,33777408,103450861,-1,-1
1302,-1,-1,1733238034470398464,22992984
1303,24672256,29980176,-1,-1
1304,-1,-1,1733238034522198528,101800073
1305,19426816,95798290,-1,-1
1306,-1,-1,1733238034564048128,91849210
1307,31220736,92030371,-1,-1
1308,-1,-1,1733238034549799168,35751188
1309,42903808,47572060,-1,-1
1310,-1,-1,1733238034616474112,116674846
1311,32648448,106335820,-1,-1
1312,-1,-1,1733238034618363392,51888874
1313,37440256,50166076,-1,-1
1314,-1,-1,1733238034672189440,153826008
1315,34333440,153411507,-1,-1
1316,-1,-1,1733238034640835072,18645154
1317,17037568,22074637,-1,-1
1318,-1,-1,1733238034706369792,115534935
1319,33406464,112109758,-1,-1
1320,-1,-1,1733238034677346048,20975742
1321,19258880,24734705,-1,-1
1322,-1,-1,1733238034742098688,114752820
1323,30864384,111351809,-1,-1
1324,-1,-1,1733238034741783552,99684651
1325,19222784,99617957,-1,-1
1326,-1,-1,1733238034779148032,37364314
1327,32722944,37910400,-1,-1
1328,-1,-1,1733238034776313600,97165471
1329,19255808,96737428,-1,-1
1330,-1,-1,1733238034812382464,36068447
1331,31085568,36191212,-1,-1
1332,-1,-1,1733238034831920640,119537935
1333,31855360,118522121,-1,-1
1334,-1,-1,1733238034813976576,32055771
1335,31144704,36161766,-1,-1
1336,-1,-1,1733238034860736000,146759217
1337,31991296,146479156,-1,-1
1338,-1,-1,1733238034886453248,75717299
1339,44624128,76516427,-1,-1
1340,-1,-1,1733238034949519872,113385222
1341,32208384,110193159,-1,-1
1342,-1,-1,1733238034961670656,111831363
1343,30897920,111317461,-1,-1
1344,-1,-1,1733238034956606208,44935558
1345,42857216,47832616,-1,-1
1346,-1,-1,1733238035020120064,113513652
1347,34848512,112725835,-1,-1
1348,-1,-1,1733238035052306176,132185749
1349,34871296,132664233,-1,-1
1350,-1,-1,1733238035079496192,127189717
1351,32302848,126037553,-1,-1
1352,-1,-1,1733238035115082496,135586436
1353,31331072,134655929,-1,-1
1354,-1,-1,1733238035152276992,137194240
1355,33680640,139107865,-1,-1
1356,-1,-1,1733238035182554368,130277194
1357,32527616,128455681,-1,-1
1358,-1,-1,1733238035223435776,140881201
1359,33929216,139027722,-1,-1
1360,-1,-1,1733238035254914560,131478538
1361,34011392,133714027,-1,-1
1362,-1,-1,1733238035282300160,127385532
1363,30798080,125519685,-1,-1
1364,-1,-1,1733238035317094656,134794450
1365,31462656,136301083,-1,-1
1366,-1,-1,1733238035323719424,106624692
1367,30786304,105943780,-1,-1
1368,-1,-1,1733238035362489344,38769515
1369,43921920,49010648,-1,-1
1370,-1,-1,1733238035387124736,124635336
1371,35871488,118686228,-1,-1
1372,-1,-1,1733238035417370880,130245922
1373,33286912,128048138,-1,-1
1374,-1,-1,1733238035452261120,134890040
1375,34619136,132949360,-1,-1
1376,-1,-1,1733238035509165568,156904504
1377,32311040,156701050,-1,-1
1378,-1,-1,1733238035529504256,170338387
1379,29918720,173469982,-1,-1
1380,-1,-1,1733238035537352448,57848193
1381,26411520,58388912,-1,-1
1382,-1,-1,1733238035600872704,163519394
1383,32803328,159873313,-1,-1
1384,-1,-1,1733238035592776704,41904068
1385,43849472,48959740,-1,-1
1386,-1,-1,1733238035635427072,92650035
1387,33513472,85877693,-1,-1
1388,-1,-1,1733238035628442112,43015217
1389,44944896,49810077,-1,-1
1390,-1,-1,1733238035699086336,120643680
1391,33553152,114216653,-1,-1
1392,-1,-1,1733238035709668864,110582238
1393,30760960,109835311,-1,-1
1394,-1,-1,1733238035704989696,45320749
1395,43082752,48201496,-1,-1
1396,-1,-1,1733238035743618560,38628732
1397,32627200,37423867,-1,-1
1398,-1,-1,1733238035777121024,83502225
1399,35154432,84385040,-1,-1
1400,-1,-1,1733238035814547712,137426571
1401,31671808,135018621,-1,-1
1402,-1,-1,1733238035848071680,133523760
1403,33113600,135066008,-1,-1
1404,-1,-1,1733238035877065984,128994331
1405,31516672,128109930,-1,-1
1406,-1,-1,1733238035884691968,107625506
1407,32757504,106862991,-1,-1
1408,-1,-1,1733238035923472128,38779882
1409,45730816,50765535,-1,-1
1410,-1,-1,1733238035945098752,121626524
1411,31896320,108789129,-1,-1
1412,-1,-1,1733238035971373056,126274227
1413,32818688,128550001,-1,-1
1414,-1,-1,1733238036009204992,137831896
1415,34777600,139465293,-1,-1
1416,-1,-1,1733238036040801024,131595706
1417,33886464,129758612,-1,-1
1418,-1,-1,1733238036069511936,128710755
1419,32080896,128772521,-1,-1
1420,-1,-1,1733238036102046976,132534888
1421,34193152,133744454,-1,-1
1422,-1,-1,1733238036136339200,134292102
1423,32973824,133418883,-1,-1
1424,-1,-1,1733238036164486400,128146592
1425,32826880,127456554,-1,-1
1426,-1,-1,1733238036194853376,130366855
1427,32813312,129646549,-1,-1
1428,-1,-1,1733238036226863616,132010066
1429,30724864,131505795,-1,-1
1430,-1,-1,1733238036253045760,176182161
1431,19383552,176536551,-1,-1
1432,-1,-1,1733238036288893696,35847823
1433,31267840,36503767,-1,-1
1434,-1,-1,1733238036319557376,130663684
1435,36792320,129012726,-1,-1
1436,-1,-1,1733238036292517888,22960029
1437,16861952,23968086,-1,-1
1438,-1,-1,1733238036314260736,121742699
1439,25238784,122124469,-1,-1
1440,-1,-1,1733238036368033536,153772745
1441,31513088,153841029,-1,-1
1442,-1,-1,1733238036346497280,28463688
1443,35904256,40174407,-1,-1
1444,-1,-1,1733238036422432768,125934928
1445,33494528,113332531,-1,-1
1446,-1,-1,1733238036429769728,207336900
1447,32413696,207313183,-1,-1
1448,-1,-1,1733238036491782912,62013052
1449,33337856,64916397,-1,-1
1450,-1,-1,1733238036493389056,101605814
1451,17290496,99104373,-1,-1
1452,-1,-1,1733238036506989056,113599862
1453,25162496,116999730,-1,-1
1454,-1,-1,1733238036522739200,65750101
1455,42763008,74569624,-1,-1
1456,-1,-1,1733238036604589312,131850080
1457,43565824,122586960,-1,-1
1458,-1,-1,1733238036625871360,121281782
1459,41952256,125838081,-1,-1
1460,-1,-1,1733238036647585024,121713511
1461,32698368,115506047,-1,-1
1462,-1,-1,1733238036674806528,127221359
1463,32684544,127598808,-1,-1
1464,-1,-1,1733238036679983104,155176624
1465,19270400,153575066,-1,-1
1466,-1,-1,1733238036718905344,38921966
1467,32985088,38140748,-1,-1
1468,-1,-1,1733238036747923456,129018043
1469,39293696,129399357,-1,-1
1470,-1,-1,1733238036728589824,80665924
1471,50698752,97838354,-1,-1
1472,-1,-1,1733238036784331008,105741126
1473,30855680,88718914,-1,-1
1474,-1,-1,1733238036770861312,36530317
1475,43748096,48771369,-1,-1
1476,-1,-1,1733238036848303616,127442202
1477,43879680,125758039,-1,-1
1478,-1,-1,1733238036875093760,176789840
1479,33136384,167742349,-1,-1
1480,-1,-1,1733238036867979776,42886081
1481,33270528,41998489,-1,-1
1482,-1,-1,1733238036870700544,102720654
1483,36731392,106255430,-1,-1
1484,-1,-1,1733238036925070080,154369305
1485,33299712,150534368,-1,-1
1486,-1,-1,1733238036966492672,41422284
1487,35546880,41106696,-1,-1
1488,-1,-1,1733238037003793664,137300885
1489,45660928,150318006,-1,-1
1490,-1,-1,1733238036996093952,142300112
1491,20052224,130318781,-1,-1
1492,-1,-1,1733238037034437632,38343373
1493,37008128,41341276,-1,-1
1494,-1,-1,1733238037046715392,112277943
1495,33484800,109217908,-1,-1
1496,-1,-1,1733238037039218944,142503144
1497,28496896,144948058,-1,-1
1498,-1,-1,1733238037096432896,107214167
1499,34840576,104647080,-1,-1
1500,-1,-1,1733238037070017792,23584178
1501,16392448,22943885,-1,-1
1502,-1,-1,1733238037088800000,118782205
1503,25817344,121598587,-1,-1
1504,-1,-1,1733238037156302080,117502096
1505,33068288,114928945,-1,-1
1506,-1,-1,1733238037129514240,23211805
1507,15999488,22852813,-1,-1
1508,-1,-1,1733238037191707648,162193195
1509,30831872,162433783,-1,-1
1510,-1,-1,1733238037174223360,32515332
1511,26774784,32140149,-1,-1
1512,-1,-1,1733238037254321408,130098062
1513,44687104,133318854,-1,-1
1514,-1,-1,1733238037240063232,135741567
1515,21537024,132904040,-1,-1
1516,-1,-1,1733238037229852416,39789208
1517,34824448,39639373,-1,-1
1518,-1,-1,1733238037247556352,67703695
1519,38658560,70674934,-1,-1
1520,-1,-1,1733238037307376384,109819860
1521,44775424,117731953,-1,-1
1522,-1,-1,1733238037308840192,51463608
1523,32292864,40893625,-1,-1
1524,-1,-1,1733238037302331136,143491115
1525,25577984,142572475,-1,-1
1526,-1,-1,1733238037352741376,150409867
1527,30864896,150646538,-1,-1
1528,-1,-1,1733238037349220096,46478336
1529,44491776,49677782,-1,-1
1530,-1,-1,1733238037417338368,118118354
1531,44012288,122956697,-1,-1
1532,-1,-1,1733238037397633280,130294532
1533,40851200,130693850,-1,-1
1534,-1,-1,1733238037469110272,121477039
1535,32704000,113220354,-1,-1
1536,-1,-1,1733238037503560704,134450056
1537,34045184,136854811,-1,-1
1538,-1,-1,1733238037526983936,173423071
1539,32010752,171442901,-1,-1
1540,-1,-1,1733238037542854656,115870614
1541,34901504,115521709,-1,-1
1542,-1,-1,1733238037558661376,115806702
1543,36697344,116562838,-1,-1
1544,-1,-1,1733238037588670976,80009164
1545,32976128,79021795,-1,-1
1546,-1,-1,1733238037594686976,106015970
1547,33079296,106711800,-1,-1
1548,-1,-1,1733238037632835840,38148707
1549,33054720,37856878,-1,-1
1550,-1,-1,1733238037648888320,116052441
1551,31182080,115877325,-1,-1
1552,-1,-1,1733238037702001920,153113236
1553,44813568,156255324,-1,-1
1554,-1,-1,1733238037718541568,116539673
1555,41871872,120685124,-1,-1
1556,-1,-1,1733238037739265280,120723319
1557,33972480,113841024,-1,-1
1558,-1,-1,1733238037764968192,175702967
1559,34566400,175465154,-1,-1
1560,-1,-1,1733238037739612928,24644388
1561,20744448,26582492,-1,-1
1562,-1,-1,1733238037791604480,151992288
1563,34037760,150958405,-1,-1
1564,-1,-1,1733238037775065344,33459707
1565,39881472,44659967,-1,-1
1566,-1,-1,1733238037843918080,118852727
1567,35328000,109181481,-1,-1
1568,-1,-1,1733238037873003008,129084863
1569,30977024,125270695,-1,-1
1570,-1,-1,1733238037903161856,130158686
1571,32589312,133498139,-1,-1
1572,-1,-1,1733238037901435392,148273497
1573,18037504,145298679,-1,-1
1574,-1,-1,1733238037939500800,38064959
1575,37714176,42809020,-1,-1
1576,-1,-1,1733238037941569280,102068615
1577,35017984,99064280,-1,-1
1578,-1,-1,1733238037915066368,23496825
1579,15890432,22767563,-1,-1
1580,-1,-1,1733238037987565312,172498984
1581,44729344,180316679,-1,-1
1582,-1,-1,1733238037995770368,208204667
1583,27228160,200747678,-1,-1
1584,-1,-1,1733238038047448064,101677305
1585,34583040,101476208,-1,-1
1586,-1,-1,1733238038019501568,22053684
1587,20127232,24913154,-1,-1
1588,-1,-1,1733238038078077184,108575031
1589,32617728,107234241,-1,-1
1590,-1,-1,1733238038101294848,123217436
1591,34217472,120222686,-1,-1
1592,-1,-1,1733238038091477504,40182786
1593,33359872,42045481,-1,-1
1594,-1,-1,1733238038116021248,124543645
1595,31763200,124086126,-1,-1
1596,-1,-1,1733238038157451264,41429385
1597,48865792,53896245,-1,-1
1598,-1,-1,1733238038174970624,117519509
1599,44871424,116630201,-1,-1
1600,-1,-1,1733238038157315840,132344913
1601,41844480,120557253,-1,-1
1602,-1,-1,1733238038205747968,148431963
1603,21792768,148458112,-1,-1
1604,-1,-1,1733238038207626240,51878371
1605,18788864,50911044,-1,-1
1606,-1,-1,1733238038250807296,143180559
1607,34549504,147254596,-1,-1
1608,-1,-1,1733238038277205760,76398230
1609,33232640,73537531,-1,-1
1610,-1,-1,1733238038295864064,118658116
1611,31197440,118595905,-1,-1
1612,-1,-1,1733238038270331136,24467128
1613,16355328,23546244,-1,-1
1614,-1,-1,1733238038316188416,95857002
1615,33489920,97375391,-1,-1
1616,-1,-1,1733238038295147008,28958462
1617,22890496,28300970,-1,-1
1618,-1,-1,1733238038334862336,139715420
1619,16281088,139571755,-1,-1
1620,-1,-1,1733238038373336064,138472959
1621,31222016,139127353,-1,-1
1622,-1,-1,1733238038404852480,131516372
1623,30590464,130845723,-1,-1
1624,-1,-1,1733238038434446592,129594110
1625,30873088,129776331,-1,-1
1626,-1,-1,1733238038416538368,32091362
1627,38918912,43918536,-1,-1
1628,-1,-1,1733238038445109504,128571065
1629,44759552,120616476,-1,-1
1630,-1,-1,1733238038522571776,177462207
1631,38287360,174511778,-1,-1
1632,-1,-1,1733238038523162880,100590888
1633,19727616,100054930,-1,-1
1634,-1,-1,1733238038571078656,147915608
1635,33448704,148325895,-1,-1
1636,-1,-1,1733238038544788224,23709576
1637,16193024,22871715,-1,-1
1638,-1,-1,1733238038594324480,149535826
1639,30919680,149592867,-1,-1
1640,-1,-1,1733238038576471296,32146593
1641,39020800,44001626,-1,-1
1642,-1,-1,1733238038626853376,100382249
1643,30771712,88360692,-1,-1
1644,-1,-1,1733238038613892864,37039240
1645,43741952,48984636,-1,-1
1646,-1,-1,1733238038682903552,119010534
1647,45782016,120770883,-1,-1
1648,-1,-1,1733238038675955456,143051656
1649,18729216,128472700,-1,-1
1650,-1,-1,1733238038711507456,35551875
1651,32912640,38031520,-1,-1
1652,-1,-1,1733238038718822400,157314726
1653,34860800,159677237,-1,-1
1654,-1,-1,1733238038707801088,38978402
1655,31936512,37747801,-1,-1
1656,-1,-1,1733238038769531904,111730869
1657,45003776,120786934,-1,-1
1658,-1,-1,1733238038791545856,172013634
1659,32845824,160330480,-1,-1
1660,-1,-1,1733238038789277696,147731776
1661,38610688,150440575,-1,-1
1662,-1,-1,1733238038800894464,61616812
1663,38510336,71231823,-1,-1
1664,-1,-1,1733238038875276288,124381585
1665,32703744,111313046,-1,-1
1666,-1,-1,1733238038897654272,172377729
1667,34744320,173415215,-1,-1
1668,-1,-1,1733238038889868544,42214068
1669,31788800,40914136,-1,-1
1670,-1,-1,1733238038954430208,164561462
1671,42750720,176597216,-1,-1
1672,-1,-1,1733238038969043200,214612980
1673,30873344,203384434,-1,-1
1674,-1,-1,1733238038958716416,39672795
1675,37831936,42814939,-1,-1
1676,-1,-1,1733238039021970944,113254710
1677,36449536,113353037,-1,-1
1678,-1,-1,1733238039051950336,129979101
1679,32115456,127294484,-1,-1
1680,-1,-1,1733238039058579968,106629515
1681,31110656,106618368,-1,-1
1682,-1,-1,1733238039066514944,57934831
1683,19482880,57628877,-1,-1
1684,-1,-1,1733238039102646272,36130924
1685,31367168,36381908,-1,-1
1686,-1,-1,1733238039120154368,167508234
1687,33582848,168202190,-1,-1
1688,-1,-1,1733238039108807424,38653003
1689,34358528,40666985,-1,-1
1690,-1,-1,1733238039113716992,54909199
1691,19884800,51896672,-1,-1
1692,-1,-1,1733238039170644736,106927740
1693,34736128,107091837,-1,-1
1694,-1,-1,1733238039145381120,24736180
1695,20151040,24806968,-1,-1
1696,-1,-1,1733238039199257600,103876340
1697,34853376,102446027,-1,-1
1698,-1,-1,1733238039172075776,22817758
1699,18488064,24495326,-1,-1
1700,-1,-1,1733238039229029120,106953289
1701,33219072,107510351,-1,-1
1702,-1,-1,1733238039204836608,25807419
1703,19015936,24647163,-1,-1
1704,-1,-1,1733238039269270272,114433459
1705,31394816,113638048,-1,-1
1706,-1,-1,1733238039242396672,23126084
1707,20273152,25240486,-1,-1
1708,-1,-1,1733238039298101760,105705216
1709,35912448,107516695,-1,-1
1710,-1,-1,1733238039278802688,30700732
1711,21933312,26900519,-1,-1
1712,-1,-1,1733238039330132736,101330033
1713,34222080,101036456,-1,-1
1714,-1,-1,1733238039301490944,21357858
1715,17856512,22505369,-1,-1
1716,-1,-1,1733238039360335104,158843928
1717,31361024,159128320,-1,-1
1718,-1,-1,1733238039351325952,40991068
1719,36826624,42464261,-1,-1
1720,-1,-1,1733238039406775808,105449236
1721,30884096,103547257,-1,-1
1722,-1,-1,1733238039433615616,76839800
1723,34046464,78038228,-1,-1
1724,-1,-1,1733238039413847296,30231608
1725,24648448,29487842,-1,-1
1726,-1,-1,1733238039475049472,111201962
1727,35876864,110838646,-1,-1
1728,-1,-1,1733238039466866944,41817327
1729,32726016,41750039,-1,-1
1730,-1,-1,1733238039495725824,128858762
1731,35993088,129012859,-1,-1
1732,-1,-1,1733238039533006336,87280459
1733,19780864,86424417,-1,-1
1734,-1,-1,1733238039561414656,78407877
1735,33478912,79540597,-1,-1
1736,-1,-1,1733238039552305664,40891176
1737,38825216,43297881,-1,-1
1738,-1,-1,1733238039561550336,109244402
1739,44781056,118648211,-1,-1
1740,-1,-1,1733238039609390848,97840103
1741,34209792,86040257,-1,-1
1742,-1,-1,1733238039586448640,27058028
1743,32763648,38558847,-1,-1
1744,-1,-1,1733238039657742848,121293796
1745,32934400,107765637,-1,-1
1746,-1,-1,1733238039672430080,164687225
1747,34016512,166593157,-1,-1
1748,-1,-1,1733238039647305472,24875031
1749,19973120,24824786,-1,-1
1750,-1,-1,1733238039696241408,98936029
1751,32927232,98742667,-1,-1
1752,-1,-1,1733238039678871296,32629443
1753,25901056,32474801,-1,-1
1754,-1,-1,1733238039731870720,102999714
1755,34849280,105130311,-1,-1
1756,-1,-1,1733238039713689088,31817616
1757,26105088,29029204,-1,-1
1758,-1,-1,1733238039767717632,104028306
1759,34604032,103401009,-1,-1
1760,-1,-1,1733238039742443776,24725657
1761,20790272,25905502,-1,-1
1762,-1,-1,1733238039787081472,94637741
1763,33921792,94887408,-1,-1
1764,-1,-1,1733238039781097728,44016118
1765,35417600,45462563,-1,-1
1766,-1,-1,1733238039827626240,146528229
1767,35674368,146914743,-1,-1
1768,-1,-1,1733238039802269184,124642945
1769,43726848,134699694,-1,-1
1770,-1,-1,1733238039872784896,120515504
1771,45903360,120787456,-1,-1
1772,-1,-1,1733238039866450432,143665361
1773,20863488,131525098,-1,-1
1774,-1,-1,1733238039856626176,40175474
1775,35287808,40358448,-1,-1
1776,-1,-1,1733238039906774272,100148178
1777,38148864,100627004,-1,-1
1778,-1,-1,1733238039886104832,29330218
1779,22868224,28577193,-1,-1
1780,-1,-1,1733238039936771584,100666705
1781,30854656,100721727,-1,-1
1782,-1,-1,1733238039908950016,22178283
1783,17138432,22163629,-1,-1
1784,-1,-1,1733238039922587648,63637492
1785,42264320,75502882,-1,-1
1786,-1,-1,1733238039988454912,115866965
1787,34944256,107783424,-1,-1
1788,-1,-1,1733238039994000896,55546159
1789,33782016,52220630,-1,-1
1790,-1,-1,1733238040024244224,180242876
1791,33108480,178831451,-1,-1
1792,-1,-1,1733238040064084992,89840817
1793,34385664,90886942,-1,-1
1794,-1,-1,1733238040075980800,211895538
1795,39752448,214369717,-1,-1
1796,-1,-1,1733238040093472768,117491662
1797,38671872,118059695,-1,-1
1798,-1,-1,1733238040132889344,89416312
1799,30979328,86413772,-1,-1
1800,-1,-1,1733238040126758144,43868880
1801,44831232,49735675,-1,-1
1802,-1,-1,1733238040170381568,93622990
1803,31922688,86823163,-1,-1
1804,-1,-1,1733238040160473856,40092659
1805,38349824,43812150,-1,-1
1806,-1,-1,1733238040221089024,110614551
1807,41829888,115725016,-1,-1
1808,-1,-1,1733238040242608640,171519274
1809,31404032,164067868,-1,-1
1810,-1,-1,1733238040222999296,30390465
1811,24325120,29314127,-1,-1
1812,-1,-1,1733238040280255744,107256478
1813,34959616,108367248,-1,-1
1814,-1,-1,1733238040273922816,43666789
1815,35638528,44047377,-1,-1
1816,-1,-1,1733238040318617344,144694161
1817,40865280,151728315,-1,-1
1818,-1,-1,1733238040340233216,121615814
1819,31685632,114562962,-1,-1
1820,-1,-1,1733238040356893696,116660181
1821,30846464,115888328,-1,-1
1822,-1,-1,1733238040349869312,42975850
1823,46888704,51828011,-1,-1
1824,-1,-1,1733238040400274944,150405395
1825,41183488,143422549,-1,-1
1826,-1,-1,1733238040422131968,121856784
1827,31728384,120142892,-1,-1
1828,-1,-1,1733238040464183040,192050809
1829,41765888,199051123,-1,-1
1830,-1,-1,1733238040478075904,163892794
1831,31519232,157236116,-1,-1
1832,-1,-1,1733238040465744896,87668964
1833,18219008,85995785,-1,-1
1834,-1,-1,1733238040502652416,36907283
1835,36042752,41164795,-1,-1
1836,-1,-1,1733238040516655360,114002757
1837,35454976,111688405,-1,-1
1838,-1,-1,1733238040493376768,26721414
1839,18266368,25675801,-1,-1
1840,-1,-1,1733238040506972416,113595370
1841,17028864,115866761,-1,-1
1842,-1,-1,1733238040570741760,113769217
1843,30861824,111572177,-1,-1
1844,-1,-1,1733238040573341696,52599494
1845,35108096,52287730,-1,-1
1846,-1,-1,1733238040548597504,25255709
1847,33888256,38509317,-1,-1
1848,-1,-1,1733238040578269696,129671946
1849,35884288,124608628,-1,-1
1850,-1,-1,1733238040642295808,164026113
1851,31728384,156458605,-1,-1
1852,-1,-1,1733238040620743680,28447684
1853,22922752,28084999,-1,-1
1854,-1,-1,1733238040677541632,106797936
1855,34283264,107223496,-1,-1
1856,-1,-1,1733238040667277312,39735159
1857,34060800,41651703,-1,-1
1858,-1,-1,1733238040693370112,76092997
1859,33862912,76547845,-1,-1
1860,-1,-1,1733238040709562624,116191990
1861,33007616,113886921,-1,-1
1862,-1,-1,1733238040685964032,26401130
1863,22667008,28755580,-1,-1
1864,-1,-1,1733238040749660160,113696412
1865,33870848,110738229,-1,-1
1866,-1,-1,1733238040726444288,26783500
1867,20406528,26992100,-1,-1
1868,-1,-1,1733238040760626176,184182140
1869,30932992,183574780,-1,-1
1870,-1,-1,1733238040791774720,131148342
1871,32257024,139537745,-1,-1
1872,-1,-1,1733238040832396800,140621730
1873,19579648,132867286,-1,-1
1874,-1,-1,1733238040849158144,66761272
1875,33144832,66917299,-1,-1
1876,-1,-1,1733238040853905920,54747627
1877,19400192,54824924,-1,-1
1878,-1,-1,1733238040892092416,38186509
1879,35988224,40795660,-1,-1
1880,-1,-1,1733238040907771648,115678836
1881,34886400,113613268,-1,-1
1882,-1,-1,1733238040898521856,40750064
1883,32824576,39825072,-1,-1
1884,-1,-1,1733238040954090240,155568254
1885,32891904,157684278,-1,-1
1886,-1,-1,1733238040980017152,125926527
1887,34984192,125851512,-1,-1
1888,-1,-1,1733238040992255232,162238143
1889,35633408,161139551,-1,-1
1890,-1,-1,1733238040968703744,26448341
1891,19289344,25167211,-1,-1
1892,-1,-1,1733238041014959616,146255646
1893,32995584,146832742,-1,-1
1894,-1,-1,1733238040997916672,32957061
1895,39880704,44756217,-1,-1
1896,-1,-1,1733238041069538048,121620919
1897,35985664,109843193,-1,-1
1898,-1,-1,1733238041086123008,166584878
1899,35031552,167154815,-1,-1
1900,-1,-1,1733238041059076096,22953112
1901,16287232,22148236,-1,-1
1902,-1,-1,1733238041070847232,111770814
1903,24621568,114096203,-1,-1
1904,-1,-1,1733238041122237184,101389894
1905,35161600,100781269,-1,-1
1906,-1,-1,1733238041095455232,23217946
1907,21047808,24745485,-1,-1
1908,-1,-1,1733238041155199488,109744173
1909,31068160,106773229,-1,-1
1910,-1,-1,1733238041146958080,41758273
1911,32888320,41691721,-1,-1
1912,-1,-1,1733238041147836928,50878803
1913,18271744,49919036,-1,-1
1914,-1,-1,1733238041184901888,37064852
1915,32945408,37890002,-1,-1
1916,-1,-1,1733238041181443584,96541425
1917,18277632,95577256,-1,-1
1918,-1,-1,1733238041216769536,35325981
1919,32842752,38059265,-1,-1
1920,-1,-1,1733238041232404480,115634820
1921,34988288,117270003,-1,-1
1922,-1,-1,1733238041227727616,45322682
1923,33967616,42865969,-1,-1
1924,-1,-1,1733238041216553728,138826078
1925,42893056,151044168,-1,-1
1926,-1,-1,1733238041269540096,52986218
1927,35162368,40153468,-1,-1
1928,-1,-1,1733238041252200960,82660734
1929,19208704,81298320,-1,-1
1930,-1,-1,1733238041287645184,35444058
1931,32588544,37735677,-1,-1
1932,-1,-1,1733238041318737920,131092571
1933,34613248,131265149,-1,-1
1934,-1,-1,1733238041308682240,39944328
1935,31254272,39056270,-1,-1
1936,-1,-1,1733238041307407104,148724311
1937,45889792,160226689,-1,-1
1938,-1,-1,1733238041339953152,132546140
1939,19291904,120542718,-1,-1
1940,-1,-1,1733238041376152576,36199023
1941,32647680,37946261,-1,-1
1942,-1,-1,1733238041402684160,126531497
1943,31843072,124699613,-1,-1
1944,-1,-1,1733238041376488192,23804131
1945,14816000,22853231,-1,-1
1946,-1,-1,1733238041423119872,146631386
1947,30215424,147051208,-1,-1
1948,-1,-1,1733238041401446144,28326060
1949,24078080,28788870,-1,-1
1950,-1,-1,1733238041421414144,119967760
1951,34045440,120667913,-1,-1
1952,-1,-1,1733238041488660224,117246187
1953,33429760,118104974,-1,-1
1954,-1,-1,1733238041465632000,126971503
1955,28001536,125202538,-1,-1
1956,-1,-1,1733238041521845248,156213104
1957,37342720,156468206,-1,-1
1958,-1,-1,1733238041529210624,57365242
1959,33018624,59026885,-1,-1
1960,-1,-1,1733238041545715712,116505010
1961,30852096,114469280,-1,-1
1962,-1,-1,1733238041593962496,148246534
1963,32992768,148751795,-1,-1
1964,-1,-1,1733238041595256832,51294174
1965,35319040,50705181,-1,-1
1966,-1,-1,1733238041609609728,114352697
1967,32790272,116714823,-1,-1
1968,-1,-1,1733238041623271936,113661954
1969,32862720,112698862,-1,-1
1970,-1,-1,1733238041648385024,125113058
1971,32039680,123941142,-1,-1
1972,-1,-1,1733238041622391040,24005819
1973,20959744,26791564,-1,-1
1974,-1,-1,1733238041676447744,104056560
1975,32406272,103174489,-1,-1
1976,-1,-1,1733238041648466176,22018295
1977,14989312,20473266,-1,-1
1978,-1,-1,1733238041693336320,94869795
1979,34660608,95032748,-1,-1
1980,-1,-1,1733238041712134912,118798653
1981,32871936,120336653,-1,-1
1982,-1,-1,1733238041704819456,42684488
1983,35991296,43021353,-1,-1
1984,-1,-1,1733238041743298304,138478452
1985,31924224,132665892,-1,-1
1986,-1,-1,1733238041711450112,18151458
1987,23976192,29920737,-1,-1
1988,-1,-1,1733238041735990528,124540316
1989,29800192,116523913,-1,-1
1990,-1,-1,1733238041785807360,49816884
1991,32789504,49802460,-1,-1
1992,-1,-1,1733238041809300224,123492727
1993,31842304,123776353,-1,-1
1994,-1,-1,1733238041783565824,24265397
1995,17438208,23856986,-1,-1
1996,-1,-1,1733238041832683264,99117253
1997,31749376,99733377,-1,-1
1998,-1,-1,1733238041808106240,25422877
1999,23800832,28011987,-1,-1
2000,-1,-1,1733238041865969664,107863375
2001,31047424,104867704,-1,-1
2002,-1,-1,1733238041838799872,22830063
2003,15387648,22734746,-1,-1
2004,-1,-1,1733238041871480064,132679942
2005,15992832,132719555,-1,-1
2006,-1,-1,1733238041909473280,37992920
2007,35760128,40737269,-1,-1
2008,-1,-1,1733238041907974400,148500830
2009,22923520,145807445,-1,-1
2010,-1,-1,1733238041945978624,38004280
2011,34101760,39037555,-1,-1
2012,-1,-1,1733238041924621056,78642228
2013,20995072,78624511,-1,-1
2014,-1,-1,1733238041912764160,38142950
2015,34389760,39913630,-1,-1
2016,-1,-1,1733238041968412160,105647650
2017,32179456,103026158,-1,-1
2018,-1,-1,1733238041942321920,23909911
2019,16284416,23613809,-1,-1
2020,-1,-1,1733238042003938048,161616048
2021,35481856,163369142,-1,-1
2022,-1,-1,1733238042019846656,65908189
2023,33900800,64297925,-1,-1
2024,-1,-1,1733238041999872512,30025945
2025,27433472,33346635,-1,-1
2026,-1,-1,1733238042058653952,108781165
2027,31513088,105349499,-1,-1
2028,-1,-1,1733238042050285824,41631463
2029,31741184,40592933,-1,-1
2030,-1,-1,1733238042061175040,110889121
2031,32884992,115896451,-1,-1
2032,-1,-1,1733238042109091584,97916279
2033,34921216,94786846,-1,-1
2034,-1,-1,1733238042084050944,24959370
2035,17479680,23944625,-1,-1
2036,-1,-1,1733238042100624384,116573195
2037,17780224,116669820,-1,-1
2038,-1,-1,1733238042158077952,157453484
2039,33450752,156786603,-1,-1
2040,-1,-1,1733238042179957760,71879520
2041,31715840,73494853,-1,-1
2042,-1,-1,1733238042164746240,134788403
2043,27898368,137816384,-1,-1
2044,-1,-1,1733238042222109184,107362703
2045,32987904,103871617,-1,-1
2046,-1,-1,1733238042200381952,28272808
2047,20368896,27806844,-1,-1
2048,-1,-1,1733238042216980992,116598802
2049,18554624,117562794,-1,-1
2050,-1,-1,1733238042276873728,109898675
2051,30848768,108817948,-1,-1
2052,-1,-1,1733238042250969856,24089833
2053,16915456,23870579,-1,-1
2054,-1,-1,1733238042267650816,116681110
2055,22985728,120895080,-1,-1
2056,-1,-1,1733238042289971968,122320508
2057,24785664,122485814,-1,-1
2058,-1,-1,1733238042345352704,105380485
2059,29903104,99800056,-1,-1
2060,-1,-1,1733238042337689344,42336405
2061,32831232,43873816,-1,-1
2062,-1,-1,1733238042339402752,101713517
2063,14741760,101653846,-1,-1
2064,-1,-1,1733238042345207296,105804247
2065,19305728,109134410,-1,-1
2066,-1,-1,1733238042408750080,113542593
2067,39123712,110695993,-1,-1
2068,-1,-1,1733238042441739008,132988879
2069,31900672,132386960,-1,-1
2070,-1,-1,1733238042419153664,77414211
2071,36575744,89784660,-1,-1
2072,-1,-1,1733238042447048192,127894199
2073,42393600,127712646,-1,-1
2074,-1,-1,1733238042495266048,48217565
2075,34512640,39496384,-1,-1
2076,-1,-1,1733238042485606656,90340290
2077,19323904,87273626,-1,-1
2078,-1,-1,1733238042470588672,34982246
2079,33099008,37954652,-1,-1
2080,-1,-1,1733238042531203072,110613884
2081,30684672,107455165,-1,-1
2082,-1,-1,1733238042508049408,26846275
2083,19971328,26827001,-1,-1
2084,-1,-1,1733238042529937664,121888311
2085,14941440,121825280,-1,-1
2086,-1,-1,1733238042565630720,35692930
2087,33426944,38432557,-1,-1
2088,-1,-1,1733238042613315072,147683972
2089,38875904,148121205,-1,-1
2090,-1,-1,1733238042636750848,173435706
2091,19544064,170825300,-1,-1
2092,-1,-1,1733238042674782208,38031280
2093,35947520,40579169,-1,-1
2094,-1,-1,1733238042691265536,116482931
2095,33733632,114521094,-1,-1
2096,-1,-1,1733238042709035008,117769420
2097,34128640,117023048,-1,-1
2098,-1,-1,1733238042701026560,41991477
2099,32858880,41616420,-1,-1
2100,-1,-1,1733238042722501376,121474624
2101,30776576,121550288,-1,-1
2102,-1,-1,1733238042763530240,41028690
2103,35396096,40987594,-1,-1
2104,-1,-1,1733238042786351360,122821120
2105,33928704,123645278,-1,-1
2106,-1,-1,1733238042806678016,120326395
2107,44916224,131623059,-1,-1
2108,-1,-1,1733238042830316800,173638720
2109,32781824,160727091,-1,-1
2110,-1,-1,1733238042804938752,24621687
2111,22951680,27793921,-1,-1
2112,-1,-1,1733238042864819456,109880264
2113,31782400,108575621,-1,-1
2114,-1,-1,1733238042874441728,109622337
2115,19312896,108667937,-1,-1
2116,-1,-1,1733238042912476672,38034798
2117,36164608,41226759,-1,-1
2118,-1,-1,1733238042924198400,111721613
2119,32709888,108278572,-1,-1
2120,-1,-1,1733238042917956608,143758124
2121,21654784,143720860,-1,-1
2122,-1,-1,1733238042975214848,107257820
2123,34011648,107833633,-1,-1
2124,-1,-1,1733238042949859328,24644569
2125,16250112,23780279,-1,-1
2126,-1,-1,1733238043013604864,263745279
2127,30894848,264261268,-1,-1
2128,-1,-1,1733238043045530112,81924903
2129,32545280,82939733,-1,-1
2130,-1,-1,1733238043066574080,121043824
2131,33872384,118372209,-1,-1
2132,-1,-1,1733238043040334592,23760622
2133,20091392,25118783,-1,-1
2134,-1,-1,1733238043095546624,105211904
2135,37687040,108313433,-1,-1
2136,-1,-1,1733238043088509440,42962474
2137,33840128,41034317,-1,-1
2138,-1,-1,1733238043090442240,101932730
2139,29868800,100789844,-1,-1
2140,-1,-1,1733238043140699136,150242090
2141,30748416,150527011,-1,-1
2142,-1,-1,1733238043183596544,42897327
2143,49413888,54999482,-1,-1
2144,-1,-1,1733238043203363328,119767562
2145,32858624,109699966,-1,-1
2146,-1,-1,1733238043226503168,123138534
2147,32869376,121624682,-1,-1
2148,-1,-1,1733238043235625728,109122648
2149,33470720,109237318,-1,-1
2150,-1,-1,1733238043232590336,46964096
2151,42414080,49365828,-1,-1
2152,-1,-1,1733238043272317952,89727813
2153,37597696,89913451,-1,-1
2154,-1,-1,1733238043249777664,27459475
2155,30902784,35641889,-1,-1
2156,-1,-1,1733238043316950528,117172599
2157,34536448,109380229,-1,-1
2158,-1,-1,1733238043360277760,193327088
2159,30853888,189805354,-1,-1
2160,-1,-1,1733238043393972736,133694789
2161,35451392,134233675,-1,-1
2162,-1,-1,1733238043385995520,42022528
2163,33357568,41774908,-1,-1
2164,-1,-1,1733238043405111808,69115948
2165,35444992,69833960,-1,-1
2166,-1,-1,1733238043404640512,49528865
2167,33380864,48821791,-1,-1
2168,-1,-1,1733238043382665216,28024222
2169,32368896,39517289,-1,-1
2170,-1,-1,1733238043409196544,126531329
2171,43571968,117522177,-1,-1
2172,-1,-1,1733238043456580352,97383867
2173,33837568,94781118,-1,-1
2174,-1,-1,1733238043463599104,107018552
2175,36950528,109861572,-1,-1
2176,-1,-1,1733238043531575040,67975665
2177,36821760,68748013,-1,-1
2178,-1,-1,1733238043513053952,131487702
2179,19301888,127485331,-1,-1
2180,-1,-1,1733238043552065024,39002106
2181,36912384,42101121,-1,-1
2182,-1,-1,1733238043555737088,103671901
2183,31575040,101277412,-1,-1
2184,-1,-1,1733238043549504256,43766867
2185,33328128,43557252,-1,-1
2186,-1,-1,1733238043574224384,124719773
2187,33870336,125370868,-1,-1
2188,-1,-1,1733238043552212480,27988002
2189,37768448,41777168,-1,-1
2190,-1,-1,1733238043610516224,158303724
2191,33778688,144018075,-1,-1
2192,-1,-1,1733238043603913728,43397173
2193,32728320,42313479,-1,-1
2194,-1,-1,1733238043663158016,159244459
2195,46922240,162803852,-1,-1
2196,-1,-1,1733238043671100160,157942128
2197,33802240,154254509,-1,-1
2198,-1,-1,1733238043639607296,18506798
2199,17059584,22139571,-1,-1
2200,-1,-1,1733238043683100160,143492550
2201,33127680,140751430,-1,-1
2202,-1,-1,1733238043665479168,32378955
2203,38879488,43569096,-1,-1
2204,-1,-1,1733238043726847744,161368571
2205,32175872,146930846,-1,-1
2206,-1,-1,1733238043701969408,25121279
2207,20886016,27570752,-1,-1
2208,-1,-1,1733238043748542720,96573188
2209,35189248,98047502,-1,-1
2210,-1,-1,1733238043737004288,38461236
2211,32825088,37514855,-1,-1
2212,-1,-1,1733238043775597824,138593436
2213,31480320,138687590,-1,-1
2214,-1,-1,1733238043765579264,39981552
2215,37727744,42733670,-1,-1
2216,-1,-1,1733238043815015936,149436403
2217,39776768,148154899,-1,-1
2218,-1,-1,1733238043849114112,84098218
2219,40897024,90357621,-1,-1
2220,-1,-1,1733238043876737280,127622884
2221,42744320,128605700,-1,-1
2222,-1,-1,1733238043907380992,130643439
2223,45543424,133580212,-1,-1
2224,-1,-1,1733238043897788416,140407337
2225,19632384,128926709,-1,-1
2226,-1,-1,1733238043935673344,37884671
2227,37327360,42233898,-1,-1
2228,-1,-1,1733238043936387840,150714353
2229,33164544,146414171,-1,-1
2230,-1,-1,1733238043921438720,35050871
2231,41714176,46434775,-1,-1
2232,-1,-1,1733238043991889408,120450373
2233,44885760,120790915,-1,-1
2234,-1,-1,1733238044010868992,168979656
2235,34032384,157634641,-1,-1
2236,-1,-1,1733238043981535232,20665898
2237,17988352,22968347,-1,-1
2238,-1,-1,1733238044041681664,110146402
2239,33914624,108657079,-1,-1
2240,-1,-1,1733238044032209152,40526832
2241,30984192,38975184,-1,-1
2242,-1,-1,1733238044050445824,68236778
2243,33964544,68720785,-1,-1
2244,-1,-1,1733238044024782080,24335770
2245,19094272,23981533,-1,-1
2246,-1,-1,1733238044072035072,97252939
2247,34799872,97461420,-1,-1
2248,-1,-1,1733238044047392000,25356705
2249,18423296,25161560,-1,-1
2250,-1,-1,1733238044091443712,144051724
2251,30833664,143515519,-1,-1
2252,-1,-1,1733238044076974848,35531055
2253,37934080,43909058,-1,-1
2254,-1,-1,1733238044145816320,118841137
2255,46024704,124795842,-1,-1
2256,-1,-1,1733238044142996736,147180342
2257,19626240,133702229,-1,-1
2258,-1,-1,1733238044181949184,38952183
2259,36892928,41619916,-1,-1
2260,-1,-1,1733238044203053568,121104578
2261,33105408,113835208,-1,-1
2262,-1,-1,1733238044173851392,20797353
2263,23540224,28332204,-1,-1
2264,-1,-1,1733238044212129536,88278331
2265,19317248,84031225,-1,-1
2266,-1,-1,1733238044249197568,37067671
2267,35797504,40954566,-1,-1
2268,-1,-1,1733238044259039488,109841849
2269,33178112,107999826,-1,-1
2270,-1,-1,1733238044276602624,117562942
2271,32147968,116725997,-1,-1
2272,-1,-1,1733238044293163776,166561067
2273,35331584,165250772,-1,-1
2274,-1,-1,1733238044264863488,21699572
2275,29906432,34902735,-1,-1
2276,-1,-1,1733238044320546048,105682123
2277,34264064,96961246,-1,-1
2278,-1,-1,1733238044344097024,73551122
2279,35870720,67479707,-1,-1
2280,-1,-1,1733238044313415424,19318104
2281,16671232,21926973,-1,-1
2282,-1,-1,1733238044359101696,95686144
2283,35878656,97704458,-1,-1
2284,-1,-1,1733238044334678016,25576142
2285,16028416,22851262,-1,-1
2286,-1,-1,1733238044359276544,124598247
2287,31356928,126249966,-1,-1
2288,-1,-1,1733238044419638272,160361374
2289,31232768,158991047,-1,-1
2290,-1,-1,1733238044399178496,29540226
2291,35481344,41980653,-1,-1
2292,-1,-1,1733238044469845248,120666553
2293,40665600,116656641,-1,-1
2294,-1,-1,1733238044465471232,145625910
2295,21442048,137540020,-1,-1
2296,-1,-1,1733238044454694656,39223069
2297,33347584,38993436,-1,-1
2298,-1,-1,1733238044497190656,92495975
2299,33784576,91510990,-1,-1
2300,-1,-1,1733238044472139520,24948682
2301,21048064,26137351,-1,-1
2302,-1,-1,1733238044530142720,108003284
2303,31885056,108707779,-1,-1
2304,-1,-1,1733238044539765248,159622305
2305,35681024,162463311,-1,-1
2306,-1,-1,1733238044523086848,33321376
2307,28894208,32945737,-1,-1
2308,-1,-1,1733238044587247872,114160640
2309,33747456,112460738,-1,-1
2310,-1,-1,1733238044560490752,123242841
2311,43763968,133744731,-1,-1
2312,-1,-1,1733238044616065536,105574375
2313,30992128,93864466,-1,-1
2314,-1,-1,1733238044607968512,41903065
2315,39940096,44818512,-1,-1
2316,-1,-1,1733238044658223360,150254744
2317,32871168,144438385,-1,-1
2318,-1,-1,1733238044634626560,26403115
2319,24058112,29073702,-1,-1
2320,-1,-1,1733238044700135680,115509022
2321,32425728,116105178,-1,-1
2322,-1,-1,1733238044691955968,41819967
2323,32927744,41355062,-1,-1
2324,-1,-1,1733238044746567680,154611422
2325,46774016,166468515,-1,-1
2326,-1,-1,1733238044758933504,212365974
2327,30749952,200506390,-1,-1
2328,-1,-1,1733238044795024128,36090213
2329,32798720,37797858,-1,-1
2330,-1,-1,1733238044823632384,128608135
2331,32661504,128618489,-1,-1
2332,-1,-1,1733238044847521792,123889581
2333,40903680,129844946,-1,-1
2334,-1,-1,1733238044864813312,167291043
2335,33797632,159369982,-1,-1
2336,-1,-1,1733238044838599936,23786299
2337,17050112,23901040,-1,-1
2338,-1,-1,1733238044904013824,165413655
2339,42786304,173589631,-1,-1
2340,-1,-1,1733238044923684864,169670997
2341,33917696,163623990,-1,-1
2342,-1,-1,1733238044941265152,117580112
2343,31940864,115642948,-1,-1
2344,-1,-1,1733238044965819648,124554591
2345,32815104,123688064,-1,-1
2346,-1,-1,1733238044942077184,26256920
2347,20955648,26959870,-1,-1
2348,-1,-1,1733238044986478848,144401612
2349,36295936,147961411,-1,-1
2350,-1,-1,1733238044966568704,30089778
2351,37964288,39550083,-1,-1
2352,-1,-1,1733238045039170048,122600988
2353,48884480,121666932,-1,-1
2354,-1,-1,1733238045058503168,219333081
2355,31965184,208464467,-1,-1
2356,-1,-1,1733238045033866240,25363177
2357,25041408,31991924,-1,-1
2358,-1,-1,1733238045055200000,121333462
2359,41730560,116413611,-1,-1
2360,-1,-1,1733238045093984256,38784140
2361,32269568,37379975,-1,-1
2362,-1,-1,1733238045111716864,117732513
2363,37610752,119635121,-1,-1
2364,-1,-1,1733238045147813376,86096050
2365,36665344,85257946,-1,-1
2366,-1,-1,1733238045132591104,134777649
2367,39718400,139757374,-1,-1
2368,-1,-1,1733238045153757440,121166227
2369,44340736,125696134,-1,-1
2370,-1,-1,1733238045213425664,159668144
2371,41441792,147984680,-1,-1
2372,-1,-1,1733238045235854080,122428129
2373,35100672,122483697,-1,-1
2374,-1,-1,1733238045231974144,196120028
2375,45378304,207290944,-1,-1
2376,-1,-1,1733238045246103040,114128480
2377,43686912,115644208,-1,-1
2378,-1,-1,1733238045307109632,161006834
2379,38377216,145591194,-1,-1
2380,-1,-1,1733238045342587392,85477178
2381,33172736,90048645,-1,-1
2382,-1,-1,1733238045376157184,133569733
2383,42861312,141307848,-1,-1
2384,-1,-1,1733238045388941568,212784682
2385,30726400,202343797,-1,-1
2386,-1,-1,1733238045376497664,37555650
2387,35793152,40837584,-1,-1
2388,-1,-1,1733238045389128960,112631127
2389,42754048,115716869,-1,-1
2390,-1,-1,1733238045399719936,110590977
2391,37929472,112801771,-1,-1
2392,-1,-1,1733238045473489152,123769299
2393,41258240,123561093,-1,-1
2394,-1,-1,1733238045468034048,194544486
2395,17953792,187592629,-1,-1
2396,-1,-1,1733238045478008320,59973975
2397,37687040,70591318,-1,-1
2398,-1,-1,1733238045547456512,119448137
2399,44869376,118807121,-1,-1
2400,-1,-1,1733238045550287104,52830367
2401,32985088,40975698,-1,-1
2402,-1,-1,1733238045530716672,130429476
2403,29759488,130532094,-1,-1
2404,-1,-1,1733238045596975872,116258973
2405,32349440,116706765,-1,-1
2406,-1,-1,1733238045569539840,22564004
2407,16278528,22835551,-1,-1
2408,-1,-1,1733238045618226688,98686603
2409,31784448,99717697,-1,-1
2410,-1,-1,1733238045612045824,93818970
2411,20428288,93054810,-1,-1
2412,-1,-1,1733238045598702592,36656702
2413,30086400,35885349,-1,-1
2414,-1,-1,1733238045650117632,101414635
2415,33111808,103755325,-1,-1
2416,-1,-1,1733238045643562240,43444718
2417,32744960,42391698,-1,-1
2418,-1,-1,1733238045656198912,112636549
2419,31853056,111965359,-1,-1
2420,-1,-1,1733238045652011008,45811678
2421,43757824,48757150,-1,-1
2422,-1,-1,1733238045699700992,97690116
2423,31596032,95014224,-1,-1
2424,-1,-1,1733238045677494272,27792963
2425,33955328,38730447,-1,-1
2426,-1,-1,1733238045708136448,130642130
2427,19300864,119474965,-1,-1
2428,-1,-1,1733238045697203968,39067255
2429,33898240,38985298,-1,-1
2430,-1,-1,1733238045738579456,141375555
2431,32987648,141555832,-1,-1
2432,-1,-1,1733238045721140224,32560425
2433,34860800,39746702,-1,-1
2434,-1,-1,1733238045738105856,116965512
2435,43881216,120791489,-1,-1
2436,-1,-1,1733238045785191680,47085499
2437,31879424,36841039,-1,-1
2438,-1,-1,1733238045786941440,51749946
2439,30817024,50837283,-1,-1
2440,-1,-1,1733238045823015168,86073326
2441,33183488,88090710,-1,-1
2442,-1,-1,1733238045815511040,42495877
2443,31336960,39551235,-1,-1
2444,-1,-1,1733238045856705280,141194185
2445,34934528,145711918,-1,-1
2446,-1,-1,1733238045839408640,32717537
2447,19480832,28805863,-1,-1
2448,-1,-1,1733238045857719296,68296147
2449,29900288,67794069,-1,-1
2450,-1,-1,1733238045892572160,84852507
2451,33356544,86182326,-1,-1
2452,-1,-1,1733238045884534784,41962406
2453,34177024,42716752,-1,-1
2454,-1,-1,1733238045891004416,156469528
2455,44644864,155193987,-1,-1
2456,-1,-1,1733238045904007168,113002530
2457,41746176,115741200,-1,-1
2458,-1,-1,1733238045912850688,108843438
2459,44788480,117801205,-1,-1
2460,-1,-1,1733238045961030400,48179866
2461,36064000,40995787,-1,-1
2462,-1,-1,1733238045946140160,85109186
2463,19086848,80575721,-1,-1
2464,-1,-1,1733238045984153088,38012783
2465,31747328,36866494,-1,-1
2466,-1,-1,1733238045974742016,90588782
2467,20122880,91082606,-1,-1
2468,-1,-1,1733238045961897216,37155261
2469,36014848,41012597,-1,-1
2470,-1,-1,1733238046010626816,98729235
2471,33689344,96211669,-1,-1
2472,-1,-1,1733238046000102656,39475791
2473,30573312,37317747,-1,-1
2474,-1,-1,1733238046056661504,106558747
2475,31821312,107431845,-1,-1
2476,-1,-1,1733238046048779264,92117384
2477,19287808,92736070,-1,-1
2478,-1,-1,1733238046039257088,40478173
2479,35924480,40986464,-1,-1
2480,-1,-1,1733238046088152064,98894441
2481,33854976,97714656,-1,-1
2482,-1,-1,1733238046060634880,22482683
2483,16528896,23039320,-1,-1
2484,-1,-1,1733238046129366016,168731020
2485,41683968,177476863,-1,-1
2486,-1,-1,1733238046144731392,165365133
2487,30821376,156435466,-1,-1
2488,-1,-1,1733238046118463488,23732130
2489,17230848,23913689,-1,-1
2490,-1,-1,1733238046165438464,146974845
2491,31195392,146341491,-1,-1
2492,-1,-1,1733238046149051392,33612647
2493,31696896,37169332,-1,-1
2494,-1,-1,1733238046196557056,147505473
2495,24377088,144678066,-1,-1
2496,-1,-1,1733238046208367616,61810386
2497,29783296,61867914,-1,-1
2498,-1,-1,1733238046261115904,102748214
2499,31930368,102736265,-1,-1
2500,-1,-1,1733238046234701568,23585589
2501,16003072,22900095,-1,-1
2502,-1,-1,1733238046259742464,75040660
2503,19077632,75697505,-1,-1
2504,-1,-1,1733238046259734528,49991987
2505,16345088,49832138,-1,-1
2506,-1,-1,1733238046298489088,38754396
2507,35211008,40359474,-1,-1
2508,-1,-1,1733238046312422912,113933754
2509,32834048,112238486,-1,-1
2510,-1,-1,1733238046305072384,42649092
2511,37609216,42653639,-1,-1
2512,-1,-1,1733238046323598592,118526271
2513,18399232,118755824,-1,-1
2514,-1,-1,1733238046361584640,37985751
2515,35914752,41045380,-1,-1
2516,-1,-1,1733238046367220736,105635927
2517,32824576,103658349,-1,-1
2518,-1,-1,1733238046357203968,39983247
2519,30886656,38954254,-1,-1
2520,-1,-1,1733238046384919296,77715059
2521,35088896,78930885,-1,-1
2522,-1,-1,1733238046406547456,121627963
2523,33096192,121623168,-1,-1
2524,-1,-1,1733238046396814336,40266729
2525,30630144,38706243,-1,-1
2526,-1,-1,1733238046393476864,146662430
2527,39794688,149563269,-1,-1
2528,-1,-1,1733238046451859712,108382828
2529,34322432,109078740,-1,-1
2530,-1,-1,1733238046454451456,102591135
2531,30727168,99478940,-1,-1
2532,-1,-1,1733238046476478208,72026610
2533,32825344,71536486,-1,-1
2534,-1,-1,1733238046449499392,23021283
2535,16325888,23034804,-1,-1
2536,-1,-1,1733238046506324480,156824649
2537,33946624,159703884,-1,-1
2538,-1,-1,1733238046553365504,147040964
2539,44633088,147316671,-1,-1
2540,-1,-1,1733238046563162368,159796661
2541,30839552,153701392,-1,-1
2542,-1,-1,1733238046532139008,18976578
2543,16904192,21936765,-1,-1
2544,-1,-1,1733238046576524032,94384749
2545,35049728,94883474,-1,-1
2546,-1,-1,1733238046569632256,43108306
2547,32793088,42639598,-1,-1
2548,-1,-1,1733238046584087296,114454495
2549,30836992,114792755,-1,-1
2550,-1,-1,1733238046577111040,43023341
2551,37740032,42766273,-1,-1
2552,-1,-1,1733238046587792640,110681490
2553,39731968,113654656,-1,-1
2554,-1,-1,1733238046610210560,122417840
2555,19195136,119609723,-1,-1
2556,-1,-1,1733238046600221952,40011324
2557,36919552,43032333,-1,-1
2558,-1,-1,1733238046642225152,142003050
2559,30828032,138802132,-1,-1
2560,-1,-1,1733238046632664832,40439433
2561,33662208,40557154,-1,-1
2562,-1,-1,1733238046673211648,140546792
2563,32008960,140845920,-1,-1
2564,-1,-1,1733238046665270272,42058698
2565,33402880,42286990,-1,-1
2566,-1,-1,1733238046717594368,152323673
2567,44871424,163953499,-1,-1
2568,-1,-1,1733238046738898944,171304202
2569,32948736,159564433,-1,-1
2570,-1,-1,1733238046712285184,23386219
2571,17210624,23660198,-1,-1
2572,-1,-1,1733238046760912384,148627006
2573,30806784,148144704,-1,-1
2574,-1,-1,1733238046751563008,40650461
2575,34331904,40454120,-1,-1
2576,-1,-1,1733238046764190208,112626886
2577,42996480,118594955,-1,-1
2578,-1,-1,1733238046810917888,96727722
2579,30727424,90775712,-1,-1
2580,-1,-1,1733238046793977600,33059616
2581,28020480,33080214,-1,-1
2582,-1,-1,1733238046859673856,115695963
2583,46840576,130560524,-1,-1
2584,-1,-1,1733238046881605376,171931422
2585,31211776,156857496,-1,-1
2586,-1,-1,1733238046852246016,20640630
2587,17948928,23623162,-1,-1
2588,-1,-1,1733238046905987584,103741228
2589,32819712,100644001,-1,-1
2590,-1,-1,1733238046878622976,22635282
2591,16573184,23121092,-1,-1
2592,-1,-1,1733238046946162432,167539285
2593,38681600,172319338,-1,-1
2594,-1,-1,1733238046972711424,126549014
2595,46779904,133609407,-1,-1
2596,-1,-1,1733238046979564544,206853065
2597,31212544,194805387,-1,-1
2598,-1,-1,1733238047027240704,147675901
2599,43823872,158199704,-1,-1
2600,-1,-1,1733238047072881664,195640499
2601,32899328,186491829,-1,-1
2602,-1,-1,1733238047078449408,155568014
2603,31054848,154531727,-1,-1
2604,-1,-1,1733238047090361344,111911527
2605,16423424,111503529,-1,-1
2606,-1,-1,1733238047170782464,180421264
2607,47268864,193452636,-1,-1
2608,-1,-1,1733238047205697792,334914879
2609,38489344,326225988,-1,-1
2610,-1,-1,1733238047240796416,135098552
2611,34142464,133636437,-1,-1
2612,-1,-1,1733238047276204288,135407644
2613,33068800,134661840,-1,-1
2614,-1,-1,1733238047292701184,66496895
2615,34817792,65510380,-1,-1
2616,-1,-1,1733238047313874176,121173053
2617,40354048,118658344,-1,-1
2618,-1,-1,1733238047324905728,161031287
2619,18265856,162417985,-1,-1
2620,-1,-1,1733238047328672000,103765693
2621,19940352,103905647,-1,-1
2622,-1,-1,1733238047377353728,98681811
2623,37846784,98662708,-1,-1
2624,-1,-1,1733238047369334016,41979964
2625,34530304,43649948,-1,-1
2626,-1,-1,1733238047411216384,141882151
2627,33508864,141495660,-1,-1
2628,-1,-1,1733238047429282560,218066070
2629,34476544,218458731,-1,-1
2630,-1,-1,1733238047413744128,34461627
2631,29546240,35087663,-1,-1
2632,-1,-1,1733238047460566528,146822190
2633,33256192,144964268,-1,-1
2634,-1,-1,1733238047457192448,46625613
2635,34876160,46001814,-1,-1
2636,-1,-1,1733238047451109632,143917178
2637,42578688,146870712,-1,-1
2638,-1,-1,1733238047480929792,79819803
2639,32931328,78068640,-1,-1
2640,-1,-1,1733238047512917248,81987365
2641,32473088,80756735,-1,-1
2642,-1,-1,1733238047553962240,41044950
2643,37922304,44829099,-1,-1
2644,-1,-1,1733238047518921216,64958674
2645,34952960,63776827,-1,-1
2646,-1,-1,1733238047495118336,26196985
2647,17840128,22799243,-1,-1
2648,-1,-1,1733238047546225920,201107476
2649,32923136,201539969,-1,-1
2650,-1,-1,1733238047536609024,40382843
2651,33939712,40916435,-1,-1
2652,-1,-1,1733238047530001152,143392226
2653,40726016,153399008,-1,-1
2654,-1,-1,1733238047581180160,51178645
2655,32927488,40930713,-1,-1
2656,-1,-1,1733238047576286208,95105938
2657,32833280,94666691,-1,-1
2658,-1,-1,1733238047550153984,23867319
2659,17282048,23838371,-1,-1
2660,-1,-1,1733238047565061632,164907791
2661,41690368,177633559,-1,-1
2662,-1,-1,1733238047619612160,104550232
2663,31878656,91770273,-1,-1
2664,-1,-1,1733238047606870784,37258531
2665,33806592,38720216,-1,-1
2666,-1,-1,1733238047657315584,150444869
2667,34021120,149846060,-1,-1
2668,-1,-1,1733238047629164032,21848141
2669,14666240,21716071,-1,-1
2670,-1,-1,1733238047686723840,207559703
2671,36313856,209059482,-1,-1
2672,-1,-1,1733238047661116160,24392116
2673,15813888,22525038,-1,-1
2674,-1,-1,1733238047676385536,115269229
2675,19668224,118716704,-1,-1
2676,-1,-1,1733238047728003328,101617537
2677,33492736,101183555,-1,-1
2678,-1,-1,1733238047713721344,85718168
2679,19345408,83293758,-1,-1
2680,-1,-1,1733238047698864128,35142273
2681,32904960,37921982,-1,-1
2682,-1,-1,1733238047754619648,105755752
2683,33720832,105459121,-1,-1
2684,-1,-1,1733238047746333440,41713366
2685,30915584,39130454,-1,-1
2686,-1,-1,1733238047779729664,183396189
2687,33224704,184682027,-1,-1
2688,-1,-1,1733238047751681280,21951465
2689,14887936,20536506,-1,-1
2690,-1,-1,1733238047763885568,112203940
2691,19953664,111666507,-1,-1
2692,-1,-1,1733238047801313280,137427709
2693,32220928,139039941,-1,-1
2694,-1,-1,1733238047772090368,20776888
2695,22894848,27542544,-1,-1
2696,-1,-1,1733238047796562176,124472008
2697,27615488,117357524,-1,-1
2698,-1,-1,1733238047846223104,49660575
2699,38554112,50799984,-1,-1
2700,-1,-1,1733238047808389376,62165870
2701,30759680,68089515,-1,-1
2702,-1,-1,1733238047856615936,48226446
2703,32824064,40924487,-1,-1
2704,-1,-1,1733238047869483776,112867664
2705,31344640,111644186,-1,-1
2706,-1,-1,1733238047880906752,111422972
2707,38233088,112812452,-1,-1
2708,-1,-1,1733238047899187456,118280346
2709,33266432,120108601,-1,-1
2710,-1,-1,1733238047921459712,172272101
2711,36139520,172367093,-1,-1
2712,-1,-1,1733238047896809984,25350254
2713,20960512,22890537,-1,-1
2714,-1,-1,1733238047914419968,117609775
2715,28607488,116592670,-1,-1
2716,-1,-1,1733238047978416640,163996563
2717,31032320,164800013,-1,-1
2718,-1,-1,1733238047951875072,23458041
2719,15562496,22599693,-1,-1
2720,-1,-1,1733238047970477824,168602905
2721,31852800,178725053,-1,-1
2722,-1,-1,1733238048030247936,159769796
2723,35969024,150713297,-1,-1
2724,-1,-1,1733238047999963648,19715385
2725,13737216,18674691,-1,-1
2726,-1,-1,1733238048036051200,136087440
2727,30823168,136810153,-1,-1
2728,-1,-1,1733238048066364416,180313162
2729,33523456,182561844,-1,-1
2730,-1,-1,1733238048044819968,128455209
2731,14744576,126369218,-1,-1
2732,-1,-1,1733238048082294528,37474591
2733,34080768,39325350,-1,-1
2734,-1,-1,1733238048110351104,178056626
2735,34862592,178268724,-1,-1
2736,-1,-1,1733238048101326848,40975393
2737,30888448,38934628,-1,-1
2738,-1,-1,1733238048101142272,99814955
2739,27097600,99952682,-1,-1
2740,-1,-1,1733238048148442624,147300253
2741,32939008,147312609,-1,-1
2742,-1,-1,1733238048128045056,29602561
2743,31727104,36888938,-1,-1
2744,-1,-1,1733238048144079616,116034429
2745,36927488,116734399,-1,-1
2746,-1,-1,1733238048158492416,114412611
2747,37608192,113515301,-1,-1
2748,-1,-1,1733238048227390976,168898249
2749,32980224,163770500,-1,-1
2750,-1,-1,1733238048220141568,42750495
2751,33061888,39988405,-1,-1
2752,-1,-1,1733238048236398848,116257117
2753,32747264,118407362,-1,-1
2754,-1,-1,1733238048292670720,156271701
2755,30906112,154644318,-1,-1
2756,-1,-1,1733238048262493184,19822407
2757,22123264,27965185,-1,-1
2758,-1,-1,1733238048320003328,157509817
2759,33227264,149983433,-1,-1
2760,-1,-1,1733238048307835392,87831915
2761,42668800,99299366,-1,-1
2762,-1,-1,1733238048361329408,103493661
2763,31063040,91919371,-1,-1
2764,-1,-1,1733238048359005696,47675942
2765,44801280,49733196,-1,-1
2766,-1,-1,1733238048420763392,111764286
2767,35531008,112349403,-1,-1
2768,-1,-1,1733238048452319232,231548964
2769,35670272,229531396,-1,-1
2770,-1,-1,1733238048426839552,24520416
2771,28913920,35130416,-1,-1
2772,-1,-1,1733238048496695808,119855781
2773,42907648,118727750,-1,-1
2774,-1,-1,1733238048496899840,50204123
2775,32645376,40586042,-1,-1
2776,-1,-1,1733238048513767936,116867929
2777,34866432,117984751,-1,-1
2778,-1,-1,1733238048540293120,126525015
2779,33079552,124849821,-1,-1
2780,-1,-1,1733238048519252480,28959072
2781,26922240,31717584,-1,-1
2782,-1,-1,1733238048564337408,145084829
2783,31872512,140586152,-1,-1
2784,-1,-1,1733238048538068480,23731015
2785,27890944,32993866,-1,-1
2786,-1,-1,1733238048552405504,114336745
2787,40900608,118679589,-1,-1
2788,-1,-1,1733238048601397504,48991745
2789,33920768,38838472,-1,-1
2790,-1,-1,1733238048624069376,122671855
2791,33911296,120737425,-1,-1
2792,-1,-1,1733238048639841280,115771698
2793,37267712,115481165,-1,-1
2794,-1,-1,1733238048682759168,92917574
2795,35386368,95513540,-1,-1
2796,-1,-1,1733238048706162688,123403350
2797,40797952,129015871,-1,-1
2798,-1,-1,1733238048675810560,119647751
2799,50266880,128722242,-1,-1
2800,-1,-1,1733238048728123392,152312726
2801,34347264,135070691,-1,-1
2802,-1,-1,1733238048724072192,95948887
2803,19275520,96377898,-1,-1
2804,-1,-1,1733238048743020800,68948339
2805,32703744,68872485,-1,-1
2806,-1,-1,1733238048724987904,31966915
2807,34856704,39786451,-1,-1
2808,-1,-1,1733238048777538304,102550136
2809,33043200,94781850,-1,-1
2810,-1,-1,1733238048764509952,36971556
2811,41797632,46817506,-1,-1
2812,-1,-1,1733238048820324608,155814466
2813,38350848,145635412,-1,-1
2814,-1,-1,1733238048844973056,124648423
2815,32894720,125662060,-1,-1
2816,-1,-1,1733238048863320064,118346976
2817,36541440,120251687,-1,-1
2818,-1,-1,1733238048836495360,23175028
2819,14910976,20277404,-1,-1
2820,-1,-1,1733238048887920128,151424700
2821,32761344,151574268,-1,-1
2822,-1,-1,1733238048925835008,37914672
2823,44758016,49891896,-1,-1
2824,-1,-1,1733238048895444736,119609522
2825,42723840,119683708,-1,-1
2826,-1,-1,1733238048921188352,125743451
2827,19645440,114063474,-1,-1
2828,-1,-1,1733238048907323136,36134733
2829,33894656,38611920,-1,-1
2830,-1,-1,1733238048966131456,108808036
2831,33096704,107934108,-1,-1
2832,-1,-1,1733238048957114112,40982690
2833,31277312,39183242,-1,-1
2834,-1,-1,1733238048969674752,62560347
2835,33464064,62938461,-1,-1
2836,-1,-1,1733238048966672640,46997978
2837,36259072,48310460,-1,-1
2838,-1,-1,1733238048982380544,115707744
2839,33412608,114292108,-1,-1
2840,-1,-1,1733238049007096576,74715594
2841,33906432,74328709,-1,-1
2842,-1,-1,1733238048990782464,83685617
2843,18230528,82621882,-1,-1
2844,-1,-1,1733238049026822400,36039942
2845,30901504,36003777,-1,-1
2846,-1,-1,1733238049015488256,88665769
2847,18971392,89741756,-1,-1
2848,-1,-1,1733238049051897344,36408526
2849,33516032,38614453,-1,-1
2850,-1,-1,1733238049047169792,95272680
2851,19851008,93093928,-1,-1
2852,-1,-1,1733238049086222592,39052523
2853,37148160,42173323,-1,-1
2854,-1,-1,1733238049083753984,147531452
2855,31093504,144576359,-1,-1
2856,-1,-1,1733238049078595072,44840843
2857,39774208,44553403,-1,-1
2858,-1,-1,1733238049095252480,116657145
2859,19180544,116825574,-1,-1
2860,-1,-1,1733238049083585024,38332770
2861,33834496,38854308,-1,-1
2862,-1,-1,1733238049120524800,36939399
2863,30752768,35793182,-1,-1
2864,-1,-1,1733238049131045632,60520670
2865,31781376,61910147,-1,-1
2866,-1,-1,1733238049106015488,24969307
2867,21977088,27309509,-1,-1
2868,-1,-1,1733238049168626176,112610582
2869,31240960,109888460,-1,-1
2870,-1,-1,1733238049186164736,117538278
2871,30876672,115248720,-1,-1
2872,-1,-1,1733238049176540160,40375498
2873,32844288,41881203,-1,-1
2874,-1,-1,1733238049172836352,146295898
2875,42684672,149592179,-1,-1
2876,-1,-1,1733238049223341568,150505016
2877,36905472,146580573,-1,-1
2878,-1,-1,1733238049213284352,89942781
2879,42718208,96781564,-1,-1
2880,-1,-1,1733238049256899840,93615509
2881,31448320,88361261,-1,-1
2882,-1,-1,1733238049232232448,25332250
2883,32844544,37276249,-1,-1
2884,-1,-1,1733238049283506432,151273668
2885,37227520,138628749,-1,-1
2886,-1,-1,1733238049270995456,87489074
2887,40712448,97824563,-1,-1
2888,-1,-1,1733238049341103616,120108086
2889,30825472,109635436,-1,-1
2890,-1,-1,1733238049321654272,130550425
2891,44212992,143170275,-1,-1
2892,-1,-1,1733238049393629440,121975141
2893,42880512,118263226,-1,-1
2894,-1,-1,1733238049389247744,145617858
2895,21484800,136903109,-1,-1
2896,-1,-1,1733238049370070528,30822981
2897,28991232,33704792,-1,-1
2898,-1,-1,1733238049385580544,115509708
2899,16552960,112600996,-1,-1
2900,-1,-1,1733238049427186432,141605911
2901,31147008,141159023,-1,-1
2902,-1,-1,1733238049444951552,67764666
2903,32917760,68283123,-1,-1
2904,-1,-1,1733238049437498112,42546628
2905,32924416,41896524,-1,-1
2906,-1,-1,1733238049462641664,125143353
2907,33024512,126108014,-1,-1
2908,-1,-1,1733238049446716928,34074892
2909,40829952,45292615,-1,-1
2910,-1,-1,1733238049477983232,131266570
2911,19252480,119553142,-1,-1
2912,-1,-1,1733238049516006144,38022518
2913,35817472,41050439,-1,-1
2914,-1,-1,1733238049519661824,103655542
2915,33730560,103526011,-1,-1
2916,-1,-1,1733238049510938368,41276553
2917,31246848,38409935,-1,-1
2918,-1,-1,1733238049522179584,111241028
2919,34521344,113041434,-1,-1
2920,-1,-1,1733238049535020032,112840194
2921,30848000,111127809,-1,-1
2922,-1,-1,1733238049510074624,25054417
2923,32672512,37701695,-1,-1
2924,-1,-1,1733238049533464064,123389276
2925,40789248,113709898,-1,-1
2926,-1,-1,1733238049579333888,145869640
2927,38468352,142762387,-1,-1
2928,-1,-1,1733238049597208064,117873883
2929,35043840,119795104,-1,-1
2930,-1,-1,1733238049604312832,157104815
2931,33348864,156069846,-1,-1
2932,-1,-1,1733238049584264192,29951111
2933,36411392,41192748,-1,-1
2934,-1,-1,1733238049641714432,157449879
2935,29776640,144466558,-1,-1
2936,-1,-1,1733238049613786880,22072323
2937,16697856,23314258,-1,-1
2938,-1,-1,1733238049663357696,149570790
2939,33588992,152131561,-1,-1
2940,-1,-1,1733238049647357440,33999463
2941,31802368,34092201,-1,-1
2942,-1,-1,1733238049693111808,145754215
2943,33770496,142581683,-1,-1
2944,-1,-1,1733238049706197760,163085993
2945,32929536,161676419,-1,-1
2946,-1,-1,1733238049729694208,73496323
2947,32734720,74657923,-1,-1
2948,-1,-1,1733238049737161472,107466968
2949,32695040,104817922,-1,-1
2950,-1,-1,1733238049706073856,18912206
2951,20076544,25056507,-1,-1
2952,-1,-1,1733238049748585472,142511505
2953,31319040,139975589,-1,-1
2954,-1,-1,1733238049734315776,85730257
2955,24947456,85363502,-1,-1
2956,-1,-1,1733238049780976384,96660216
2957,33988352,96793453,-1,-1
2958,-1,-1,1733238049773008640,42032218
2959,32924928,41793999,-1,-1
2960,-1,-1,1733238049818659328,145650853
2961,44846080,157560429,-1,-1
2962,-1,-1,1733238049788222976,169563421
2963,22601472,157441068,-1,-1
2964,-1,-1,1733238049832824320,94600836
2965,35325952,95278678,-1,-1
2966,-1,-1,1733238049824947968,42123758
2967,32836864,41388118,-1,-1
2968,-1,-1,1733238049870563072,145614771
2969,35205632,148030790,-1,-1
2970,-1,-1,1733238049877766400,157203028
2971,34471680,156735033,-1,-1
2972,-1,-1,1733238049850760448,22994088
2973,14913792,21342834,-1,-1
2974,-1,-1,1733238049922311424,171550801
2975,37691648,174499446,-1,-1
2976,-1,-1,1733238049919656448,147344764
2977,35486208,144787090,-1,-1
2978,-1,-1,1733238049894001920,24345332
2979,16780800,23735888,-1,-1
2980,-1,-1,1733238049912412928,168410774
2981,43862528,180630456,-1,-1
2982,-1,-1,1733238049962163456,99750493
2983,30893824,87824818,-1,-1
2984,-1,-1,1733238049941963776,29800211
2985,37875456,42816173,-1,-1
2986,-1,-1,1733238049975877120,133912899
2987,20524544,120785971,-1,-1
2988,-1,-1,1733238049966760448,40883353
2989,35887872,40808390,-1,-1
2990,-1,-1,1733238050016365056,99604572
2991,32852480,99620688,-1,-1
2992,-1,-1,1733238049989313280,22947846
2993,16385024,22922664,-1,-1
2994,-1,-1,1733238050000082176,110768785
2995,19784448,113775428,-1,-1
2996,-1,-1,1733238050039539712,139457280
2997,30754304,136595333,-1,-1
2998,-1,-1,1733238050078535168,88994906
2999,35470592,90440863,-1,-1
3000,-1,-1,1733238050068199936,39664680
3001,29740032,37161929,-1,-1
3002,-1,-1,1733238050096497152,128297108
3003,30400256,128787630,-1,-1
3004,-1,-1,1733238050076942080,30444672
3005,27850496,33953000,-1,-1
3006,-1,-1,1733238050080905472,103963219
3007,40726784,112630458,-1,-1
3008,-1,-1,1733238050128752896,47847165
3009,32913408,38029925,-1,-1
3010,-1,-1,1733238050134082560,105329620
3011,33133312,103839651,-1,-1
3012,-1,-1,1733238050112379904,28297324
3013,26065664,30819407,-1,-1
3014,-1,-1,1733238050174555136,112174822
3015,30733824,108521346,-1,-1
3016,-1,-1,1733238050166377472,91822237
3017,18193152,91671766,-1,-1
3018,-1,-1,1733238050156475136,40097661
3019,36128000,41239960,-1,-1
3020,-1,-1,1733238050200333312,93857925
3021,30803712,93430425,-1,-1
3022,-1,-1,1733238050173254656,22921066
3023,16388864,23050355,-1,-1
3024,-1,-1,1733238050210617856,137363284
3025,33361408,137611798,-1,-1
3026,-1,-1,1733238050225357824,114739624
3027,31912704,115702808,-1,-1
3028,-1,-1,1733238050225136128,49778176
3029,18231040,47679640,-1,-1
3030,-1,-1,1733238050264046336,38910018
3031,37506304,43135054,-1,-1
3032,-1,-1,1733238050276339968,112293629
3033,35428608,111668679,-1,-1
3034,-1,-1,1733238050279560704,103220379
3035,34481408,100681574,-1,-1
3036,-1,-1,1733238050274352896,44792174
3037,36812288,47201568,-1,-1
3038,-1,-1,1733238050292123392,117770388
3039,34063616,115537554,-1,-1
3040,-1,-1,1733238050278975744,36852554
3041,34797824,39577540,-1,-1
3042,-1,-1,1733238050323106816,144130764
3043,34940928,141768018,-1,-1
3044,-1,-1,1733238050296457216,23349897
3045,16819200,22781432,-1,-1
3046,-1,-1,1733238050339929088,193471839
3047,34943232,194589591,-1,-1
3048,-1,-1,1733238050334012160,44082857
3049,33884928,42837068,-1,-1
3050,-1,-1,1733238050329494016,145481851
3051,45656576,151428509,-1,-1
3052,-1,-1,1733238050376933120,147439125
3053,39333376,141635112,-1,-1
3054,-1,-1,1733238050381990656,155057085
3055,31419392,155082416,-1,-1
3056,-1,-1,1733238050360372992,78382151
3057,25211392,81337094,-1,-1
3058,-1,-1,1733238050413979648,103606786
3059,32995584,100744963,-1,-1
3060,-1,-1,1733238050388981760,25001796
3061,21873408,27791819,-1,-1
3062,-1,-1,1733238050449596672,110614735
3063,31236864,108045252,-1,-1
3064,-1,-1,1733238050454315776,154718717
3065,31077888,154312748,-1,-1
3066,-1,-1,1733238050433172992,28857150
3067,31866368,36827576,-1,-1
3068,-1,-1,1733238050452544000,119370847
3069,41922304,122689529,-1,-1
3070,-1,-1,1733238050469609728,117065572
3071,45867008,117549893,-1,-1
3072,-1,-1,1733238050517578496,47968806
3073,33128704,38132462,-1,-1
3074,-1,-1,1733238050522848768,105269927
3075,37748736,104125069,-1,-1
3076,-1,-1,1733238050531096576,158247532
3077,33559552,159821814,-1,-1
3078,-1,-1,1733238050548210176,117113589
3079,31923200,115306772,-1,-1
3080,-1,-1,1733238050540650496,42440222
3081,36240384,41125767,-1,-1
3082,-1,-1,1733238050596693248,156042431
3083,35033088,156897674,-1,-1
3084,-1,-1,1733238050588227072,41533655
3085,31898624,40741303,-1,-1
3086,-1,-1,1733238050590250752,102023570
3087,16365312,102605411,-1,-1
3088,-1,-1,1733238050608593664,168342912
3089,30376960,169011852,-1,-1
3090,-1,-1,1733238050676293376,117699451
3091,40862720,125096946,-1,-1
3092,-1,-1,1733238050686363392,160069644
3093,33421824,153668178,-1,-1
3094,-1,-1,1733238050698311936,111948572
3095,40663552,113375620,-1,-1
3096,-1,-1,1733238050692340736,44028585
3097,33212160,40994058,-1,-1
3098,-1,-1,1733238050697877760,155536964
3099,42257920,158486672,-1,-1
3100,-1,-1,1733238050744086784,146209078
3101,39889152,142734046,-1,-1
3102,-1,-1,1733238050719700480,125613457
3103,17371648,125618625,-1,-1
3104,-1,-1,1733238050772505600,152804627
3105,31866880,154259553,-1,-1
3106,-1,-1,1733238050787444736,64939006
3107,33762816,64481240,-1,-1
3108,-1,-1,1733238050761411328,23966427
3109,15858432,23666991,-1,-1
3110,-1,-1,1733238050777880320,166469014
3111,38190080,169302785,-1,-1
3112,-1,-1,1733238050786221568,108341114
3113,32753664,113166346,-1,-1
3114,-1,-1,1733238050813240832,127019038
3115,37950976,122046773,-1,-1
3116,-1,-1,1733238050857677056,144436083
3117,35543808,142352544,-1,-1
3118,-1,-1,1733238050850524928,42847644
3119,32174080,41269500,-1,-1
3120,-1,-1,1733238050870288640,119763573
3121,32374016,121691814,-1,-1
3122,-1,-1,1733238050854215680,33926863
3123,30133760,35790155,-1,-1
3124,-1,-1,1733238050899994368,145778550
3125,34342912,143661960,-1,-1
3126,-1,-1,1733238050873764096,23769435
3127,16684544,22775161,-1,-1
3128,-1,-1,1733238050888222208,164458189
3129,40694272,167588722,-1,-1
3130,-1,-1,1733238050895236352,107013968
3131,46724864,118686300,-1,-1
3132,-1,-1,1733238050948178688,52942365
3133,35918080,40970790,-1,-1
3134,-1,-1,1733238050931361792,83182581
3135,20134912,80656425,-1,-1
3136,-1,-1,1733238050968125440,36763705
3137,30861056,35826203,-1,-1
3138,-1,-1,1733238050983962368,115836662
3139,34823680,117719149,-1,-1
3140,-1,-1,1733238050975913472,41950638
3141,36053760,44106800,-1,-1
3142,-1,-1,1733238050969566464,143652865
3143,42784512,143359367,-1,-1
3144,-1,-1,1733238051014948608,145382078
3145,37611264,141947454,-1,-1
3146,-1,-1,1733238051033457408,118508528
3147,34000640,121510099,-1,-1
3148,-1,-1,1733238051043552256,110094849
3149,32899584,107638807,-1,-1
3150,-1,-1,1733238051036338688,42786104
3151,33201152,42745719,-1,-1
3152,-1,-1,1733238051041617920,105279147
3153,22654208,104845242,-1,-1
3154,-1,-1,1733238051093728512,102110512
3155,33615360,103491053,-1,-1
3156,-1,-1,1733238051066851840,23123078
3157,15775488,22101724,-1,-1
3158,-1,-1,1733238051125541376,108689421
3159,33035776,108950200,-1,-1
3160,-1,-1,1733238051130909952,105368319
3161,33229568,104947903,-1,-1
3162,-1,-1,1733238051104393472,23483411
3163,18041856,23683025,-1,-1
3164,-1,-1,1733238051168169472,113775834
3165,31875072,113574195,-1,-1
3166,-1,-1,1733238051172103424,103934095
3167,33805056,104680836,-1,-1
3168,-1,-1,1733238051182148608,110045012
3169,32813056,108762952,-1,-1
3170,-1,-1,1733238051201242624,119093409
3171,33780224,122717669,-1,-1
3172,-1,-1,1733238051223796480,122554002
3173,33400832,119866525,-1,-1
3174,-1,-1,1733238051210788864,86991847
3175,21275648,86652144,-1,-1
3176,-1,-1,1733238051190990592,30201587
3177,27875328,32941555,-1,-1
3178,-1,-1,1733238051234699776,93709343
3179,31857408,91797013,-1,-1
3180,-1,-1,1733238051213519872,28819635
3181,21981696,27941239,-1,-1
3182,-1,-1,1733238051264999680,101479538
3183,33359872,104125091,-1,-1
3184,-1,-1,1733238051257437696,42437832
3185,31515392,39546006,-1,-1
3186,-1,-1,1733238051273979648,66541877
3187,33198336,69028853,-1,-1
3188,-1,-1,1733238051237517312,63537547
3189,38412544,73452470,-1,-1
3190,-1,-1,1733238051253151488,115634217
3191,38857216,111725348,-1,-1
3192,-1,-1,1733238051301131008,47979183
3193,37984000,45995537,-1,-1
3194,-1,-1,1733238051303554304,102423092
3195,37840896,95616285,-1,-1
3196,-1,-1,1733238051288465920,84911452
3197,42764800,89659515,-1,-1
3198,-1,-1,1733238051334292992,145826832
3199,38308608,141797810,-1,-1
3200,-1,-1,1733238051308092928,123799784
3201,17340160,124141690,-1,-1
3202,-1,-1,1733238051354570240,96477307
3203,19495680,96359779,-1,-1
3204,-1,-1,1733238051370526720,65956302
3205,31556096,66495017,-1,-1
3206,-1,-1,1733238051355426048,34899099
3207,31176704,37098734,-1,-1
3208,-1,-1,1733238051398972672,143546498
3209,37303040,140632208,-1,-1
3210,-1,-1,1733238051380815616,131842817
3211,17273600,131735168,-1,-1
3212,-1,-1,1733238051437278976,106463292
3213,32943360,107899043,-1,-1
3214,-1,-1,1733238051441109760,153830334
3215,31639808,153358911,-1,-1
3216,-1,-1,1733238051415309312,24199527
3217,30783488,35212656,-1,-1
3218,-1,-1,1733238051442722304,127412712
3219,43664640,118527745,-1,-1
3220,-1,-1,1733238051509601280,116878860
3221,44657408,116739375,-1,-1
3222,-1,-1,1733238051477210368,167609086
3223,16958464,167804889,-1,-1
3224,-1,-1,1733238051530314752,153103961
3225,33950464,149616485,-1,-1
3226,-1,-1,1733238051518591488,38276930
3227,36512768,41669572,-1,-1
3228,-1,-1,1733238051526383360,107791563
3229,43820032,116826850,-1,-1
3230,-1,-1,1733238051577133056,150749465
3231,34323200,138602646,-1,-1
3232,-1,-1,1733238051550045952,22912519
3233,16361216,22939114,-1,-1
3234,-1,-1,1733238051593628416,143582378
3235,35736320,143647396,-1,-1
3236,-1,-1,1733238051636576768,92948258
3237,35770880,92738459,-1,-1
3238,-1,-1,1733238051609310208,22733444
3239,16348672,23005335,-1,-1
3240,-1,-1,1733238051637102848,177792275
3241,42079488,180741321,-1,-1
3242,-1,-1,1733238051700139008,113036422
3243,34851072,111697648,-1,-1
3244,-1,-1,1733238051708235008,208095687
3245,33049600,206716796,-1,-1
3246,-1,-1,1733238051692136960,33901564
3247,30792448,36633962,-1,-1
3248,-1,-1,1733238051695892992,103756090
3249,40783104,112803618,-1,-1
3250,-1,-1,1733238051746962944,51069693
3251,33893632,40885198,-1,-1
3252,-1,-1,1733238051755476224,108513159
3253,39612672,106998914,-1,-1
3254,-1,-1,1733238051726598912,71122498
3255,40711936,78572426,-1,-1
3256,-1,-1,1733238051775963136,149363974
3257,33375232,142157426,-1,-1
3258,-1,-1,1733238051762909952,36946830
3259,31802880,36304540,-1,-1
3260,-1,-1,1733238051807782912,94872644
3261,37047808,95113412,-1,-1
3262,-1,-1,1733238051779732736,21949972
3263,18912256,23751197,-1,-1
3264,-1,-1,1733238051848713472,118980201
3265,31099136,116921938,-1,-1
3266,-1,-1,1733238051834994688,86281162
3267,19092736,86465988,-1,-1
3268,-1,-1,1733238051822121728,37127121
3269,34928128,40000315,-1,-1
3270,-1,-1,1733238051867664128,145542443
3271,30975232,142788979,-1,-1
3272,-1,-1,1733238051851623424,33958531
3273,30729216,36640154,-1,-1
3274,-1,-1,1733238051895051520,143428008
3275,33881344,140880685,-1,-1
3276,-1,-1,1733238051868308224,23256695
3277,15019008,22913697,-1,-1
3278,-1,-1,1733238051880149504,161840950
3279,41893632,173753067,-1,-1
3280,-1,-1,1733238051913612288,133462711
3281,24378112,121662982,-1,-1
3282,-1,-1,1733238051899689216,36076835
3283,30894080,35825339,-1,-1
3284,-1,-1,1733238051947137280,97447742
3285,33709824,95694777,-1,-1
3286,-1,-1,1733238051920978432,23841235
3287,19799040,24951170,-1,-1
3288,-1,-1,1733238051964677376,93698549
3289,34427392,94868808,-1,-1
3290,-1,-1,1733238051939140608,24463279
3291,19824896,24897009,-1,-1
3292,-1,-1,1733238051981824000,92682891
3293,36196352,95107555,-1,-1
3294,-1,-1,1733238051975020544,43196671
3295,31601920,39333472,-1,-1
3296,-1,-1,1733238051953255936,128235158
3297,40840704,140876720,-1,-1
3298,-1,-1,1733238051980948480,127692413
3299,43784704,118639165,-1,-1
3300,-1,-1,1733238051986832384,105883783
3301,41654784,114715994,-1,-1
3302,-1,-1,1733238052035347968,48515538
3303,32925184,38036512,-1,-1
3304,-1,-1,1733238052039534336,104185752
3305,38406144,102703552,-1,-1
3306,-1,-1,1733238052065096448,275562295
3307,33957632,277267130,-1,-1
3308,-1,-1,1733238052074390784,109293948
3309,31203840,108074331,-1,-1
3310,-1,-1,1733238052060265728,85875043
3311,22823680,88351153,-1,-1
3312,-1,-1,1733238052074093056,63827003
3313,30666496,63816697,-1,-1
3314,-1,-1,1733238052097503488,123410275
3315,19399168,120781647,-1,-1
3316,-1,-1,1733238052087616000,40112371
3317,34766336,39718754,-1,-1
3318,-1,-1,1733238052132283392,94667157
3319,34289408,95271887,-1,-1
3320,-1,-1,1733238052124143104,41859614
3321,33276672,42015328,-1,-1
3322,-1,-1,1733238052144341760,120198487
3323,33878528,119344441,-1,-1
3324,-1,-1,1733238052126791680,32449676
3325,30759424,35727329,-1,-1
3326,-1,-1,1733238052163354880,136562954
3327,33829120,132692012,-1,-1
3328,-1,-1,1733238052137468160,24113372
3329,17503744,25091015,-1,-1
3330,-1,-1,1733238052173116160,135647817
3331,33021440,136084924,-1,-1
3332,-1,-1,1733238052196562176,73445735
3333,33108992,74601125,-1,-1
3334,-1,-1,1733238052187657984,41095775
3335,31772416,39425288,-1,-1
3336,-1,-1,1733238052157146368,19488244
3337,21881856,27094721,-1,-1
3338,-1,-1,1733238052211572480,154425833
3339,37074432,146577234,-1,-1
3340,-1,-1,1733238052194163200,82590713
3341,38676224,85736512,-1,-1
3342,-1,-1,1733238052197782528,103619101
3343,37854464,112799861,-1,-1
3344,-1,-1,1733238052247964160,50181485
3345,33030656,38036221,-1,-1
3346,-1,-1,1733238052251511040,103546719
3347,38665472,106876841,-1,-1
3348,-1,-1,1733238052243174912,41663657
3349,29891840,37624717,-1,-1
3350,-1,-1,1733238052269162496,125987431
3351,30886144,126722072,-1,-1
3352,-1,-1,1733238052307297280,138134718
3353,33846016,138595694,-1,-1
3354,-1,-1,1733238052276333824,119036126
3355,33655808,121536081,-1,-1
3356,-1,-1,1733238052279273216,102939271
3357,33864448,107851022,-1,-1
3358,-1,-1,1733238052345868288,166594905
3359,33512960,161133510,-1,-1
3360,-1,-1,1733238052339707392,43839175
3361,33063936,40587991,-1,-1
3362,-1,-1,1733238052320934144,131226423
3363,39831808,142366765,-1,-1
3364,-1,-1,1733238052350853632,129919300
3365,21172224,119676637,-1,-1
3366,-1,-1,1733238052334986752,34133076
3367,31831040,36945401,-1,-1
3368,-1,-1,1733238052348361216,113374406
3369,16917504,110553091,-1,-1
3370,-1,-1,1733238052386462464,38101091
3371,34910976,40011560,-1,-1
3372,-1,-1,1733238052367320832,30858053
3373,19721472,29195831,-1,-1
3374,-1,-1,1733238052379248128,61927496
3375,33252608,62182432,-1,-1
3376,-1,-1,1733238052363216896,33968186
3377,36834816,41182631,-1,-1
3378,-1,-1,1733238052412549888,149332838
3379,40021248,143942275,-1,-1
3380,-1,-1,1733238052413368064,50818232
3381,30857472,47699371,-1,-1
3382,-1,-1,1733238052433415680,170047150
3383,32996864,172629125,-1,-1
3384,-1,-1,1733238052424855040,41439301
3385,33451776,40752038,-1,-1
3386,-1,-1,1733238052451462912,176607635
3387,32845824,175461065,-1,-1
3388,-1,-1,1733238052430598912,29136036
3389,26794752,31837067,-1,-1
3390,-1,-1,1733238052453021184,122422196
3391,24440320,119617267,-1,-1
3392,-1,-1,1733238052491679744,138658468
3393,32854784,138695418,-1,-1
3394,-1,-1,1733238052534359296,92679104
3395,31667456,91674003,-1,-1
3396,-1,-1,1733238052510335744,25976440
3397,26029824,30111666,-1,-1
3398,-1,-1,1733238052560836608,150500604
3399,32722432,147485531,-1,-1
3400,-1,-1,1733238052598659584,37822770
3401,33593088,39210389,-1,-1
3402,-1,-1,1733238052628421888,129762345
3403,45757184,140281810,-1,-1
3404,-1,-1,1733238052604063488,125641107
3405,41626112,119739343,-1,-1
3406,-1,-1,1733238052655749632,151686173
3407,36882432,144662913,-1,-1
3408,-1,-1,1733238052657576192,51826329
3409,31538688,53496276,-1,-1
3410,-1,-1,1733238052659360256,151783907
3411,41687552,153864748,-1,-1
3412,-1,-1,1733238052694074880,84714663
3413,35064064,82539792,-1,-1
3414,-1,-1,1733238052720261888,76186488
3415,33847296,75153744,-1,-1
3416,-1,-1,1733238052724809984,54548007
3417,35541504,57572086,-1,-1
3418,-1,-1,1733238052751020032,176210132
3419,19817984,172790614,-1,-1
3420,-1,-1,1733238052737387520,36367207
3421,35064832,40104599,-1,-1
3422,-1,-1,1733238052794689792,107302017
3423,37454848,105130885,-1,-1
3424,-1,-1,1733238052766781696,22091817
3425,15936512,22418130,-1,-1
3426,-1,-1,1733238052816513536,99731522
3427,33089024,99952952,-1,-1
3428,-1,-1,1733238052852720640,136207003
3429,34880256,135419318,-1,-1
3430,-1,-1,1733238052844722432,42001727
3431,33479680,41504869,-1,-1
3432,-1,-1,1733238052864813056,120090664
3433,33968128,120769511,-1,-1
3434,-1,-1,1733238052839992320,25178944
3435,18848768,24995314,-1,-1
3436,-1,-1,1733238052906370304,116377872
3437,34297856,118389626,-1,-1
3438,-1,-1,1733238052922121728,115751259
3439,33163776,113629096,-1,-1
3440,-1,-1,1733238052903688192,31566137
3441,30200320,40618335,-1,-1
3442,-1,-1,1733238052960966144,107278006
3443,30827520,97675684,-1,-1
3444,-1,-1,1733238052951737600,40771068
3445,38845696,44008051,-1,-1
3446,-1,-1,1733238053019453696,167715963
3447,34361344,165631539,-1,-1
3448,-1,-1,1733238053013248768,43794940
3449,33662208,43189758,-1,-1
3450,-1,-1,1733238053019995648,156746835
3451,43776256,159351614,-1,-1
3452,-1,-1,1733238053028741888,108745902
3453,44857856,118846121,-1,-1
3454,-1,-1,1733238053091726592,162984702
3455,32918784,151657135,-1,-1
3456,-1,-1,1733238053083891456,42164892
3457,32105728,40079521,-1,-1
3458,-1,-1,1733238053103988736,120097145
3459,33038592,120695810,-1,-1
3460,-1,-1,1733238053085986304,31997313
3461,38961664,43922479,-1,-1
3462,-1,-1,1733238053157181184,121194771
3463,33976320,108740125,-1,-1
3464,-1,-1,1733238053146385920,139204665
3465,21229568,139902477,-1,-1
3466,-1,-1,1733238053133490432,37104233
3467,34879488,39646418,-1,-1
3468,-1,-1,1733238053184107520,100616982
3469,32834304,97668745,-1,-1
3470,-1,-1,1733238053157094912,22987312
3471,16281344,22978295,-1,-1
3472,-1,-1,1733238053170744064,163648925
3473,40734464,167567802,-1,-1
3474,-1,-1,1733238053217282048,146537814
3475,39297792,144681281,-1,-1
3476,-1,-1,1733238053219880192,152597973
3477,31838208,149662855,-1,-1
3478,-1,-1,1733238053224676608,154796091
3479,40837632,164739881,-1,-1
3480,-1,-1,1733238053272374784,97697876
3481,32607232,88035899,-1,-1
3482,-1,-1,1733238053253977088,31602334
3483,34587136,39578607,-1,-1
3484,-1,-1,1733238053309003776,155026580
3485,38955008,149394906,-1,-1
3486,-1,-1,1733238053335913216,176909129
3487,33498368,173028019,-1,-1
3488,-1,-1,1733238053310548992,74635557
3489,19899904,79763167,-1,-1
3490,-1,-1,1733238053360211968,99662995
3491,34604544,97336076,-1,-1
3492,-1,-1,1733238053370098176,109886156
3493,38245888,109516804,-1,-1
3494,-1,-1,1733238053399351808,129253388
3495,36743680,131106981,-1,-1
3496,-1,-1,1733238053440099328,240747139
3497,32570624,240325010,-1,-1
3498,-1,-1,1733238053435922432,145823000
3499,21853440,143924289,-1,-1
3500,-1,-1,1733238053499076352,113153733
3501,33110016,114981389,-1,-1
3502,-1,-1,1733238053480124928,81048576
3503,19305472,79474300,-1,-1
3504,-1,-1,1733238053467278080,37152684
3505,35027712,40093414,-1,-1
3506,-1,-1,1733238053525902592,158624558
3507,34029312,156616180,-1,-1
3508,-1,-1,1733238053510643712,34741013
3509,29764352,36753157,-1,-1
3510,-1,-1,1733238053559966208,149322414
3511,33164032,147986757,-1,-1
3512,-1,-1,1733238053552790528,42823849
3513,34030336,41745631,-1,-1
3514,-1,-1,1733238053606835200,154044679
3515,43835904,156441553,-1,-1
3516,-1,-1,1733238053579457280,172621792
3517,17864192,172644328,-1,-1
3518,-1,-1,1733238053633069824,103612957
3519,33252864,101134301,-1,-1
3520,-1,-1,1733238053605133056,22062601
3521,14796032,21557503,-1,-1
3522,-1,-1,1733238053644142336,139009103
3523,33295104,139124204,-1,-1
3524,-1,-1,1733238053629776384,35634153
3525,33508352,38503191,-1,-1
3526,-1,-1,1733238053637387520,107610678
3527,41868288,114823815,-1,-1
3528,-1,-1,1733238053686653440,49265815
3529,36905472,41883643,-1,-1
3530,-1,-1,1733238053675195136,88541435
3531,19422208,85792521,-1,-1
3532,-1,-1,1733238053713159936,37964725
3533,38886400,43946883,-1,-1
3534,-1,-1,1733238053724073472,110913592
3535,34557696,104938210,-1,-1
3536,-1,-1,1733238053731842816,107769158
3537,33020928,107701844,-1,-1
3538,-1,-1,1733238053716613376,34770221
3539,32891136,37771801,-1,-1
3540,-1,-1,1733238053762214144,145600402
3541,33993728,143267835,-1,-1
3542,-1,-1,1733238053738140928,25926831
3543,32868352,37175249,-1,-1
3544,-1,-1,1733238053795838976,157697833
3545,34369024,145603665,-1,-1
3546,-1,-1,1733238053771656448,25817260
3547,18621440,25921466,-1,-1
3548,-1,-1,1733238053779279104,157622300
3549,39745280,169603318,-1,-1
3550,-1,-1,1733238053813872128,134593010
3551,19792640,122708134,-1,-1
3552,-1,-1,1733238053802354432,38482137
3553,32868352,37954784,-1,-1
3554,-1,-1,1733238053852295680,99941205
3555,34586112,101895799,-1,-1
3556,-1,-1,1733238053844509440,42213261
3557,32900352,39775296,-1,-1
3558,-1,-1,1733238053891179264,146669690
3559,44687104,159513753,-1,-1
3560,-1,-1,1733238053883709440,142530188
3561,19946752,130735856,-1,-1
3562,-1,-1,1733238053869682688,35973227
3563,33905664,38928401,-1,-1
3564,-1,-1,1733238053922038272,102355166
3565,34348800,99187107,-1,-1
3566,-1,-1,1733238053897565440,25526935
3567,20019712,25564044,-1,-1
3568,-1,-1,1733238053960005888,162440291
3569,32634368,162364621,-1,-1
3570,-1,-1,1733238053943973120,33967118
3571,30136064,37135829,-1,-1
3572,-1,-1,1733238054003883008,109909658
3573,41830656,114793845,-1,-1
3574,-1,-1,1733238054006584320,202701276
3575,32974848,194771309,-1,-1
3576,-1,-1,1733238053982514176,25929865
3577,28759040,34160506,-1,-1
3578,-1,-1,1733238054032555520,100041174
3579,37395968,94624754,-1,-1
3580,-1,-1,1733238054010135296,27579651
3581,32865280,36728885,-1,-1
3582,-1,-1,1733238054064916224,154780574
3583,38563840,142939650,-1,-1
3584,-1,-1,1733238054074433024,159516526
3585,33335296,159903248,-1,-1
3586,-1,-1,1733238054100132608,75699975
3587,31180288,75572331,-1,-1
3588,-1,-1,1733238054131855872,131722730
3589,32265216,131828533,-1,-1
3590,-1,-1,1733238054138893568,107037337
3591,33963520,106451167,-1,-1
3592,-1,-1,1733238054111624960,22731587
3593,16219904,22790995,-1,-1
3594,-1,-1,1733238054124447488,112821915
3595,17452288,112816719,-1,-1
3596,-1,-1,1733238054190855168,166407477
3597,33824256,168136101,-1,-1
3598,-1,-1,1733238054193441536,52586603
3599,34522624,52555356,-1,-1
3600,-1,-1,1733238054167660288,124218201
3601,22230528,122447115,-1,-1
3602,-1,-1,1733238054213031424,145371059
3603,30822400,145632692,-1,-1
3604,-1,-1,1733238054191403008,28371592
3605,30985216,36025749,-1,-1
3606,-1,-1,1733238054206842880,115439574
3607,37430528,115681122,-1,-1
3608,-1,-1,1733238054257666304,50823750
3609,32004608,42938745,-1,-1
3610,-1,-1,1733238054258871296,51204549
3611,34307072,51813214,-1,-1
3612,-1,-1,1733238054275129088,66257468
3613,32811776,64752643,-1,-1
3614,-1,-1,1733238054247578112,22448801
3615,16038912,23050233,-1,-1
3616,-1,-1,1733238054266809344,169231206
3617,40096256,172397215,-1,-1
3618,-1,-1,1733238054285636096,118826613
3619,39135744,119141725,-1,-1
3620,-1,-1,1733238054302612224,116975980
3621,44790016,125379599,-1,-1
3622,-1,-1,1733238054327992064,125379690
3623,44626944,116591244,-1,-1
3624,-1,-1,1733238054343763456,115771015
3625,42885632,115961691,-1,-1
3626,-1,-1,1733238054385543936,91780373
3627,33229312,89036068,-1,-1
3628,-1,-1,1733238054402508288,66964220
3629,34018304,67640765,-1,-1
3630,-1,-1,1733238054378260480,25751899
3631,18115840,24644614,-1,-1
3632,-1,-1,1733238054395865088,167604567
3633,45832704,179666556,-1,-1
3634,-1,-1,1733238054446495232,100630090
3635,33123328,89075209,-1,-1
3636,-1,-1,1733238054483671040,37175452
3637,34096896,38827065,-1,-1
3638,-1,-1,1733238054451518976,117847981
3639,42752000,127529349,-1,-1
3640,-1,-1,1733238054488879104,137359884
3641,18738944,125638816,-1,-1
3642,-1,-1,1733238054525017088,36137949
3643,33282816,38370132,-1,-1
3644,-1,-1,1733238054532689920,107672480
3645,33102592,107688538,-1,-1
3646,-1,-1,1733238054526606592,43916301
3647,33644288,42432028,-1,-1
3648,-1,-1,1733238054545402880,68796273
3649,34511104,66225595,-1,-1
3650,-1,-1,1733238054516723968,21320949
3651,15452416,22819473,-1,-1
3652,-1,-1,1733238054557122560,140398302
3653,34800128,142597119,-1,-1
3654,-1,-1,1733238054530851840,23729127
3655,27964928,33082157,-1,-1
3656,-1,-1,1733238054583800064,152948240
3657,33444864,141172890,-1,-1
3658,-1,-1,1733238054574828288,41028101
3659,32989696,41450180,-1,-1
3660,-1,-1,1733238054589807616,114978979
3661,33945600,115822495,-1,-1
3662,-1,-1,1733238054574452480,34644987
3663,34855936,39798825,-1,-1
3664,-1,-1,1733238054604185600,129732795
3665,20390400,123819656,-1,-1
3666,-1,-1,1733238054640634368,36448679
3667,32923392,37844384,-1,-1
3668,-1,-1,1733238054656833024,116198652
3669,31264000,115083083,-1,-1
3670,-1,-1,1733238054665491712,108658439
3671,36465408,110954622,-1,-1
3672,-1,-1,1733238054660749568,45257996
3673,36684288,45613089,-1,-1
3674,-1,-1,1733238054652130816,141380544
3675,40690432,141378647,-1,-1
3676,-1,-1,1733238054660859904,108728475
3677,35805440,108715927,-1,-1
3678,-1,-1,1733238054700265728,39405531
3679,31000832,36191258,-1,-1
3680,-1,-1,1733238054704654848,54389478
3681,29765120,53659448,-1,-1
3682,-1,-1,1733238054711491072,56835809
3683,18348032,57006617,-1,-1
3684,-1,-1,1733238054697330944,35839746
3685,33918720,38999191,-1,-1
3686,-1,-1,1733238054740223744,142892787
3687,33554944,141281631,-1,-1
3688,-1,-1,1733238054726192128,35968202
3689,36532224,41108368,-1,-1
3690,-1,-1,1733238054779586816,153394485
3691,31015168,146869918,-1,-1
3692,-1,-1,1733238054747769856,18182929
3693,17004288,21947005,-1,-1
3694,-1,-1,1733238054795916288,98146156
3695,34209536,94956842,-1,-1
3696,-1,-1,1733238054768699648,22783478
3697,16318976,22625242,-1,-1
3698,-1,-1,1733238054779070720,160370864
3699,43865600,172671765,-1,-1
3700,-1,-1,1733238054829094400,50023307
3701,35942912,40934563,-1,-1
3702,-1,-1,1733238054830036224,100941429
3703,31881728,98679337,-1,-1
3704,-1,-1,1733238054803951360,23915161
3705,16249856,22965150,-1,-1
3706,-1,-1,1733238054827307520,173355825
3707,43852800,179666407,-1,-1
3708,-1,-1,1733238054876079104,148771748
3709,33400576,143293997,-1,-1
3710,-1,-1,1733238054856659712,30580134
3711,20063744,29268340,-1,-1
3712,-1,-1,1733238054912953088,156293205
3713,32803840,156728784,-1,-1
3714,-1,-1,1733238054903641856,90688767
3715,23896832,90849215,-1,-1
3716,-1,-1,1733238054947425024,93782889
3717,34198016,94162936,-1,-1
3718,-1,-1,1733238054961053184,113627853
3719,35554560,113598758,-1,-1
3720,-1,-1,1733238054953378560,42325546
3721,33901568,42751327,-1,-1
3722,-1,-1,1733238054937674752,134295887
3723,43888640,145726431,-1,-1
3724,-1,-1,1733238054995661056,157986143
3725,38883072,145619419,-1,-1
3726,-1,-1,1733238055017186816,71525668
3727,45743616,83742350,-1,-1
3728,-1,-1,1733238054989156608,171969680
3729,25831936,159694310,-1,-1
3730,-1,-1,1733238055041500928,102343988
3731,31919872,101841207,-1,-1
3732,-1,-1,1733238055012448512,20947529
3733,17169152,22136068,-1,-1
3734,-1,-1,1733238055056209152,93760381
3735,18507520,92583782,-1,-1
3736,-1,-1,1733238055095094784,38885686
3737,35856896,41475864,-1,-1
3738,-1,-1,1733238055100395520,105300364
3739,32942592,103194290,-1,-1
3740,-1,-1,1733238055073182208,22786621
3741,16272640,22844843,-1,-1
3742,-1,-1,1733238055097698560,174516155
3743,41750016,177641483,-1,-1
3744,-1,-1,1733238055155445248,107746694
3745,40915456,112849109,-1,-1
3746,-1,-1,1733238055163912448,208466991
3747,30961152,200569100,-1,-1
3748,-1,-1,1733238055145433856,31521144
3749,37846528,42739779,-1,-1
3750,-1,-1,1733238055197934592,152500458
3751,45268736,145709995,-1,-1
3752,-1,-1,1733238055227514624,129579844
3753,36052224,129876352,-1,-1
3754,-1,-1,1733238055264572160,137057387
3755,30082048,130762587,-1,-1
3756,-1,-1,1733238055273088000,108515640
3757,33328640,107996757,-1,-1
3758,-1,-1,1733238055270456576,47368767
3759,30758144,49342746,-1,-1
3760,-1,-1,1733238055252783616,32326694
3761,38487296,43884948,-1,-1
3762,-1,-1,1733238055279036672,126253023
3763,43017216,117956171,-1,-1
3764,-1,-1,1733238055338626816,109589934
3765,41404160,115010370,-1,-1
3766,-1,-1,1733238055335815424,47188426
3767,30873344,38334835,-1,-1
3768,-1,-1,1733238055382215424,146399813
3769,35905024,149796441,-1,-1
3770,-1,-1,1733238055416301568,134085814
3771,34419712,129776498,-1,-1
3772,-1,-1,1733238055432676096,116374377
3773,31964160,118658979,-1,-1
3774,-1,-1,1733238055447343104,114666884
3775,19071744,113602334,-1,-1
3776,-1,-1,1733238055485333248,37990005
3777,36146176,41195365,-1,-1
3778,-1,-1,1733238055487695104,102361650
3779,33906432,98504408,-1,-1
3780,-1,-1,1733238055460163840,22468793
3781,16478208,22958160,-1,-1
3782,-1,-1,1733238055477566976,167402824
3783,40758528,179515734,-1,-1
3784,-1,-1,1733238055546977536,119410565
3785,33119744,109104068,-1,-1
3786,-1,-1,1733238055546960128,49982264
3787,32858624,47628535,-1,-1
3788,-1,-1,1733238055570550016,123589772
3789,34798336,124680656,-1,-1
3790,-1,-1,1733238055576480256,105930055
3791,34883328,106838688,-1,-1
3792,-1,-1,1733238055556890368,30410189
3793,24769536,28756634,-1,-1
3794,-1,-1,1733238055609361408,152470786
3795,31405824,153387590,-1,-1
3796,-1,-1,1733238055585404416,26042724
3797,32839936,37309852,-1,-1
3798,-1,-1,1733238055660121600,124717085
3799,34888448,115782664,-1,-1
3800,-1,-1,1733238055675487232,215365358
3801,30857984,212483619,-1,-1
3802,-1,-1,1733238055699022080,123534861
3803,30798592,123555490,-1,-1
3804,-1,-1,1733238055686959872,37937682
3805,44338688,49915275,-1,-1
3806,-1,-1,1733238055754184704,117224525
3807,44935168,116844727,-1,-1
3808,-1,-1,1733238055776372480,172187423
3809,36400128,161597985,-1,-1
3810,-1,-1,1733238055751312384,24939904
3811,15492352,22934783,-1,-1
3812,-1,-1,1733238055841910016,190597334
3813,41134848,199469720,-1,-1
3814,-1,-1,1733238055811415296,119505160
3815,45882368,124698886,-1,-1
3816,-1,-1,1733238055857000192,145584737
3817,19779072,131510854,-1,-1
3818,-1,-1,1733238055892825088,35824630
3819,32829184,38040711,-1,-1
3820,-1,-1,1733238055913645056,120819933
3821,33675776,119007785,-1,-1
3822,-1,-1,1733238055887254528,23609439
3823,19185664,23973413,-1,-1
3824,-1,-1,1733238055942319872,155064940
3825,32929536,155380160,-1,-1
3826,-1,-1,1733238055928177664,35857650
3827,42884352,47864338,-1,-1
3828,-1,-1,1733238055980960768,102782939
3829,31415808,91247991,-1,-1
3830,-1,-1,1733238055964906240,33945247
3831,41402624,46360031,-1,-1
3832,-1,-1,1733238056018745344,103839099
3833,30839808,90675678,-1,-1
3834,-1,-1,1733238056056568064,37822531
3835,45569536,50726124,-1,-1
3836,-1,-1,1733238056087291648,130723285
3837,33772032,117947655,-1,-1
3838,-1,-1,1733238056114641664,127350157
3839,33854720,128670464,-1,-1
3840,-1,-1,1733238056123517952,208876227
3841,22365184,208231525,-1,-1
3842,-1,-1,1733238056181066752,157548542
3843,29894656,155930825,-1,-1
3844,-1,-1,1733238056169051904,37984729
3845,45817856,50918488,-1,-1
3846,-1,-1,1733238056227764736,158712892
3847,24036864,146624782,-1,-1
3848,-1,-1,1733238056229542912,51778002
3849,23330560,55437034,-1,-1
3850,-1,-1,1733238056293194752,163651667
3851,31003392,160115165,-1,-1
3852,-1,-1,1733238056318911232,75716315
3853,32805376,75686416,-1,-1
3854,-1,-1,1733238056354970112,36058564
3855,32920320,37998083,-1,-1
3856,-1,-1,1733238056356542720,151572650
3857,19650048,153465504,-1,-1
3858,-1,-1,1733238056403675136,147132332
3859,17907200,142880364,-1,-1
3860,-1,-1,1733238056457509120,103833775
3861,30859264,103820584,-1,-1
3862,-1,-1,1733238056428964352,21455143
3863,17176576,22190317,-1,-1
3864,-1,-1,1733238056470686976,141722581
3865,32132096,144631220,-1,-1
3866,-1,-1,1733238056487478272,66790715
3867,38705408,71690738,-1,-1
3868,-1,-1,1733238056561534208,124056229
3869,35483648,117228209,-1,-1
3870,-1,-1,1733238056581883392,120349070
3871,32909056,119176534,-1,-1
3872,-1,-1,1733238056566296064,34412303
3873,40952320,45951975,-1,-1
3874,-1,-1,1733238056615515904,99219550
3875,32744192,87508769,-1,-1
3876,-1,-1,1733238056651957504,36441453
3877,30912000,36029330,-1,-1
3878,-1,-1,1733238056634220288,132262536
3879,44940544,144804722,-1,-1
3880,-1,-1,1733238056705199104,120979010
3881,31091968,108889451,-1,-1
3882,-1,-1,1733238056768739584,163540155
3883,44784384,174562063,-1,-1
3884,-1,-1,1733238056794372352,125632302
3885,40323584,122116412,-1,-1
3886,-1,-1,1733238056815279360,170906828
3887,30902016,163114785,-1,-1
3888,-1,-1,1733238056797835264,32555643
3889,28677888,33539007,-1,-1
3890,-1,-1,1733238056817503232,69667917
3891,39614976,72264061,-1,-1
3892,-1,-1,1733238056860235776,92732314
3893,30906112,89583053,-1,-1
3894,-1,-1,1733238056899362816,39126863
3895,44834304,49923882,-1,-1
3896,-1,-1,1733238056926784256,127421223
3897,32947200,117851099,-1,-1
3898,-1,-1,1733238056953252864,126468470
3899,32712192,125512612,-1,-1
3900,-1,-1,1733238056977439744,124186716
3901,44979712,135913716,-1,-1
3902,-1,-1,1733238056981104384,153664642
3903,19249920,141380152,-1,-1
3904,-1,-1,1733238057017620992,36516639
3905,32808448,37932990,-1,-1
3906,-1,-1,1733238057009148928,141527513
3907,36060928,139864162,-1,-1
3908,-1,-1,1733238057076489728,67340697
3909,42876160,75711487,-1,-1
3910,-1,-1,1733238057104313600,127823648
3911,32736768,119595136,-1,-1
3912,-1,-1,1733238057091024640,136711045
3913,41925632,139812972,-1,-1
3914,-1,-1,1733238057151821312,110796260
3915,32829184,109646266,-1,-1
3916,-1,-1,1733238057150207488,148386371
3917,19921152,146608756,-1,-1
3918,-1,-1,1733238057187016960,36809198
3919,31820032,36890466,-1,-1
3920,-1,-1,1733238057219969536,132952509
3921,34316032,132735212,-1,-1
3922,-1,-1,1733238057193291520,23321403
3923,15454464,23156458,-1,-1
3924,-1,-1,1733238057276628992,183337378
3925,32789504,184308970,-1,-1
3926,-1,-1,1733238057308496896,131868077
3927,34879744,131756808,-1,-1
3928,-1,-1,1733238057348716288,140219072
3929,42000896,147721408,-1,-1
3930,-1,-1,1733238057326136064,127419717
3931,43136768,128875163,-1,-1
3932,-1,-1,1733238057400162048,124025554
3933,33370624,114351632,-1,-1
3934,-1,-1,1733238057461446656,211284541
3935,36664576,215295648,-1,-1
3936,-1,-1,1733238057436024832,124578092
3937,22590208,120783632,-1,-1
3939,-1,-1,1733238057461716736,21712366
3940,22165760,26220673,-1,-1
3941,-1,-1,1733238057510522112,98805153
3942,33140736,98840615,-1,-1
3943,-1,-1,1733238057490344192,29821836
3944,27462912,32698066,-1,-1
3945,-1,-1,1733238057546934784,156590410
3946,30767360,153424480,-1,-1
3947,-1,-1,1733238057583030272,36095624
3948,32879104,37971114,-1,-1
3949,-1,-1,1733238057589542144,106511394
3950,32184064,104065995,-1,-1
3951,-1,-1,1733238057576660480,37118476
3952,40855296,45548332,-1,-1
3953,-1,-1,1733238057626218240,99557498
3954,30832896,91716243,-1,-1
3955,-1,-1,1733238057614208000,37989680
3956,44924672,49974411,-1,-1
3957,-1,-1,1733238057688841984,124633650
3958,44888320,124703926,-1,-1
3959,-1,-1,1733238057711227136,122384971
3960,32817920,109678921,-1,-1
3961,-1,-1,1733238057727033856,215806630
3962,30754560,216447000,-1,-1
3963,-1,-1,1733238057769819392,42785541
3964,36849408,41986278,-1,-1
3965,-1,-1,1733238057758817024,138997560
3966,45823232,142697408,-1,-1
3967,-1,-1,1733238057798819584,90002281
3968,31173376,86967101,-1,-1
3969,-1,-1,1733238057796525824,47706216
3970,44873984,49719395,-1,-1
3971,-1,-1,1733238057863607040,167081014
3972,32314624,163942197,-1,-1
3973,-1,-1,1733238057845663744,82056540
3974,45753344,95292058,-1,-1
3975,-1,-1,1733238057913966336,118302323
3976,47788032,120792205,-1,-1
3977,-1,-1,1733238057942885376,178919059
3978,33411072,165108631,-1,-1
3979,-1,-1,1733238057920882432,27996625
3980,26135296,30607127,-1,-1
3981,-1,-1,1733238057983499776,112617383
3982,33419264,109526879,-1,-1
3983,-1,-1,1733238058000712704,117212706
3984,35853312,120695957,-1,-1
3985,-1,-1,1733238058005212160,54499344
3986,30996992,50929002,-1,-1
3987,-1,-1,1733238057991567104,36354887
3988,33913088,38879539,-1,-1
3989,-1,-1,1733238058052162816,110595326
3990,31051776,107868267,-1,-1
3991,-1,-1,1733238058093564672,141401820
3992,44775936,153483622,-1,-1
3993,-1,-1,1733238058117230080,123665320
3994,44826112,123796671,-1,-1
3995,-1,-1,1733238058101035776,133805921
3996,43059200,124980861,-1,-1
3997,-1,-1,1733238058166740736,115704303
3998,33262848,110825748,-1,-1
3999,-1,-1,1733238058163450368,96709657
4000,32856832,98350364,-1,-1
4001,-1,-1,1733238058168349440,54898777
4002,19389696,54785351,-1,-1
4003,-1,-1,1733238058205984256,37634770
4004,33338624,38435763,-1,-1
4005,-1,-1,1733238058233963776,127979359
4006,32699648,129106734,-1,-1
4007,-1,-1,1733238058208894464,24930546
4008,15901440,23086278,-1,-1
4009,-1,-1,1733238058269386496,160491597
4010,32368640,160088738,-1,-1
4011,-1,-1,1733238058269167872,99781321
4012,29881344,103273366,-1,-1
4013,-1,-1,1733238058334105088,114937173
4014,32025344,112876413,-1,-1
4015,-1,-1,1733238058359544064,125438861
4016,30813952,123427610,-1,-1
4017,-1,-1,1733238058330778624,21234226
4018,14932736,21982679,-1,-1
4019,-1,-1,1733238058353337856,122558981
4020,15882240,122702298,-1,-1
4021,-1,-1,1733238058389730304,36392363
4022,33933568,39036884,-1,-1
4023,-1,-1,1733238058394018048,104287735
4024,32826112,101643150,-1,-1
4025,-1,-1,1733238058377790208,33772056
4026,29036032,34098493,-1,-1
4027,-1,-1,1733238058453674240,125883618
4028,32758272,125464854,-1,-1
4029,-1,-1,1733238058476636672,172962469
4030,32101120,172961885,-1,-1
4031,-1,-1,1733238058449286400,22649466
4032,15001856,22772276,-1,-1
4033,-1,-1,1733238058494883584,145596983
4034,32778752,145518790,-1,-1
4035,-1,-1,1733238058489741056,44857500
4036,42884096,48010061,-1,-1
4037,-1,-1,1733238058551260416,111519192
4038,32933632,108765643,-1,-1
4039,-1,-1,1733238058552325120,51064473
4040,37297664,50745545,-1,-1
4041,-1,-1,1733238058598292992,95967629
4042,32599552,95850310,-1,-1
4043,-1,-1,1733238058620863744,122570602
4044,32877056,122728066,-1,-1
4045,-1,-1,1733238058639392768,168528902
4046,31283968,168956997,-1,-1
4047,-1,-1,1733238058612276736,22883831
4048,19748096,25924207,-1,-1
4049,-1,-1,1733238058674257920,111981358
4050,30846464,108325178,-1,-1
4051,-1,-1,1733238058649180160,24921746
4052,19340032,25954876,-1,-1
4053,-1,-1,1733238058698820608,149640210
4054,34341120,149160621,-1,-1
4055,-1,-1,1733238058722620416,73799818
4056,32511232,74040906,-1,-1
4057,-1,-1,1733238058724379648,51759054
4058,31885824,50253445,-1,-1
4059,-1,-1,1733238058761491968,37112201
4060,32941056,37942873,-1,-1
4061,-1,-1,1733238058784154880,122662713
4062,32974592,122871294,-1,-1
4063,-1,-1,1733238058803396352,119241379
4064,31095040,117772755,-1,-1
4065,-1,-1,1733238058851696384,148299676
4066,44921344,152583078,-1,-1
4067,-1,-1,1733238058872333824,170637430
4068,30872576,166448903,-1,-1
4069,-1,-1,1733238058843028992,20695025
4070,19488768,25484426,-1,-1
4071,-1,-1,1733238058906530560,113501387
4072,32857088,110116052,-1,-1
4073,-1,-1,1733238058898662912,42132332
4074,33209344,42346703,-1,-1
4075,-1,-1,1733238058925302272,126638772
4076,32665600,126294134,-1,-1
4077,-1,-1,1733238058907244800,31942134
4078,38917888,43925311,-1,-1
4079,-1,-1,1733238058948134912,140890135
4080,21302528,128618314,-1,-1
4081,-1,-1,1733238058951856384,53721040
4082,19017472,53916306,-1,-1
4083,-1,-1,1733238059005990400,104134121
4084,32984064,105879464,-1,-1
4085,-1,-1,1733238058983566336,27575605
4086,19674880,25671249,-1,-1
4087,-1,-1,1733238059055154944,171588628
4088,34823168,171886388,-1,-1
4089,-1,-1,1733238059089392384,184237208
4090,33534208,183622048,-1,-1
4091,-1,-1,1733238059064713472,25320754
4092,20338176,26694194,-1,-1
4093,-1,-1,1733238059117206784,152493150
4094,31368960,152159262,-1,-1
4095,-1,-1,1733238059120317696,103110801
4096,14895104,102150226,-1,-1
4097,-1,-1,1733238059157208064,36890018
4098,33859584,39435848,-1,-1
4099,-1,-1,1733238059207351296,150143125
4100,49297664,161142056,-1,-1
4101,-1,-1,1733238059183987456,126636315
4102,43918848,127829548,-1,-1
4103,-1,-1,1733238059226903040,92915175
4104,33358336,78520293,-1,-1
4105,-1,-1,1733238059248580096,121677201
4106,33028608,121926060,-1,-1
4107,-1,-1,1733238059276681728,78101358
4108,30861056,77578004,-1,-1
4109,-1,-1,1733238059246350336,19668495
4110,19020288,24052156,-1,-1
4111,-1,-1,1733238059311111424,114760907
4112,31127296,110972110,-1,-1
4113,-1,-1,1733238059312960768,51849288
4114,33767168,54521791,-1,-1
4115,-1,-1,1733238059328433152,165471804
4116,44281600,165493245,-1,-1
4117,-1,-1,1733238059380052736,151619420
4118,33737216,149586333,-1,-1
4119,-1,-1,1733238059355218176,25165490
4120,23798016,28010963,-1,-1
4121,-1,-1,1733238059407125504,101907030
4122,31816192,96684789,-1,-1
4123,-1,-1,1733238059387700224,30574692
4124,30185216,35264459,-1,-1
4125,-1,-1,1733238059452761088,115060479
4126,31622400,112162337,-1,-1
4127,-1,-1,1733238059452132864,49371924
4128,30703360,48993357,-1,-1
4129,-1,-1,1733238059508820480,156687459
4130,32726016,156620727,-1,-1
4131,-1,-1,1733238059545757440,136936805
4132,33330432,138714783,-1,-1
4133,-1,-1,1733238059569012736,123255261
4134,44741632,133674547,-1,-1
4135,-1,-1,1733238059597620992,128607987
4136,33291008,116532062,-1,-1
4137,-1,-1,1733238059595045888,197424715
4138,36375552,200472848,-1,-1
4139,-1,-1,1733238059663963392,68917323
4140,33764352,65784734,-1,-1
4141,-1,-1,1733238059688815872,124852385
4142,35029504,128845904,-1,-1
4143,-1,-1,1733238059663036672,124220632
4144,44702208,132516078,-1,-1
4145,-1,-1,1733238059735569920,122534310
4146,33866752,109709741,-1,-1
4147,-1,-1,1733238059735189248,49617694
4148,33059328,50947465,-1,-1
4149,-1,-1,1733238059768977920,133788562
4150,34881280,134547624,-1,-1
4151,-1,-1,1733238059761436928,42458910
4152,34080000,41587427,-1,-1
4153,-1,-1,1733238059780852224,119414952
4154,32890624,118919989,-1,-1
4155,-1,-1,1733238059764757760,33905560
4156,28767232,33835480,-1,-1
4157,-1,-1,1733238059840574208,125816058
4158,32679168,125592992,-1,-1
4159,-1,-1,1733238059839930368,149356148
4160,18252288,148590837,-1,-1
4161,-1,-1,1733238059875002112,35071548
4162,31460608,36545828,-1,-1
4163,-1,-1,1733238059904569344,129567037
4164,34990848,130351152,-1,-1
4165,-1,-1,1733238059875541760,20972558
4166,17837312,22669775,-1,-1
4167,-1,-1,1733238059940694528,115152017
4168,32403712,111296199,-1,-1
4169,-1,-1,1733238059931260672,40566142
4170,34183424,42660720,-1,-1
4171,-1,-1,1733238059936108032,104847147
4172,14788608,103359804,-1,-1
4173,-1,-1,1733238059953578752,117470715
4174,24828672,120869850,-1,-1
4175,-1,-1,1733238060010811904,107232986
4176,30912768,103752437,-1,-1
4177,-1,-1,1733238059986385152,25573027
4178,17898496,25997347,-1,-1
4179,-1,-1,1733238060003171328,116786172
4180,21419520,120254175,-1,-1
4181,-1,-1,1733238060055771904,152600271
4182,32914944,149122789,-1,-1
4183,-1,-1,1733238060034578944,28807224
4184,32039168,36993888,-1,-1
4185,-1,-1,1733238060081436416,96856969
4186,33405440,89225390,-1,-1
4187,-1,-1,1733238060060298496,28861834
4188,34681600,40474145,-1,-1
4189,-1,-1,1733238060083750144,123451387
4190,43738880,122522467,-1,-1
4191,-1,-1,1733238060156286464,172536333
4192,32429056,161150467,-1,-1
4193,-1,-1,1733238060128847872,22561457
4194,14798080,22384558,-1,-1
4195,-1,-1,1733238060157404928,128556711
4196,14903808,128753633,-1,-1
4197,-1,-1,1733238060195264000,37858938
4198,32956672,38008004,-1,-1
4199,-1,-1,1733238060183336192,138071842
4200,42928896,149596258,-1,-1
4201,-1,-1,1733238060230815232,47479087
4202,32832000,37788436,-1,-1
4203,-1,-1,1733238060218563328,87747738
4204,19878144,85796060,-1,-1
4205,-1,-1,1733238060254723072,36159538
4206,32896000,38012244,-1,-1
4207,-1,-1,1733238060264169984,159446994
4208,33702400,157931360,-1,-1
4209,-1,-1,1733238060303100160,38929931
4210,36869120,41550049,-1,-1
4211,-1,-1,1733238060315221760,112121451
4212,32794624,108668922,-1,-1
4213,-1,-1,1733238060337198336,171976416
4214,31524608,173245215,-1,-1
4215,-1,-1,1733238060315266048,28067585
4216,26435584,30765553,-1,-1
4217,-1,-1,1733238060385498112,120231896
4218,33967616,117288999,-1,-1
4219,-1,-1,1733238060363207424,27709151
4220,18760960,26964700,-1,-1
4221,-1,-1,1733238060386732032,123524600
4222,23598848,126871122,-1,-1
4223,-1,-1,1733238060452011264,115278743
4224,34084096,112641391,-1,-1
4225,-1,-1,1733238060426180864,24169759
4226,16996096,23651502,-1,-1
4227,-1,-1,1733238060507608576,181427516
4228,40681728,186497953,-1,-1
4229,-1,-1,1733238060527586048,119977212
4230,33248256,117131249,-1,-1
4231,-1,-1,1733238060529743872,152157654
4232,19264000,150041897,-1,-1
4233,-1,-1,1733238060565992192,36247987
4234,30960896,36040547,-1,-1
4235,-1,-1,1733238060565422080,99429821
4236,19233536,99572436,-1,-1
4237,-1,-1,1733238060603776512,38354082
4238,33999616,39089889,-1,-1
4239,-1,-1,1733238060620277248,116500704
4240,31685120,115453116,-1,-1
4241,-1,-1,1733238060589925888,19648699
4242,18028032,23197807,-1,-1
4243,-1,-1,1733238060647800064,107873723
4244,31823360,104692349,-1,-1
4245,-1,-1,1733238060616508416,18708711
4246,17087232,21988096,-1,-1
4247,-1,-1,1733238060655362048,88852990
4248,18743040,84410856,-1,-1
4249,-1,-1,1733238060691891712,36529603
4250,32862720,37985192,-1,-1
4251,-1,-1,1733238060707269120,115376940
4252,31746304,115641516,-1,-1
4253,-1,-1,1733238060681762048,24492919
4254,20998400,27105744,-1,-1
4255,-1,-1,1733238060745616384,113854382
4256,32798720,109446507,-1,-1
4257,-1,-1,1733238060744244736,98628044
4258,19403776,99858803,-1,-1
4259,-1,-1,1733238060752046592,57801685
4260,14895616,57811516,-1,-1
4261,-1,-1,1733238060789366784,37319983
4262,32026880,36924492,-1,-1
4263,-1,-1,1733238060813585152,124218579
4264,35534080,128303425,-1,-1
4265,-1,-1,1733238060788383488,24797506
4266,24956928,29255887,-1,-1
4267,-1,-1,1733238060861201152,122817440
4268,35826944,116610734,-1,-1
4269,-1,-1,1733238060882799104,171597760
4270,33060608,171730408,-1,-1
4271,-1,-1,1733238060854719488,21920483
4272,14986496,19881954,-1,-1
