#,Latency steering,Period steering,Latency velocity,Period velocity
1,-1,-1,1733414916143526656,36673906
2,33104640,37943861,-1,-1
3,-1,-1,1733414916218345728,174818666
4,32601600,175344574,-1,-1
5,-1,-1,1733414916252808192,134462397
6,31464704,132932963,-1,-1
7,-1,-1,1733414916292361472,189553118
8,27426048,202600167,-1,-1
9,-1,-1,1733414916318299392,75937658
10,30850816,62742538,-1,-1
11,-1,-1,1733414916419982336,151682666
12,33089792,151917343,-1,-1
13,-1,-1,1733414916479010560,159028085
14,33031680,160715576,-1,-1
15,-1,-1,1733414916551362048,172351404
16,33839360,172329167,-1,-1
17,-1,-1,1733414916618935808,167573156
18,32793088,165586769,-1,-1
19,-1,-1,1733414916674511104,155575425
20,36771840,155654565,-1,-1
21,-1,-1,1733414916702383360,127872093
22,31028736,127949188,-1,-1
23,-1,-1,1733414916781546752,179163096
24,35016192,178613876,-1,-1
25,-1,-1,1733414916762283776,30736967
26,18820864,31132784,-1,-1
27,-1,-1,1733414916858302464,196018329
28,31133952,196476737,-1,-1
29,-1,-1,1733414916899777024,191474570
30,25755136,203146964,-1,-1
31,-1,-1,1733414916975665408,75888134
32,33822720,65798655,-1,-1
33,-1,-1,1733414917045126144,169460673
34,35163136,168072481,-1,-1
35,-1,-1,1733414917098302976,153176713
36,32728832,154249716,-1,-1
37,-1,-1,1733414917150478336,152175224
38,35666432,150380337,-1,-1
39,-1,-1,1733414917170808320,120329794
40,31129344,120124729,-1,-1
41,-1,-1,1733414917241931264,171122885
42,32299264,172764583,-1,-1
43,-1,-1,1733414917231558144,39626514
44,32433664,38546264,-1,-1
45,-1,-1,1733414917296595200,115036991
46,31037952,114805436,-1,-1
47,-1,-1,1733414917278304768,31709350
48,26916096,31861848,-1,-1
49,-1,-1,1733414917348216832,119912002
50,31478272,120194179,-1,-1
51,-1,-1,1733414917366805504,68588315
52,30814720,68224508,-1,-1
53,-1,-1,1733414917373530112,106724980
54,32028416,106982689,-1,-1
55,-1,-1,1733414917440645376,117114562
56,32031232,116102861,-1,-1
57,-1,-1,1733414917416153856,25508328
58,21980928,26349906,-1,-1
59,-1,-1,1733414917490275072,124121410
60,31560448,124292219,-1,-1
61,-1,-1,1733414917473884672,33609292
62,28195840,33297798,-1,-1
63,-1,-1,1733414917538624768,114739899
64,30716672,114902099,-1,-1
65,-1,-1,1733414917596276736,107651566
66,32780288,108529305,-1,-1
67,-1,-1,1733414917647363072,201086207
68,32372992,200208840,-1,-1
69,-1,-1,1733414917637817600,40454461
70,15792896,40304143,-1,-1
71,-1,-1,1733414917736755712,248937906
72,30968576,248652276,-1,-1
73,-1,-1,1733414917789101824,152345972
74,31926272,153914596,-1,-1
75,-1,-1,1733414917812869632,73767189
76,31448320,73417968,-1,-1
77,-1,-1,1733414917861464832,148595240
78,31911168,147868589,-1,-1
79,-1,-1,1733414917849387008,37922214
80,31294720,37759895,-1,-1
81,-1,-1,1733414917901118464,151731208
82,41049856,154886724,-1,-1
83,-1,-1,1733414917916659968,65541324
84,29875456,61848944,-1,-1
85,-1,-1,1733414918013964544,147304813
86,33796608,149382538,-1,-1
87,-1,-1,1733414918037675520,123710205
88,30906624,121846853,-1,-1
89,-1,-1,1733414918027725312,40049487
90,14923008,39765657,-1,-1
91,-1,-1,1733414918119514112,291788574
92,14857984,292327560,-1,-1
93,-1,-1,1733414918147401216,127887217
94,31635712,130518860,-1,-1
95,-1,-1,1733414918216925952,119524447
96,31256832,117104591,-1,-1
97,-1,-1,1733414918236650752,69724629
98,32164096,70786365,-1,-1
99,-1,-1,1733414918275234048,138583199
100,30884352,137379485,-1,-1
101,-1,-1,1733414918263082496,37848429
102,32790272,37745743,-1,-1
103,-1,-1,1733414918361700096,148617181
104,41716736,157557823,-1,-1
105,-1,-1,1733414918413013504,201313379
106,31602176,192374668,-1,-1
107,-1,-1,1733414918431548160,68534362
108,30808064,68095670,-1,-1
109,-1,-1,1733414918504603648,173055332
110,32727808,174623637,-1,-1
111,-1,-1,1733414918536264448,131660623
112,31309824,131219801,-1,-1
113,-1,-1,1733414918590031104,203766759
114,22973440,203050388,-1,-1
115,-1,-1,1733414918593008128,52976616
116,20540928,52870501,-1,-1
117,-1,-1,1733414918682665984,139657930
118,32838144,140131215,-1,-1
119,-1,-1,1733414918703344640,70678280
120,30835712,70370388,-1,-1
121,-1,-1,1733414918740696576,187351785
122,22366464,195883740,-1,-1
123,-1,-1,1733414918762233856,71536911
124,27774720,62421602,-1,-1
125,-1,-1,1733414918810357248,98123475
126,19263744,98762118,-1,-1
127,-1,-1,1733414918846231296,35873774
128,30609920,35682554,-1,-1
129,-1,-1,1733414918900746752,154515370
130,38371584,155007586,-1,-1
131,-1,-1,1733414918959291648,158544915
132,31047680,154794608,-1,-1
133,-1,-1,1733414918968627200,59335123
134,30797568,62630032,-1,-1
135,-1,-1,1733414919016208896,147581532
136,30811136,147637706,-1,-1
137,-1,-1,1733414919064377600,148168490
138,30785280,147734247,-1,-1
139,-1,-1,1733414919046850816,32473359
140,33639680,40972754,-1,-1
141,-1,-1,1733414919094721792,97870705
142,16818944,89693559,-1,-1
143,-1,-1,1733414919130964224,36242205
144,31140864,36172934,-1,-1
145,-1,-1,1733414919166137088,135186273
146,31780352,135427829,-1,-1
147,-1,-1,1733414919149922048,33771240
148,41320704,46386944,-1,-1
149,-1,-1,1733414919251815168,151892896
150,32917248,141213784,-1,-1
151,-1,-1,1733414919271204096,119388711
152,31238912,118092779,-1,-1
153,-1,-1,1733414919337893376,166689181
154,32810240,168044363,-1,-1
155,-1,-1,1733414919391293696,203400062
156,40007424,202304946,-1,-1
157,-1,-1,1733414919410708736,69414760
158,30879232,68257653,-1,-1
159,-1,-1,1733414919484929024,174220127
160,33832192,174498922,-1,-1
161,-1,-1,1733414919539547136,204618168
162,31610624,204658532,-1,-1
163,-1,-1,1733414919525679616,36132294
164,30256640,35852089,-1,-1
165,-1,-1,1733414919605351680,129671842
166,32005888,126850819,-1,-1
167,-1,-1,1733414919605034240,49682403
168,33020928,53015740,-1,-1
169,-1,-1,1733414919641054720,36020629
170,32777472,37655825,-1,-1
171,-1,-1,1733414919687951616,196896429
172,32493824,194689626,-1,-1
173,-1,-1,1733414919753415424,115463665
174,32669440,117577084,-1,-1
175,-1,-1,1733414919827021312,223605827
176,35888896,224706016,-1,-1
177,-1,-1,1733414919897269504,320248052
178,14919936,317273302,-1,-1
179,-1,-1,1733414919950019840,102750221
180,32027392,102856367,-1,-1
181,-1,-1,1733414919996521984,146502305
182,30875392,146585199,-1,-1
183,-1,-1,1733414920052345600,155823139
184,31785728,156576924,-1,-1
185,-1,-1,1733414920040052224,37706332
186,30348544,40946056,-1,-1
187,-1,-1,1733414920113918976,173866602
188,34079232,169506405,-1,-1
189,-1,-1,1733414920149535232,85616091
190,38045440,88497019,-1,-1
191,-1,-1,1733414920193494784,143959555
192,32263424,142365904,-1,-1
193,-1,-1,1733414920232788480,39293645
194,32705024,39759458,-1,-1
195,-1,-1,1733414920282665728,149877059
196,33410560,149999878,-1,-1
197,-1,-1,1733414920334411008,151745054
198,34902272,153179795,-1,-1
199,-1,-1,1733414920394844160,210432797
200,30810880,207333503,-1,-1
201,-1,-1,1733414920413390592,118546481
202,33112832,118927790,-1,-1
203,-1,-1,1733414920453430784,40039912
204,46725632,51707375,-1,-1
205,-1,-1,1733414920483964160,130533079
206,31281664,118083247,-1,-1
207,-1,-1,1733414920557564672,223600567
208,32415744,225640768,-1,-1
209,-1,-1,1733414920624131328,266566550
210,31698944,265527947,-1,-1
211,-1,-1,1733414920669659136,95527569
212,46436864,107138436,-1,-1
213,-1,-1,1733414920695505920,125846730
214,32033280,114807091,-1,-1
215,-1,-1,1733414920773054464,227548305
216,34039040,226409568,-1,-1
217,-1,-1,1733414920817433088,194378283
218,31877376,194301977,-1,-1
219,-1,-1,1733414920849912576,132479433
220,32943104,132707198,-1,-1
221,-1,-1,1733414920887345152,37432385
222,46865408,51840639,-1,-1
223,-1,-1,1733414920928531200,191186213
224,33194496,176882400,-1,-1
225,-1,-1,1733414920966917120,188385488
226,35768320,188093845,-1,-1
227,-1,-1,1733414921030033152,113115872
228,30870272,112889430,-1,-1
229,-1,-1,1733414921012626688,32593355
230,30917120,35881635,-1,-1
231,-1,-1,1733414921080476160,117849284
232,31046656,114874157,-1,-1
233,-1,-1,1733414921121208320,40732206
234,40678144,46740253,-1,-1
235,-1,-1,1733414921163448064,142239424
236,38033664,139707622,-1,-1
237,-1,-1,1733414921238629120,225181076
238,30678016,221406045,-1,-1
239,-1,-1,1733414921268140544,129511084
240,33302528,130265323,-1,-1
241,-1,-1,1733414921305967360,37826946
242,45760768,50329374,-1,-1
243,-1,-1,1733414921341776896,135809349
244,31002624,122984872,-1,-1
245,-1,-1,1733414921377348352,185570894
246,40500224,197630722,-1,-1
247,-1,-1,1733414921452116736,74768323
248,31098112,63141979,-1,-1
249,-1,-1,1733414921517966080,165849105
250,36474112,168066749,-1,-1
251,-1,-1,1733414921566555648,148589302
252,30891264,145832427,-1,-1
253,-1,-1,1733414921602307072,135751456
254,31257344,135961997,-1,-1
255,-1,-1,1733414921587077120,34770039
256,31334400,37727936,-1,-1
257,-1,-1,1733414921642376192,155299071
258,19359488,151794699,-1,-1
259,-1,-1,1733414921675482624,133105963
260,35672832,133767388,-1,-1
261,-1,-1,1733414921762243840,136761001
262,39043328,140485952,-1,-1
263,-1,-1,1733414921797917952,235673921
264,24322816,231442425,-1,-1
265,-1,-1,1733414921807629056,59711150
266,29513984,62779479,-1,-1
267,-1,-1,1733414921907609088,149979868
268,31815936,146773698,-1,-1
269,-1,-1,1733414921935528960,127919540
270,31092224,128209977,-1,-1
271,-1,-1,1733414921978068480,92539452
272,32776448,93497519,-1,-1
273,-1,-1,1733414922026075904,148007246
274,31819776,146425560,-1,-1
275,-1,-1,1733414922042392064,116316097
276,33404160,117223641,-1,-1
277,-1,-1,1733414922042549504,50157209
278,45947392,50535166,-1,-1
279,-1,-1,1733414922087809792,95260119
280,33747968,95041358,-1,-1
281,-1,-1,1733414922124108032,36298137
282,33031424,37672049,-1,-1
283,-1,-1,1733414922157584640,133476496
284,33929216,132635013,-1,-1
285,-1,-1,1733414922220268544,162684003
286,32023040,161714281,-1,-1
287,-1,-1,1733414922242238976,121970030
288,33773056,122414461,-1,-1
289,-1,-1,1733414922301657088,159418065
290,30775040,158984806,-1,-1
291,-1,-1,1733414922378100224,176442839
292,32492288,176434191,-1,-1
293,-1,-1,1733414922392848384,114748211
294,15184128,114829864,-1,-1
295,-1,-1,1733414922428788736,35940023
296,31037696,35926742,-1,-1
297,-1,-1,1733414922471519488,142730762
298,31088896,142658761,-1,-1
299,-1,-1,1733414922474214144,52694361
300,47883264,52607010,-1,-1
301,-1,-1,1733414922517407488,93193326
302,33379072,92735633,-1,-1
303,-1,-1,1733414922555983872,38576171
304,45669632,50995099,-1,-1
305,-1,-1,1733414922601558528,145574298
306,33347328,135630422,-1,-1
307,-1,-1,1733414922642450688,140892083
308,31912448,138773219,-1,-1
309,-1,-1,1733414922678327552,135876752
310,31371520,135159403,-1,-1
311,-1,-1,1733414922676978688,48650844
312,44946944,49405943,-1,-1
313,-1,-1,1733414922721622272,94643490
314,30771712,94676378,-1,-1
315,-1,-1,1733414922759949312,38326891
316,32886272,37981151,-1,-1
317,-1,-1,1733414922811892992,151943742
318,33480960,150852218,-1,-1
319,-1,-1,1733414922810930688,49037184
320,45958400,50882193,-1,-1
321,-1,-1,1733414922855839744,94909095
322,34513920,95584548,-1,-1
323,-1,-1,1733414922894737152,38897405
324,44842240,49947199,-1,-1
325,-1,-1,1733414922925974784,131237359
326,31309056,119161361,-1,-1
327,-1,-1,1733414922977999616,152024781
328,42080512,163093635,-1,-1
329,-1,-1,1733414923043601920,215602028
330,35693824,207406495,-1,-1
331,-1,-1,1733414923036301568,142699331
332,34456576,143387043,-1,-1
333,-1,-1,1733414923093286912,106985030
334,33019392,103807212,-1,-1
335,-1,-1,1733414923076864512,33577606
336,31948288,36309424,-1,-1
337,-1,-1,1733414923168445184,141580394
338,38294016,142017023,-1,-1
339,-1,-1,1733414923226967296,258521852
340,32133120,256205038,-1,-1
341,-1,-1,1733414923269745664,92778469
342,31803136,91491676,-1,-1
343,-1,-1,1733414923287339264,117593412
344,32900864,117747686,-1,-1
345,-1,-1,1733414923283308544,45969046
346,40794880,45754705,-1,-1
347,-1,-1,1733414923323955712,90647163
348,33008640,90950229,-1,-1
349,-1,-1,1733414923361899520,37943278
350,45776640,50793924,-1,-1
351,-1,-1,1733414923392628224,130729021
352,30936832,117754057,-1,-1
353,-1,-1,1733414923415275776,172646893
354,25085184,172365219,-1,-1
355,-1,-1,1733414923420887808,55611821
356,27261952,60339428,-1,-1
357,-1,-1,1733414923478674432,107786443
358,33994240,105859277,-1,-1
359,-1,-1,1733414923463091200,34416804
360,28372480,34748429,-1,-1
361,-1,-1,1733414923513111040,150019314
362,16145408,147235372,-1,-1
363,-1,-1,1733414923551590656,38479493
364,31743232,38135294,-1,-1
365,-1,-1,1733414923587303680,185712821
366,33739776,185273302,-1,-1
367,-1,-1,1733414923599422720,62119012
368,33741056,65725451,-1,-1
369,-1,-1,1733414923664110080,114687048
370,31201792,112202171,-1,-1
371,-1,-1,1733414923702051840,37941535
372,35921152,40852807,-1,-1
373,-1,-1,1733414923804011776,451959954
374,14855680,448527476,-1,-1
375,-1,-1,1733414923896898304,242886328
376,32634112,242673567,-1,-1
377,-1,-1,1733414923935466496,88568048
378,30617856,88569218,-1,-1
379,-1,-1,1733414923969993984,234527529
380,15161344,234637715,-1,-1
381,-1,-1,1733414924066211840,196217566
382,30822912,196346198,-1,-1
383,-1,-1,1733414924097022720,180810499
384,28532224,181328299,-1,-1
385,-1,-1,1733414924164822784,67799833
386,33953280,67329629,-1,-1
387,-1,-1,1733414924217489408,152668009
388,32880640,153526932,-1,-1
389,-1,-1,1733414924240004352,122513148
390,33418240,120884065,-1,-1
391,-1,-1,1733414924284043264,94038938
392,32021248,93889869,-1,-1
393,-1,-1,1733414924324262144,140218740
394,34403328,144137397,-1,-1
395,-1,-1,1733414924395369728,221107285
396,36309248,220900299,-1,-1
397,-1,-1,1733414924392208896,146839142
398,35932928,143966408,-1,-1
399,-1,-1,1733414924434683904,142474783
400,18620416,146186347,-1,-1
401,-1,-1,1733414924503493376,68809334
402,45319680,77201603,-1,-1
403,-1,-1,1733414924538169600,134676113
404,46822400,135744268,-1,-1
405,-1,-1,1733414924621710592,333540764
406,34493696,323406048,-1,-1
407,-1,-1,1733414924635514112,63803407
408,31843072,60603246,-1,-1
409,-1,-1,1733414924672038144,186523706
410,27857664,188645998,-1,-1
411,-1,-1,1733414924680734976,58696723
412,28477440,61553145,-1,-1
413,-1,-1,1733414924726587904,145852968
414,17969152,145064006,-1,-1
415,-1,-1,1733414924798233344,71645278
416,45771008,79838260,-1,-1
417,-1,-1,1733414924826175488,127941822
418,41193472,126750325,-1,-1
419,-1,-1,1733414924861744896,135569465
420,42926080,135755767,-1,-1
421,-1,-1,1733414924859432448,147687208
422,42913280,136590066,-1,-1
423,-1,-1,1733414924917078272,107645883
424,32748800,107639206,-1,-1
425,-1,-1,1733414924954983680,87905083
426,34426880,90498736,-1,-1
427,-1,-1,1733414924934892544,29908677
428,27997952,30441400,-1,-1
429,-1,-1,1733414924981847040,146954487
430,14706432,143597798,-1,-1
431,-1,-1,1733414925017675264,35827993
432,31607808,36621694,-1,-1
433,-1,-1,1733414925068276736,150601257
434,32779776,149967284,-1,-1
435,-1,-1,1733414925058812416,40535367
436,40895744,45967108,-1,-1
437,-1,-1,1733414925108187648,99375317
438,33478912,91968418,-1,-1
439,-1,-1,1733414925104860160,46672179
440,43779584,48536732,-1,-1
441,-1,-1,1733414925146519296,91659007
442,30284288,91740952,-1,-1
443,-1,-1,1733414925145775104,49255647
444,43882752,48988249,-1,-1
445,-1,-1,1733414925185429760,89654490
446,33043968,90012974,-1,-1
447,-1,-1,1733414925187164416,51734426
448,46229504,51666142,-1,-1
449,-1,-1,1733414925247015168,109850714
450,32348928,111263659,-1,-1
451,-1,-1,1733414925293040128,146025166
452,32196864,145648610,-1,-1
453,-1,-1,1733414925330215936,137175453
454,31450368,136819644,-1,-1
455,-1,-1,1733414925381879808,151663825
456,30833920,151003718,-1,-1
457,-1,-1,1733414925398597376,116717074
458,32775936,116892492,-1,-1
459,-1,-1,1733414925396521472,47924057
460,42799616,47719291,-1,-1
461,-1,-1,1733414925437277184,90755397
462,33675008,91824901,-1,-1
463,-1,-1,1733414925437199360,49922138
464,43941888,48929252,-1,-1
465,-1,-1,1733414925477278720,90079302
466,31529472,90543597,-1,-1
467,-1,-1,1733414925471073792,43795018
468,40792064,45074834,-1,-1
469,-1,-1,1733414925533920512,112846237
470,32785152,112736657,-1,-1
471,-1,-1,1733414925607077376,223156999
472,35906048,224606450,-1,-1
473,-1,-1,1733414925705933312,398855803
474,35799808,395006545,-1,-1
475,-1,-1,1733414925705074432,49140890
476,32456192,49525233,-1,-1
477,-1,-1,1733414925746082816,141007840
478,32813312,141170866,-1,-1
479,-1,-1,1733414925781571840,185489138
480,29823488,185573582,-1,-1
481,-1,-1,1733414925792696320,61124054
482,28832768,60920421,-1,-1
483,-1,-1,1733414925879123200,136426642
484,41701120,142949368,-1,-1
485,-1,-1,1733414925915014912,135891741
486,33451008,130765100,-1,-1
487,-1,-1,1733414925968499200,153484084
488,36346368,155426141,-1,-1
489,-1,-1,1733414926005090304,136591094
490,35775744,136678073,-1,-1
491,-1,-1,1733414926045082112,139991581
492,38521344,139840106,-1,-1
493,-1,-1,1733414926080818432,135736153
494,34773760,134485818,-1,-1
495,-1,-1,1733414926141565440,310746783
496,30854656,308496077,-1,-1
497,-1,-1,1733414926166270720,74705187
498,32332800,76365772,-1,-1
499,-1,-1,1733414926204952064,88681166
500,30857472,85212084,-1,-1
501,-1,-1,1733414926248493312,143540967
502,33826304,145708730,-1,-1
503,-1,-1,1733414926286234880,137741553
504,31038208,136831625,-1,-1
505,-1,-1,1733414926262888960,26653866
506,21995520,26962961,-1,-1
507,-1,-1,1733414926301960448,139071290
508,27942912,139763545,-1,-1
509,-1,-1,1733414926368788736,116828086
510,31169024,116905335,-1,-1
511,-1,-1,1733414926345415936,26627210
512,21873664,26583780,-1,-1
513,-1,-1,1733414926415205120,119788950
514,31066624,120063576,-1,-1
515,-1,-1,1733414926390002688,24797298
516,17948672,23759775,-1,-1
517,-1,-1,1733414926479113728,189110955
518,31907840,188574834,-1,-1
519,-1,-1,1733414926466439424,37325560
520,29245696,38079944,-1,-1
521,-1,-1,1733414926492475392,126035743
522,27246592,127011147,-1,-1
523,-1,-1,1733414926548272128,105796718
524,33912576,106505839,-1,-1
525,-1,-1,1733414926531268096,32995618
526,28939520,32805770,-1,-1
527,-1,-1,1733414926595956992,114688997
528,32429824,113866433,-1,-1
529,-1,-1,1733414926579726592,33769228
530,25752064,33994592,-1,-1
531,-1,-1,1733414926659517440,129790830
532,33774336,130601373,-1,-1
533,-1,-1,1733414926652305664,142787917
534,31327232,143183716,-1,-1
535,-1,-1,1733414926723655168,121349494
536,30827520,118236899,-1,-1
537,-1,-1,1733414926738416640,64761084
538,31275008,63815695,-1,-1
539,-1,-1,1733414926773817856,35401344
540,32991232,38107577,-1,-1
541,-1,-1,1733414926789984768,116166768
542,31418624,115676729,-1,-1
543,-1,-1,1733414926806529280,166544395
544,22823168,166548222,-1,-1
545,-1,-1,1733414926855134976,48605556
546,31522304,49044155,-1,-1
547,-1,-1,1733414926875323392,70188249
548,32072192,69913828,-1,-1
549,-1,-1,1733414926903513600,78189925
550,32839680,78642515,-1,-1
551,-1,-1,1733414926878258176,24744579
552,19032832,24071696,-1,-1
553,-1,-1,1733414926943598848,115340509
554,33495808,116206955,-1,-1
555,-1,-1,1733414926917690368,24091487
556,18614272,23424133,-1,-1
557,-1,-1,1733414926985440512,117749657
558,31453184,118275927,-1,-1
559,-1,-1,1733414926972126720,36685927
560,26743040,36367517,-1,-1
561,-1,-1,1733414926998436608,126310027
562,26058240,126003666,-1,-1
563,-1,-1,1733414927063805952,115368990
564,31137536,115815650,-1,-1
565,-1,-1,1733414927032862720,19056426
566,13871104,18752214,-1,-1
567,-1,-1,1733414927117163776,134301118
568,39430400,138291119,-1,-1
569,-1,-1,1733414927099227392,32063323
570,22743808,27193236,-1,-1
571,-1,-1,1733414927124007424,124779816
572,27956992,126146790,-1,-1
573,-1,-1,1733414927194274816,120267433
574,32032512,120638315,-1,-1
575,-1,-1,1733414927165824512,21549310
576,16176896,21140573,-1,-1
577,-1,-1,1733414927233993984,118169593
578,31850496,117414571,-1,-1
579,-1,-1,1733414927206526464,22532036
580,18224384,23263132,-1,-1
581,-1,-1,1733414927272558592,116032160
582,30948864,113582139,-1,-1
583,-1,-1,1733414927243682304,21123345
584,18127872,23058948,-1,-1
585,-1,-1,1733414927310476032,116793716
586,31778560,117015440,-1,-1
587,-1,-1,1733414927295824384,35348021
588,24514816,34409310,-1,-1
589,-1,-1,1733414927313293056,117468484
590,18938624,118964957,-1,-1
591,-1,-1,1733414927386435584,123142601
592,30967040,122690902,-1,-1
593,-1,-1,1733414927373461504,37025588
594,32509440,37583464,-1,-1
595,-1,-1,1733414927438128640,114667274
596,32984576,114053903,-1,-1
597,-1,-1,1733414927411986176,23857188
598,18955520,23854777,-1,-1
599,-1,-1,1733414927475066368,113080137
600,31206912,112993893,-1,-1
601,-1,-1,1733414927454701056,29634420
602,21948928,30478158,-1,-1
603,-1,-1,1733414927527496192,122795221
604,32828416,121888886,-1,-1
605,-1,-1,1733414927544538624,67041994
606,32646656,68694552,-1,-1
607,-1,-1,1733414927585154816,140616052
608,30940416,139043870,-1,-1
609,-1,-1,1733414927596624128,161469253
610,30834432,161648899,-1,-1
611,-1,-1,1733414927669791232,123166837
612,33296896,125086595,-1,-1
613,-1,-1,1733414927717984000,198192666
614,26323712,208513951,-1,-1
615,-1,-1,1733414927794841856,76857723
616,36920832,68649605,-1,-1
617,-1,-1,1733414927830959360,136117377
618,32984064,133898722,-1,-1
619,-1,-1,1733414927890288640,209329025
620,32984832,209509964,-1,-1
621,-1,-1,1733414927925056768,134768054
622,30740480,132599564,-1,-1
623,-1,-1,1733414927942778624,117721664
624,34497536,118456801,-1,-1
625,-1,-1,1733414927937871616,45092921
626,38210048,44258691,-1,-1
627,-1,-1,1733414927979744000,91872049
628,30862848,91873794,-1,-1
629,-1,-1,1733414928016524288,36780261
630,33101312,38142658,-1,-1
631,-1,-1,1733414928057980672,141456098
632,33383936,141495751,-1,-1
633,-1,-1,1733414928128768000,220787364
634,36895488,222562029,-1,-1
635,-1,-1,1733414928160987392,182219066
636,30976256,178709209,-1,-1
637,-1,-1,1733414928205429504,194442197
638,32424960,197647779,-1,-1
639,-1,-1,1733414928219846400,64416417
640,33593088,65450628,-1,-1
641,-1,-1,1733414928284578560,164732210
642,33651968,162962454,-1,-1
643,-1,-1,1733414928361527552,76948658
644,44939008,77893148,-1,-1
645,-1,-1,1733414928414432768,202905313
646,33526016,202111165,-1,-1
647,-1,-1,1733414928472985856,158552719
648,35563776,158520555,-1,-1
649,-1,-1,1733414928527631360,154645476
650,32720640,154018019,-1,-1
651,-1,-1,1733414928576852736,149221338
652,36538112,151208646,-1,-1
653,-1,-1,1733414928633080576,206227337
654,33138176,203804929,-1,-1
655,-1,-1,1733414928711237120,178156506
656,33122304,178116691,-1,-1
657,-1,-1,1733414928805015040,393777664
658,34747648,393742261,-1,-1
659,-1,-1,1733414928828171776,123156490
660,37103872,121831116,-1,-1
661,-1,-1,1733414928875098880,96926914
662,31270400,97203253,-1,-1
663,-1,-1,1733414928862591232,37492115
664,31781888,37623876,-1,-1
665,-1,-1,1733414928922406400,109815285
666,37446912,110302340,-1,-1
667,-1,-1,1733414928900016640,27609872
668,25088000,29498354,-1,-1
669,-1,-1,1733414928950681600,150664993
670,16439808,147491274,-1,-1
671,-1,-1,1733414929008667136,157985414
672,33090816,158870397,-1,-1
673,-1,-1,1733414929059773184,101105870
674,32948224,102752713,-1,-1
675,-1,-1,1733414929102906880,243133458
676,32844032,241257342,-1,-1
677,-1,-1,1733414929147741696,144834571
678,32800256,146584785,-1,-1
679,-1,-1,1733414929132672768,34931114
680,29348352,33094383,-1,-1
681,-1,-1,1733414929183467264,100794188
682,36552448,103420203,-1,-1
683,-1,-1,1733414929160152576,26685289
684,23681024,27986989,-1,-1
685,-1,-1,1733414929210201344,150048744
686,20992768,149062571,-1,-1
687,-1,-1,1733414929235354880,75153386
688,45805568,77800454,-1,-1
689,-1,-1,1733414929281701888,96346772
690,33320960,90772571,-1,-1
691,-1,-1,1733414929277513216,45811001
692,42797056,47859796,-1,-1
693,-1,-1,1733414929340288000,112774691
694,31107328,111044037,-1,-1
695,-1,-1,1733414929384966912,194678712
696,40239360,197246756,-1,-1
697,-1,-1,1733414929424569088,89602141
698,30990080,87129980,-1,-1
699,-1,-1,1733414929481134336,256565012
700,33720064,256969444,-1,-1
701,-1,-1,1733414929529810688,148676118
702,32777984,147864524,-1,-1
703,-1,-1,1733414929522624512,42813927
704,40891904,45961403,-1,-1
705,-1,-1,1733414929565219072,92594246
706,31930368,88760837,-1,-1
707,-1,-1,1733414929602257664,37038603
708,45056512,50044966,-1,-1
709,-1,-1,1733414929598045696,145787659
710,44715264,133428793,-1,-1
711,-1,-1,1733414929636449536,88403690
712,32887296,87978308,-1,-1
713,-1,-1,1733414929622620928,36171330
714,43887872,48877212,-1,-1
715,-1,-1,1733414929699315968,126695058
716,30900992,113754864,-1,-1
717,-1,-1,1733414929736297984,136981670
718,30944256,137791489,-1,-1
719,-1,-1,1733414929774881536,138583361
720,32724736,140596101,-1,-1
721,-1,-1,1733414929799352064,224470572
722,36349952,226082539,-1,-1
723,-1,-1,1733414929848116480,148764233
724,19916288,148289535,-1,-1
725,-1,-1,1733414929916582912,68466332
726,32980736,64965946,-1,-1
727,-1,-1,1733414929949955328,133372152
728,32723712,135476419,-1,-1
729,-1,-1,1733414929984385280,134429715
730,30773248,132750114,-1,-1
731,-1,-1,1733414929999066368,214680886
732,29641472,214420272,-1,-1
733,-1,-1,1733414930062472960,113406354
734,30938624,112906579,-1,-1
735,-1,-1,1733414930074561024,62088236
736,34230784,63166343,-1,-1
737,-1,-1,1733414930110458368,35897008
738,30793984,35443963,-1,-1
739,-1,-1,1733414930121132288,160673755
740,26032640,172844315,-1,-1
741,-1,-1,1733414930141985536,70852967
742,25399296,61880942,-1,-1
743,-1,-1,1733414930230732288,138746611
744,36132096,138993034,-1,-1
745,-1,-1,1733414930250257152,69524967
746,44966912,77695178,-1,-1
747,-1,-1,1733414930279262720,129005337
748,32857344,116629007,-1,-1
749,-1,-1,1733414930295119616,115856704
750,30976512,116898850,-1,-1
751,-1,-1,1733414930333121792,38002025
752,44885760,49772093,-1,-1
753,-1,-1,1733414930356909312,123787333
754,41832704,122842413,-1,-1
755,-1,-1,1733414930395658496,138749057
756,33887232,126660494,-1,-1
757,-1,-1,1733414930425807360,130148524
758,32296704,132142144,-1,-1
759,-1,-1,1733414930405255168,29447637
760,34412544,40487026,-1,-1
761,-1,-1,1733414930456862464,101607325
762,35351296,89814708,-1,-1
763,-1,-1,1733414930453132288,46269625
764,39798272,45823316,-1,-1
765,-1,-1,1733414930495801856,142669744
766,25881600,145933458,-1,-1
767,-1,-1,1733414930512643072,66840657
768,34906368,66799826,-1,-1
769,-1,-1,1733414930567359744,104716258
770,31115008,100953500,-1,-1
771,-1,-1,1733414930553287168,35927412
772,31446016,37197937,-1,-1
773,-1,-1,1733414930620374784,167087650
774,33050368,166548034,-1,-1
775,-1,-1,1733414930626755584,106380336
776,35622912,106502982,-1,-1
777,-1,-1,1733414930693234176,116478432
778,32623104,117526804,-1,-1
779,-1,-1,1733414930711280128,118045879
780,23989504,116880191,-1,-1
781,-1,-1,1733414930712190720,50910445
782,21968384,54060075,-1,-1
783,-1,-1,1733414930790621952,78431179
784,44898560,77839704,-1,-1
785,-1,-1,1733414930814887424,124265417
786,42229248,133046342,-1,-1
787,-1,-1,1733414930848422912,183535051
788,32456448,171847593,-1,-1
789,-1,-1,1733414930826350848,27927923
790,26778112,32692986,-1,-1
791,-1,-1,1733414930892620800,116269670
792,31131648,111709084,-1,-1
793,-1,-1,1733414930911196416,68575580
794,31424768,69328648,-1,-1
795,-1,-1,1733414930891917568,30720779
796,37943808,42376927,-1,-1
797,-1,-1,1733414930949767936,107850324
798,35663872,95583604,-1,-1
799,-1,-1,1733414930986527488,36759661
800,33315584,38549401,-1,-1
801,-1,-1,1733414931032401408,195873434
802,31852800,195140050,-1,-1
803,-1,-1,1733414931045327104,62925781
804,33502720,62513122,-1,-1
805,-1,-1,1733414931166505472,371178110
806,32120320,370990700,-1,-1
807,-1,-1,1733414931210589440,144083793
808,32705792,145344488,-1,-1
809,-1,-1,1733414931192342528,31753040
810,29946880,34281550,-1,-1
811,-1,-1,1733414931264434688,122091713
812,30929408,117683145,-1,-1
813,-1,-1,1733414931254407936,39973390
814,35269120,40215841,-1,-1
815,-1,-1,1733414931321707008,117298976
816,31905024,116495553,-1,-1
817,-1,-1,1733414931292787456,21080176
818,20490496,25465554,-1,-1
819,-1,-1,1733414931361707520,118919829
820,31289344,115681698,-1,-1
821,-1,-1,1733414931345102848,33395198
822,28105984,35600326,-1,-1
823,-1,-1,1733414931398311680,103208540
824,31206400,100073628,-1,-1
825,-1,-1,1733414931374418176,26106410
826,24973056,29762097,-1,-1
827,-1,-1,1733414931430979072,106560735
828,31170048,102938723,-1,-1
829,-1,-1,1733414931411263744,30284634
830,28872448,33710503,-1,-1
831,-1,-1,1733414931466179072,104915047
832,30912768,100896087,-1,-1
833,-1,-1,1733414931444778496,28599244
834,27403008,32366958,-1,-1
835,-1,-1,1733414931498018816,103240060
836,30892800,100373329,-1,-1
837,-1,-1,1733414931484731904,36713301
838,35079936,40103564,-1,-1
839,-1,-1,1733414931545360640,110628395
840,32975104,108722853,-1,-1
841,-1,-1,1733414931522562048,27201378
842,24196608,29098763,-1,-1
843,-1,-1,1733414931589810944,117248459
844,31928320,114602112,-1,-1
845,-1,-1,1733414931566371072,26560168
846,24327680,29266150,-1,-1
847,-1,-1,1733414931626530560,110159175
848,30809600,103350271,-1,-1
849,-1,-1,1733414931607153920,30623466
850,28989440,34099592,-1,-1
851,-1,-1,1733414931658573568,101419199
852,33217536,103057861,-1,-1
853,-1,-1,1733414931635463424,26890223
854,25341440,28025700,-1,-1
855,-1,-1,1733414931694579200,109115045
856,30943232,104447767,-1,-1
857,-1,-1,1733414931671406080,26826854
858,26947328,31902480,-1,-1
859,-1,-1,1733414931730411008,109004818
860,33745152,107029012,-1,-1
861,-1,-1,1733414931703056896,22645671
862,20072704,24823971,-1,-1
863,-1,-1,1733414931758006272,104949293
864,34934784,103747429,-1,-1
865,-1,-1,1733414931738102528,30096143
866,27983360,31013528,-1,-1
867,-1,-1,1733414931806727680,168625125
868,32896000,165568650,-1,-1
869,-1,-1,1733414931804189184,47460923
870,42086144,47216411,-1,-1
871,-1,-1,1733414931849403648,95214468
872,32987904,94750546,-1,-1
873,-1,-1,1733414931840312064,40907944
874,40156416,45077677,-1,-1
875,-1,-1,1733414931890389504,100077557
876,32852736,96528168,-1,-1
877,-1,-1,1733414931889335040,48945034
878,45882368,50999910,-1,-1
879,-1,-1,1733414931953736448,114401313
880,33277696,114289785,-1,-1
881,-1,-1,1733414931987160320,133423951
882,30839296,131326229,-1,-1
883,-1,-1,1733414932023732480,136571827
884,32586752,138712155,-1,-1
885,-1,-1,1733414932053382400,129649749
886,33101056,130066006,-1,-1
887,-1,-1,1733414932083162624,129780115
888,30950912,127556615,-1,-1
889,-1,-1,1733414932106832128,123669371
890,31077120,123922430,-1,-1
891,-1,-1,1733414932089867520,33035296
892,39967744,44854090,-1,-1
893,-1,-1,1733414932138727424,98859874
894,33352960,87169935,-1,-1
895,-1,-1,1733414932135615232,46887479
896,40296704,46409924,-1,-1
897,-1,-1,1733414932172663040,87047759
898,32158976,87477285,-1,-1
899,-1,-1,1733414932164357632,41694210
900,36849664,41317520,-1,-1
901,-1,-1,1733414932208389376,94135607
902,31115520,94025011,-1,-1
903,-1,-1,1733414932205137408,46643173
904,41852928,46738931,-1,-1
905,-1,-1,1733414932268161536,113023989
906,32654080,114824790,-1,-1
907,-1,-1,1733414932301391616,233229969
908,33407488,231115562,-1,-1
909,-1,-1,1733414932299396608,48004738
910,43800576,48250786,-1,-1
911,-1,-1,1733414932358294784,108898073
912,33040384,109976212,-1,-1
913,-1,-1,1733414932398843136,140548194
914,32918784,141656703,-1,-1
915,-1,-1,1733414932446665984,147822782
916,32157184,145449150,-1,-1
917,-1,-1,1733414932467473920,120807299
918,33157376,121119540,-1,-1
919,-1,-1,1733414932465239296,47765360
920,42854656,47717734,-1,-1
921,-1,-1,1733414932502034944,86795547
922,33744128,87703171,-1,-1
923,-1,-1,1733414932494087424,42052337
924,36814848,41017336,-1,-1
925,-1,-1,1733414932552797696,108709966
926,36447488,114827146,-1,-1
927,-1,-1,1733414932585224960,232427131
928,33822720,227405464,-1,-1
929,-1,-1,1733414932582240768,47015795
930,39714048,45973839,-1,-1
931,-1,-1,1733414932630930432,98689385
932,31471872,98929188,-1,-1
933,-1,-1,1733414932621771776,40841127
934,38933248,44836416,-1,-1
935,-1,-1,1733414932663906816,92134794
936,33118464,87726717,-1,-1
937,-1,-1,1733414932652754176,38847288
938,33918976,41939161,-1,-1
939,-1,-1,1733414932699448320,146694087
940,42807296,143699746,-1,-1
941,-1,-1,1733414932711113728,61665125
942,28926720,61984446,-1,-1
943,-1,-1,1733414932728152064,67038344
944,34837760,66787959,-1,-1
945,-1,-1,1733414932774477568,96325098
946,30692864,95779901,-1,-1
947,-1,-1,1733414932799820800,75343347
948,31935232,76820515,-1,-1
949,-1,-1,1733414932779842560,30021355
950,28132352,32217351,-1,-1
951,-1,-1,1733414932833588480,103745967
952,30847488,100437011,-1,-1
953,-1,-1,1733414932824353280,40764408
954,36208384,41251993,-1,-1
955,-1,-1,1733414932870028032,95674778
956,31990784,96641389,-1,-1
957,-1,-1,1733414932851870208,31841988
958,26839040,33132770,-1,-1
959,-1,-1,1733414932918479360,166608895
960,34054656,164561262,-1,-1
961,-1,-1,1733414932898550016,30070769
962,37865472,41678127,-1,-1
963,-1,-1,1733414932979259648,130709173
964,46883072,130768364,-1,-1
965,-1,-1,1733414933011986432,132726732
966,45899264,133774221,-1,-1
967,-1,-1,1733414933044989184,133002835
968,45615872,131767519,-1,-1
969,-1,-1,1733414933070155264,175165655
970,31352576,163043268,-1,-1
971,-1,-1,1733414933042566912,22411418
972,20937216,25466836,-1,-1
973,-1,-1,1733414933102074112,109507121
974,32666880,105968903,-1,-1
975,-1,-1,1733414933078993920,26919348
976,22865152,30758462,-1,-1
977,-1,-1,1733414933106169088,77175270
978,38694400,73334421,-1,-1
979,-1,-1,1733414933152689664,146520411
980,42285568,147155756,-1,-1
981,-1,-1,1733414933182478592,129788772
982,40954624,129820795,-1,-1
983,-1,-1,1733414933221464320,88985388
984,32839936,88731687,-1,-1
985,-1,-1,1733414933216281344,44817023
986,38590464,44877952,-1,-1
987,-1,-1,1733414933276981248,110699461
988,32521216,112737683,-1,-1
989,-1,-1,1733414933309751040,132769662
990,38732800,138773019,-1,-1
991,-1,-1,1733414933333263104,173512133
992,31528960,166270923,-1,-1
993,-1,-1,1733414933327619328,44355895
994,37657856,43230397,-1,-1
995,-1,-1,1733414933391808768,114189328
996,31054592,112930552,-1,-1
997,-1,-1,1733414933371913472,30104529
998,27880704,33896434,-1,-1
999,-1,-1,1733414933435398656,163484999
1000,33714176,162382530,-1,-1
1001,-1,-1,1733414933432280320,46881582
1002,41784576,45959455,-1,-1
1003,-1,-1,1733414933495959040,113678333
1004,45379584,125839563,-1,-1
1005,-1,-1,1733414933531706880,135747818
1006,49442304,138803921,-1,-1
1007,-1,-1,1733414933562529280,130822458
1008,44800512,127602700,-1,-1
1009,-1,-1,1733414933592092160,129562367
1010,29736448,116674162,-1,-1
1011,-1,-1,1733414933605029888,112937533
1012,34074112,114987790,-1,-1
1013,-1,-1,1733414933599912704,44882759
1014,39774464,43697223,-1,-1
1015,-1,-1,1733414933658677248,108764373
1016,33922816,109892061,-1,-1
1017,-1,-1,1733414933699732224,141054789
1018,45789184,151611328,-1,-1
1019,-1,-1,1733414933724158976,124426387
1020,47290112,127716919,-1,-1
1021,-1,-1,1733414933723709184,149550315
1022,46156288,134522952,-1,-1
1023,-1,-1,1733414933787358208,113648628
1024,44894720,125864471,-1,-1
1025,-1,-1,1733414933811066880,123708411
1026,45670912,124622727,-1,-1
1027,-1,-1,1733414933839778304,128711354
1028,44720128,127695336,-1,-1
1029,-1,-1,1733414933879955968,240177522
1030,31163392,226980502,-1,-1
1031,-1,-1,1733414933880198144,100242008
1032,34411264,104452493,-1,-1
1033,-1,-1,1733414933931129344,100931194
1034,33151488,99986783,-1,-1
1035,-1,-1,1733414933914922752,33793202
1036,25827840,31673686,-1,-1
1037,-1,-1,1733414933960834304,95911521
1038,30998528,94917368,-1,-1
1039,-1,-1,1733414933937706496,26871850
1040,21981696,30988168,-1,-1
1041,-1,-1,1733414933990052352,102346163
1042,33894144,98657379,-1,-1
1043,-1,-1,1733414933964379392,24326492
1044,16052992,25013400,-1,-1
1045,-1,-1,1733414934016718080,152338392
1046,31567616,152294084,-1,-1
1047,-1,-1,1733414934006971648,40253532
1048,35825408,40241198,-1,-1
1049,-1,-1,1733414934072750592,115778693
1050,45264384,127829153,-1,-1
1051,-1,-1,1733414934080674816,157924135
1052,32975616,145840468,-1,-1
1053,-1,-1,1733414934058700800,28025940
1054,24369408,29257128,-1,-1
1055,-1,-1,1733414934115984896,157283722
1056,20375808,156058942,-1,-1
1057,-1,-1,1733414934152041472,36056696
1058,30751232,35952809,-1,-1
1059,-1,-1,1733414934163426816,111384877
1060,33095168,111273549,-1,-1
1061,-1,-1,1733414934157667328,44240702
1062,39848448,44441657,-1,-1
1063,-1,-1,1733414934201435392,93767834
1064,33143808,94058034,-1,-1
1065,-1,-1,1733414934195298816,43863182
1066,39466240,45510517,-1,-1
1067,-1,-1,1733414934255965952,110667063
1068,44876032,120850238,-1,-1
1069,-1,-1,1733414934278834432,122868197
1070,45732864,123607728,-1,-1
1071,-1,-1,1733414934303401728,124567150
1072,44792064,123782920,-1,-1
1073,-1,-1,1733414934324978432,121576622
1074,32412160,110224198,-1,-1
1075,-1,-1,1733414934344494336,119515794
1076,32723200,118206973,-1,-1
1077,-1,-1,1733414934341753600,47258970
1078,42769152,47804085,-1,-1
1079,-1,-1,1733414934405338624,113584881
1080,35219200,115293609,-1,-1
1081,-1,-1,1733414934403303168,147964337
1082,43822080,146235459,-1,-1
1083,-1,-1,1733414934468578048,115274900
1084,47906816,128851985,-1,-1
1085,-1,-1,1733414934494602496,126023928
1086,30784256,112105905,-1,-1
1087,-1,-1,1733414934530570496,135967847
1088,45717504,148208958,-1,-1
1089,-1,-1,1733414934555210240,124639488
1090,45920512,125789752,-1,-1
1091,-1,-1,1733414934579460096,124249686
1092,33635840,113454315,-1,-1
1093,-1,-1,1733414934605681152,126220819
1094,32855296,126031877,-1,-1
1095,-1,-1,1733414934595601920,139920854
1096,44689664,139586231,-1,-1
1097,-1,-1,1733414934650704128,105101840
1098,39988480,112019437,-1,-1
1099,-1,-1,1733414934665990400,165286304
1100,31942656,157551207,-1,-1
1101,-1,-1,1733414934641012480,25022025
1102,21937152,26872291,-1,-1
1103,-1,-1,1733414934689748992,98736441
1104,31918592,93860217,-1,-1
1105,-1,-1,1733414934661486848,21737633
1106,21887744,26987432,-1,-1
1107,-1,-1,1733414934712430848,100943928
1108,32835328,97667963,-1,-1
1109,-1,-1,1733414934683288320,20857148
1110,19171328,24340456,-1,-1
1111,-1,-1,1733414934706192128,72903681
1112,34791680,69534206,-1,-1
1113,-1,-1,1733414934769119488,112927087
1114,34076416,110988521,-1,-1
1115,-1,-1,1733414934760589312,141469784
1116,41903104,144578517,-1,-1
1117,-1,-1,1733414934778341120,117751414
1118,42770944,116630731,-1,-1
1119,-1,-1,1733414934839435776,111094719
1120,47733760,123124451,-1,-1
1121,-1,-1,1733414934864027648,174591654
1122,31810816,162385742,-1,-1
1123,-1,-1,1733414934837075712,23047772
1124,17870336,22947986,-1,-1
1125,-1,-1,1733414934884148480,97072567
1126,32888832,96900173,-1,-1
1127,-1,-1,1733414934890742016,56593346
1128,31222784,57203933,-1,-1
1129,-1,-1,1733414934881442560,40700408
1130,35898880,40557754,-1,-1
1131,-1,-1,1733414934943862016,112419187
1132,44886784,123844167,-1,-1
1133,-1,-1,1733414934975403776,181541723
1134,34952448,169716818,-1,-1
1135,-1,-1,1733414934953431552,28027319
1136,22778624,27690121,-1,-1
1137,-1,-1,1733414935000658688,97227328
1138,31185408,98134490,-1,-1
1139,-1,-1,1733414934974502912,23844064
1140,21980416,26671991,-1,-1
1141,-1,-1,1733414935031599104,107096061
1142,36827136,103718476,-1,-1
1143,-1,-1,1733414935004065024,22465701
1144,15311616,22852325,-1,-1
1145,-1,-1,1733414935054373888,150308695
1146,31792128,150633404,-1,-1
1147,-1,-1,1733414935047875840,43501662
1148,37826816,43017644,-1,-1
1149,-1,-1,1733414935084407296,86531382
1150,31916032,85842953,-1,-1
1151,-1,-1,1733414935069435392,35027986
1152,30889216,35839617,-1,-1
1153,-1,-1,1733414935131172608,111737061
1154,44794112,123778879,-1,-1
1155,-1,-1,1733414935177829376,146656653
1156,45832192,134667604,-1,-1
1157,-1,-1,1733414935186575872,108746315
1158,30883072,108740055,-1,-1
1159,-1,-1,1733414935196570624,109994570
1160,33317120,109250670,-1,-1
1161,-1,-1,1733414935186212352,39641535
1162,29539072,40325651,-1,-1
1163,-1,-1,1733414935237048064,100835671
1164,32092672,102179936,-1,-1
1165,-1,-1,1733414935223937024,36888728
1166,30809344,35584967,-1,-1
1167,-1,-1,1733414935243699968,119762700
1168,42562304,122741538,-1,-1
1169,-1,-1,1733414935268592128,124892220
1170,42672128,121744106,-1,-1
1171,-1,-1,1733414935324767488,106175198
1172,45966848,119046476,-1,-1
1173,-1,-1,1733414935349403136,174635416
1174,31627008,162282132,-1,-1
1175,-1,-1,1733414935320039936,20636772
1176,18778112,23164365,-1,-1
1177,-1,-1,1733414935369799424,99759184
1178,30796800,96755233,-1,-1
1179,-1,-1,1733414935340156928,20357591
1180,17976576,23060433,-1,-1
1181,-1,-1,1733414935395657728,105500458
1182,32541440,103933381,-1,-1
1183,-1,-1,1733414935372357120,26699280
1184,23873024,28706949,-1,-1
1185,-1,-1,1733414935420157952,97800705
1186,31024128,94893255,-1,-1
1187,-1,-1,1733414935396317440,26159417
1188,21057792,25916685,-1,-1
1189,-1,-1,1733414935443572736,97254915
1190,33888512,97706474,-1,-1
1191,-1,-1,1733414935417640192,24067626
1192,15756800,22886477,-1,-1
1193,-1,-1,1733414935434487040,116846582
1194,34390016,124734207,-1,-1
1195,-1,-1,1733414935485915648,101428425
1196,30925568,93779506,-1,-1
1197,-1,-1,1733414935454698752,18782953
1198,17161984,22111308,-1,-1
965,-1,-1,1733414933011986432,132726732
966,45899264,133774221,-1,-1
967,-1,-1,1733414933044989184,133002835
968,45615872,131767519,-1,-1
969,-1,-1,1733414933070155264,175165655
970,31352576,163043268,-1,-1
971,-1,-1,1733414933042566912,22411418
972,20937216,25466836,-1,-1
973,-1,-1,1733414933102074112,109507121
974,32666880,105968903,-1,-1
975,-1,-1,1733414933078993920,26919348
976,22865152,30758462,-1,-1
977,-1,-1,1733414933106169088,77175270
978,38694400,73334421,-1,-1
979,-1,-1,1733414933152689664,146520411
980,42285568,147155756,-1,-1
981,-1,-1,1733414933182478592,129788772
982,40954624,129820795,-1,-1
983,-1,-1,1733414933221464320,88985388
984,32839936,88731687,-1,-1
985,-1,-1,1733414933216281344,44817023
986,38590464,44877952,-1,-1
987,-1,-1,1733414933276981248,110699461
988,32521216,112737683,-1,-1
989,-1,-1,1733414933309751040,132769662
990,38732800,138773019,-1,-1
991,-1,-1,1733414933333263104,173512133
992,31528960,166270923,-1,-1
993,-1,-1,1733414933327619328,44355895
994,37657856,43230397,-1,-1
995,-1,-1,1733414933391808768,114189328
996,31054592,112930552,-1,-1
997,-1,-1,1733414933371913472,30104529
998,27880704,33896434,-1,-1
999,-1,-1,1733414933435398656,163484999
1000,33714176,162382530,-1,-1
1001,-1,-1,1733414933432280320,46881582
1002,41784576,45959455,-1,-1
1003,-1,-1,1733414933495959040,113678333
1004,45379584,125839563,-1,-1
1005,-1,-1,1733414933531706880,135747818
1006,49442304,138803921,-1,-1
1007,-1,-1,1733414933562529280,130822458
1008,44800512,127602700,-1,-1
1009,-1,-1,1733414933592092160,129562367
1010,29736448,116674162,-1,-1
1011,-1,-1,1733414933605029888,112937533
1012,34074112,114987790,-1,-1
1013,-1,-1,1733414933599912704,44882759
1014,39774464,43697223,-1,-1
1015,-1,-1,1733414933658677248,108764373
1016,33922816,109892061,-1,-1
1017,-1,-1,1733414933699732224,141054789
1018,45789184,151611328,-1,-1
1019,-1,-1,1733414933724158976,124426387
1020,47290112,127716919,-1,-1
1021,-1,-1,1733414933723709184,149550315
1022,46156288,134522952,-1,-1
1023,-1,-1,1733414933787358208,113648628
1024,44894720,125864471,-1,-1
1025,-1,-1,1733414933811066880,123708411
1026,45670912,124622727,-1,-1
1027,-1,-1,1733414933839778304,128711354
1028,44720128,127695336,-1,-1
1029,-1,-1,1733414933879955968,240177522
1030,31163392,226980502,-1,-1
1031,-1,-1,1733414933880198144,100242008
1032,34411264,104452493,-1,-1
1033,-1,-1,1733414933931129344,100931194
1034,33151488,99986783,-1,-1
1035,-1,-1,1733414933914922752,33793202
1036,25827840,31673686,-1,-1
1037,-1,-1,1733414933960834304,95911521
1038,30998528,94917368,-1,-1
1039,-1,-1,1733414933937706496,26871850
1040,21981696,30988168,-1,-1
1041,-1,-1,1733414933990052352,102346163
1042,33894144,98657379,-1,-1
1043,-1,-1,1733414933964379392,24326492
1044,16052992,25013400,-1,-1
1045,-1,-1,1733414934016718080,152338392
1046,31567616,152294084,-1,-1
1047,-1,-1,1733414934006971648,40253532
1048,35825408,40241198,-1,-1
1049,-1,-1,1733414934072750592,115778693
1050,45264384,127829153,-1,-1
1051,-1,-1,1733414934080674816,157924135
1052,32975616,145840468,-1,-1
1053,-1,-1,1733414934058700800,28025940
1054,24369408,29257128,-1,-1
1055,-1,-1,1733414934115984896,157283722
1056,20375808,156058942,-1,-1
1057,-1,-1,1733414934152041472,36056696
1058,30751232,35952809,-1,-1
1059,-1,-1,1733414934163426816,111384877
1060,33095168,111273549,-1,-1
1061,-1,-1,1733414934157667328,44240702
1062,39848448,44441657,-1,-1
1063,-1,-1,1733414934201435392,93767834
1064,33143808,94058034,-1,-1
1065,-1,-1,1733414934195298816,43863182
1066,39466240,45510517,-1,-1
1067,-1,-1,1733414934255965952,110667063
1068,44876032,120850238,-1,-1
1069,-1,-1,1733414934278834432,122868197
1070,45732864,123607728,-1,-1
1071,-1,-1,1733414934303401728,124567150
1072,44792064,123782920,-1,-1
1073,-1,-1,1733414934324978432,121576622
1074,32412160,110224198,-1,-1
1075,-1,-1,1733414934344494336,119515794
1076,32723200,118206973,-1,-1
1077,-1,-1,1733414934341753600,47258970
1078,42769152,47804085,-1,-1
1079,-1,-1,1733414934405338624,113584881
1080,35219200,115293609,-1,-1
1081,-1,-1,1733414934403303168,147964337
1082,43822080,146235459,-1,-1
1083,-1,-1,1733414934468578048,115274900
1084,47906816,128851985,-1,-1
1085,-1,-1,1733414934494602496,126023928
1086,30784256,112105905,-1,-1
1087,-1,-1,1733414934530570496,135967847
1088,45717504,148208958,-1,-1
1089,-1,-1,1733414934555210240,124639488
1090,45920512,125789752,-1,-1
1091,-1,-1,1733414934579460096,124249686
1092,33635840,113454315,-1,-1
1093,-1,-1,1733414934605681152,126220819
1094,32855296,126031877,-1,-1
1095,-1,-1,1733414934595601920,139920854
1096,44689664,139586231,-1,-1
1097,-1,-1,1733414934650704128,105101840
1098,39988480,112019437,-1,-1
1099,-1,-1,1733414934665990400,165286304
1100,31942656,157551207,-1,-1
1101,-1,-1,1733414934641012480,25022025
1102,21937152,26872291,-1,-1
1103,-1,-1,1733414934689748992,98736441
1104,31918592,93860217,-1,-1
1105,-1,-1,1733414934661486848,21737633
1106,21887744,26987432,-1,-1
1107,-1,-1,1733414934712430848,100943928
1108,32835328,97667963,-1,-1
1109,-1,-1,1733414934683288320,20857148
1110,19171328,24340456,-1,-1
1111,-1,-1,1733414934706192128,72903681
1112,34791680,69534206,-1,-1
1113,-1,-1,1733414934769119488,112927087
1114,34076416,110988521,-1,-1
1115,-1,-1,1733414934760589312,141469784
1116,41903104,144578517,-1,-1
1117,-1,-1,1733414934778341120,117751414
1118,42770944,116630731,-1,-1
1119,-1,-1,1733414934839435776,111094719
1120,47733760,123124451,-1,-1
1121,-1,-1,1733414934864027648,174591654
1122,31810816,162385742,-1,-1
1123,-1,-1,1733414934837075712,23047772
1124,17870336,22947986,-1,-1
1125,-1,-1,1733414934884148480,97072567
1126,32888832,96900173,-1,-1
1127,-1,-1,1733414934890742016,56593346
1128,31222784,57203933,-1,-1
1129,-1,-1,1733414934881442560,40700408
1130,35898880,40557754,-1,-1
1131,-1,-1,1733414934943862016,112419187
1132,44886784,123844167,-1,-1
1133,-1,-1,1733414934975403776,181541723
1134,34952448,169716818,-1,-1
1135,-1,-1,1733414934953431552,28027319
1136,22778624,27690121,-1,-1
1137,-1,-1,1733414935000658688,97227328
1138,31185408,98134490,-1,-1
1139,-1,-1,1733414934974502912,23844064
1140,21980416,26671991,-1,-1
1141,-1,-1,1733414935031599104,107096061
1142,36827136,103718476,-1,-1
1143,-1,-1,1733414935004065024,22465701
1144,15311616,22852325,-1,-1
1145,-1,-1,1733414935054373888,150308695
1146,31792128,150633404,-1,-1
1147,-1,-1,1733414935047875840,43501662
1148,37826816,43017644,-1,-1
1149,-1,-1,1733414935084407296,86531382
1150,31916032,85842953,-1,-1
1151,-1,-1,1733414935069435392,35027986
1152,30889216,35839617,-1,-1
1153,-1,-1,1733414935131172608,111737061
1154,44794112,123778879,-1,-1
1155,-1,-1,1733414935177829376,146656653
1156,45832192,134667604,-1,-1
1157,-1,-1,1733414935186575872,108746315
1158,30883072,108740055,-1,-1
1159,-1,-1,1733414935196570624,109994570
1160,33317120,109250670,-1,-1
1161,-1,-1,1733414935186212352,39641535
1162,29539072,40325651,-1,-1
1163,-1,-1,1733414935237048064,100835671
1164,32092672,102179936,-1,-1
1165,-1,-1,1733414935223937024,36888728
1166,30809344,35584967,-1,-1
1167,-1,-1,1733414935243699968,119762700
1168,42562304,122741538,-1,-1
1169,-1,-1,1733414935268592128,124892220
1170,42672128,121744106,-1,-1
1171,-1,-1,1733414935324767488,106175198
1172,45966848,119046476,-1,-1
1173,-1,-1,1733414935349403136,174635416
1174,31627008,162282132,-1,-1
1175,-1,-1,1733414935320039936,20636772
1176,18778112,23164365,-1,-1
1177,-1,-1,1733414935369799424,99759184
1178,30796800,96755233,-1,-1
1179,-1,-1,1733414935340156928,20357591
1180,17976576,23060433,-1,-1
1181,-1,-1,1733414935395657728,105500458
1182,32541440,103933381,-1,-1
1183,-1,-1,1733414935372357120,26699280
1184,23873024,28706949,-1,-1
1185,-1,-1,1733414935420157952,97800705
1186,31024128,94893255,-1,-1
1187,-1,-1,1733414935396317440,26159417
1188,21057792,25916685,-1,-1
1189,-1,-1,1733414935443572736,97254915
1190,33888512,97706474,-1,-1
1191,-1,-1,1733414935417640192,24067626
1192,15756800,22886477,-1,-1
1193,-1,-1,1733414935434487040,116846582
1194,34390016,124734207,-1,-1
1195,-1,-1,1733414935485915648,101428425
1196,30925568,93779506,-1,-1
1197,-1,-1,1733414935454698752,18782953
1200,-1,-1,1733414935514827776,160750763
1201,30308608,253268028,-1,-1
1202,-1,-1,1733414935548663296,83835475
1203,36845312,88794266,-1,-1
1204,-1,-1,1733414935524338944,25675553
1205,14560512,24929381,-1,-1
1206,-1,-1,1733414935558884864,134545878
1207,25842688,135226772,-1,-1
1208,-1,-1,1733414935633680128,124794880
1209,32745984,124551989,-1,-1
1210,-1,-1,1733414935652029696,118349418
1211,32998144,117700474,-1,-1
1212,-1,-1,1733414935628535040,26505159
1213,20776704,25779285,-1,-1
1214,-1,-1,1733414935648359168,119823975
1215,28591360,120749612,-1,-1
1216,-1,-1,1733414935669132800,170773605
1217,30992640,182817324,-1,-1
1218,-1,-1,1733414935706802688,137669745
1219,20203264,126508388,-1,-1
1220,-1,-1,1733414935708636416,51833488
1221,15264000,51041157,-1,-1
1222,-1,-1,1733414935718963968,110327578
1223,28818176,112786260,-1,-1
1224,-1,-1,1733414935736044544,67080152
1225,42749440,75935808,-1,-1
1226,-1,-1,1733414935785543680,99499030
1227,33860096,87894391,-1,-1
1228,-1,-1,1733414935758378240,22834252
1229,29979648,34937417,-1,-1
1230,-1,-1,1733414935816029440,157651224
1231,37375488,145706263,-1,-1
1232,-1,-1,1733414935865928192,149898477
1233,35114752,150831533,-1,-1
1234,-1,-1,1733414935882444800,116516575
1235,31098880,115826572,-1,-1
1236,-1,-1,1733414935899373312,116928199
1237,33473024,119128111,-1,-1
1238,-1,-1,1733414935921095424,171722172
1239,31821312,169088680,-1,-1
1240,-1,-1,1733414935936274688,115179157
1241,33542144,115522446,-1,-1
1242,-1,-1,1733414935916620800,30346184
1243,37924864,42212089,-1,-1
1244,-1,-1,1733414935944414208,127792853
1245,36901632,126731896,-1,-1
1246,-1,-1,1733414935994534912,50120530
1247,35050752,40007001,-1,-1
1248,-1,-1,1733414935980917248,86382118
1249,19400192,85807270,-1,-1
1250,-1,-1,1733414936022286336,41368874
1251,35047680,41032559,-1,-1
1252,-1,-1,1733414936001642240,129356036
1253,18694144,129494857,-1,-1
1254,-1,-1,1733414936037734656,36092399
1255,31192576,36317772,-1,-1
1256,-1,-1,1733414936019971840,182236703
1257,20267008,182817361,-1,-1
1258,-1,-1,1733414936028323072,58351003
1259,21907200,57502164,-1,-1
1260,-1,-1,1733414936067035648,138712523
1261,20391936,138777228,-1,-1
1262,-1,-1,1733414936097293312,80257583
1263,32359680,77804160,-1,-1
1264,-1,-1,1733414936099659264,152365826
1265,45908736,167799469,-1,-1
1266,-1,-1,1733414936157745920,158086362
1267,37357312,144696276,-1,-1
1268,-1,-1,1733414936165566720,57820727
1269,30677504,57835876,-1,-1
1270,-1,-1,1733414936186131200,120564506
1271,31868928,119912226,-1,-1
1272,-1,-1,1733414936218087168,181955424
1273,31011584,182764704,-1,-1
1274,-1,-1,1733414936194636288,26549124
1275,15006208,25809619,-1,-1
1276,-1,-1,1733414936237452800,142816428
1277,33060608,144099700,-1,-1
1278,-1,-1,1733414936220048640,32595542
1279,38957568,43670064,-1,-1
1280,-1,-1,1733414936279277568,159228647
1281,38459648,147751969,-1,-1
1282,-1,-1,1733414936306307584,127030104
1283,33980160,127763383,-1,-1
1284,-1,-1,1733414936278115072,21807254
1285,18941952,23835997,-1,-1
1286,-1,-1,1733414936305852672,127737536
1287,14632960,124719707,-1,-1
1288,-1,-1,1733414936343190784,37337803
1289,31283968,36366786,-1,-1
1290,-1,-1,1733414936329323264,136132143
1291,37958912,149476232,-1,-1
1292,-1,-1,1733414936378161408,48838149
1293,32306176,37384971,-1,-1
1294,-1,-1,1733414936371013888,92852266
1295,19330304,92374964,-1,-1
1296,-1,-1,1733414936407938048,37047842
1297,34522624,39511174,-1,-1
1298,-1,-1,1733414936407674880,149611932
1299,15738880,146977166,-1,-1
1300,-1,-1,1733414936423140096,115465160
1301,24797184,117902706,-1,-1
1302,-1,-1,1733414936480046592,106906031
1303,36211968,107167190,-1,-1
1304,-1,-1,1733414936454437888,24391299
1305,16317696,21021977,-1,-1
1306,-1,-1,1733414936484156416,179718340
1307,28640512,180278266,-1,-1
1308,-1,-1,1733414936508644864,124488314
1309,38954496,136824935,-1,-1
1310,-1,-1,1733414936557119488,48474285
1311,31275776,36181505,-1,-1
1312,-1,-1,1733414936528486400,21366993
1313,13928704,20672188,-1,-1
1314,-1,-1,1733414936578034432,149548019
1315,30837504,149763245,-1,-1
1316,-1,-1,1733414936585077760,157043193
1317,41730048,160551091,-1,-1
1318,-1,-1,1733414936614946560,129868492
1319,23796736,127840570,-1,-1
1320,-1,-1,1733414936663542784,148595848
1321,30921984,147816286,-1,-1
1322,-1,-1,1733414936648920832,35378348
1323,26119168,35093452,-1,-1
1324,-1,-1,1733414936692477440,143556335
1325,24872960,146622005,-1,-1
1326,-1,-1,1733414936744140032,101662301
1327,34704640,100563420,-1,-1
1328,-1,-1,1733414936747938816,53798494
1329,35481856,54659293,-1,-1
1330,-1,-1,1733414936727079168,29140291
1331,32901888,38294671,-1,-1
1332,-1,-1,1733414936790279424,163199920
1333,37427712,150792855,-1,-1
1334,-1,-1,1733414936794194944,103915431
1335,22045184,105331808,-1,-1
1336,-1,-1,1733414936830519552,36324416
1337,32938496,37289801,-1,-1
1338,-1,-1,1733414936821859840,141340692
1339,29990656,142674022,-1,-1
1340,-1,-1,1733414936834144256,62283641
1341,34739200,70834837,-1,-1
1342,-1,-1,1733414936882547456,98403177
1343,33475072,87593255,-1,-1
1344,-1,-1,1733414936920429056,37881526
1345,44964352,49153023,-1,-1
1346,-1,-1,1733414936957297152,136867903
1347,44750336,134578437,-1,-1
1348,-1,-1,1733414936935997184,128699764
1349,42870528,130715724,-1,-1
1350,-1,-1,1733414936957757184,121759944
1351,39555328,121613340,-1,-1
1352,-1,-1,1733414936992282624,134525522
1353,42760704,122860676,-1,-1
1354,-1,-1,1733414937040795136,148512051
1355,37291520,148459079,-1,-1
1356,-1,-1,1733414937093564928,152769619
1357,33878784,152674449,-1,-1
1358,-1,-1,1733414937067488256,23923188
1359,16031488,23989744,-1,-1
1360,-1,-1,1733414937119038976,151550775
1361,31022080,151789531,-1,-1
1362,-1,-1,1733414937162701312,43662084
1363,47905024,54786538,-1,-1
1364,-1,-1,1733414937172035072,109333535
1365,31376128,98306157,-1,-1
1366,-1,-1,1733414937172641024,150606070
1367,42827520,162129049,-1,-1
1368,-1,-1,1733414937229319680,106678265
1369,33424896,95331401,-1,-1
1370,-1,-1,1733414937210137856,30818380
1371,37939200,42335419,-1,-1
1372,-1,-1,1733414937235849728,125711465
1373,43742976,125742255,-1,-1
1374,-1,-1,1733414937304589568,118739472
1375,32831744,108665845,-1,-1
1376,-1,-1,1733414937334746368,230156814
1377,34488320,227653385,-1,-1
1378,-1,-1,1733414937307085824,22339361
1379,32025088,37013104,-1,-1
1380,-1,-1,1733414937387161856,130075668
1381,32995840,117753134,-1,-1
1382,-1,-1,1733414937388816128,201654292
1383,23892736,202504898,-1,-1
1384,-1,-1,1733414937440127744,101311556
1385,30820864,98673026,-1,-1
1386,-1,-1,1733414937414088448,23960245
1387,15505408,23958638,-1,-1
1388,-1,-1,1733414937468663552,154575117
1389,31973376,154814661,-1,-1
1390,-1,-1,1733414937501657088,32993222
1391,31792640,35680797,-1,-1
1392,-1,-1,1733414937508549376,206892285
1393,32886016,203736198,-1,-1
1394,-1,-1,1733414937491143168,32593741
1395,39902208,44899295,-1,-1
1396,-1,-1,1733414937515984384,124841023
1397,43795712,123616286,-1,-1
1398,-1,-1,1733414937568736512,102751949
1399,32845824,91799656,-1,-1
1400,-1,-1,1733414937604498688,35762056
1401,32924928,37984039,-1,-1
1402,-1,-1,1733414937599153152,144654287
1403,46660864,142464234,-1,-1
1404,-1,-1,1733414937643979776,144826486
1405,32847616,144804157,-1,-1
1406,-1,-1,1733414937626799872,32819839
1407,26740736,35921742,-1,-1
1408,-1,-1,1733414937678781440,101981496
1409,35923456,97788308,-1,-1
1410,-1,-1,1733414937652526848,23745097
1411,22912256,27969308,-1,-1
1412,-1,-1,1733414937703311360,100784418
1413,33320448,98160394,-1,-1
1414,-1,-1,1733414937680271872,26960031
1415,16860160,26482501,-1,-1
1416,-1,-1,1733414937760452096,230180202
1417,33768704,229329523,-1,-1
1418,-1,-1,1733414937773048832,162596516
1419,19430912,164771328,-1,-1
1420,-1,-1,1733414937788136960,65087893
1421,42968320,75939309,-1,-1
1422,-1,-1,1733414937848766720,160629821
1423,37814272,146514819,-1,-1
1424,-1,-1,1733414937854936320,56169108
1425,31899904,58036889,-1,-1
1426,-1,-1,1733414937868554240,113617859
1427,33952768,114185374,-1,-1
1428,-1,-1,1733414937855453696,36899461
1429,34027776,39440432,-1,-1
1430,-1,-1,1733414937871158016,115704309
1431,39808768,115660942,-1,-1
1432,-1,-1,1733414937879897344,108739133
1433,42896640,118846292,-1,-1
1434,-1,-1,1733414937936861440,106963693
1435,33896448,94747391,-1,-1
1436,-1,-1,1733414937914683648,27822142
1437,34896128,39973787,-1,-1
1438,-1,-1,1733414938002495488,137811510
1439,44838912,124650461,-1,-1
1440,-1,-1,1733414937982476288,179980747
1441,27396096,182733487,-1,-1
1442,-1,-1,1733414938005923584,73447289
1443,37770752,70755900,-1,-1
1444,-1,-1,1733414938064993536,109069469
1445,32919808,111030272,-1,-1
1446,-1,-1,1733414938093635584,128642093
1447,42705152,136697258,-1,-1
1448,-1,-1,1733414938120512512,126876814
1449,33076224,119059841,-1,-1
1450,-1,-1,1733414938106259712,135747294
1451,46913536,147619538,-1,-1
1452,-1,-1,1733414938153830144,147570293
1453,25755136,133575299,-1,-1
1454,-1,-1,1733414938199297024,95466413
1455,31998208,95054441,-1,-1
1456,-1,-1,1733414938222845440,73548018
1457,39848192,74758311,-1,-1
1458,-1,-1,1733414938200528128,27682763
1459,23939840,29987172,-1,-1
1460,-1,-1,1733414938256421120,105892621
1461,32542720,101459776,-1,-1
1462,-1,-1,1733414938227587584,21166355
1463,23053568,26384624,-1,-1
1464,-1,-1,1733414938279233792,101646267
1465,31845632,97666445,-1,-1
1466,-1,-1,1733414938248220672,18986539
1467,17183744,22213111,-1,-1
1468,-1,-1,1733414938304258304,106037599
1469,32160000,102848090,-1,-1
1470,-1,-1,1733414938279900928,25642178
1471,20591104,25719184,-1,-1
1472,-1,-1,1733414938329846272,99945318
1473,32633856,100033251,-1,-1
1474,-1,-1,1733414938300824576,20978200
1475,18913536,23744952,-1,-1
1476,-1,-1,1733414938352441344,101616612
1477,31957248,98788502,-1,-1
1478,-1,-1,1733414938327269888,24828275
1479,23020544,27939094,-1,-1
1480,-1,-1,1733414938381950464,154680439
1481,32494848,151586017,-1,-1
1482,-1,-1,1733414938370853888,38903526
1483,37339136,42824423,-1,-1
1484,-1,-1,1733414938401214464,130360352
1485,47366912,128321449,-1,-1
1486,-1,-1,1733414938442947328,91732507
1487,33852160,89368624,-1,-1
1488,-1,-1,1733414938435455744,42508529
1489,37761024,42772437,-1,-1
1490,-1,-1,1733414938490333440,104877218
1491,46755840,120866893,-1,-1
1492,-1,-1,1733414938514146048,223812551
1493,32825856,207581198,-1,-1
1494,-1,-1,1733414938507609600,43463418
1495,39041536,45853591,-1,-1
1496,-1,-1,1733414938532560896,124951192
1497,36201728,122745382,-1,-1
1498,-1,-1,1733414938550056960,117496021
1499,43901440,120831358,-1,-1
1500,-1,-1,1733414938572846848,122789567
1501,40765696,119628533,-1,-1
1502,-1,-1,1733414938631644416,108797408
1503,46137600,121128670,-1,-1
1504,-1,-1,1733414938635130112,203485509
1505,34700544,191168318,-1,-1
1506,-1,-1,1733414938682341120,147210688
1507,33410304,147337183,-1,-1
1508,-1,-1,1733414938673726208,41385348
1509,36779776,41231693,-1,-1
1510,-1,-1,1733414938683194880,109468468
1511,42863104,120847941,-1,-1
1512,-1,-1,1733414938714242560,131047637
1513,42830848,119755834,-1,-1
1514,-1,-1,1733414938778941440,114698367
1515,44884224,126765318,-1,-1
1516,-1,-1,1733414938776870656,47929221
1517,33811200,38783869,-1,-1
1518,-1,-1,1733414938768589056,141718040
1519,30384896,141813349,-1,-1
1520,-1,-1,1733414938817800704,99211674
1521,30978048,95835218,-1,-1
1522,-1,-1,1733414938803321088,35520032
1523,33415680,38762569,-1,-1
1524,-1,-1,1733414938870995712,117674614
1525,32335360,114725109,-1,-1
1526,-1,-1,1733414938845941504,24945621
1527,17999104,25023468,-1,-1
1528,-1,-1,1733414938893707776,147765913
1529,33959424,147740548,-1,-1
1530,-1,-1,1733414938885559296,41851655
1531,36970240,41875568,-1,-1
1532,-1,-1,1733414938907343616,121784157
1533,46301952,123703432,-1,-1
1534,-1,-1,1733414938956077056,148733248
1535,33938688,146875030,-1,-1
1536,-1,-1,1733414938931221760,25144420
1537,22923520,27856686,-1,-1
1538,-1,-1,1733414938977182976,95961200
1539,31948800,93786032,-1,-1
1540,-1,-1,1733414938951070208,23887346
1541,20887296,25927061,-1,-1
1542,-1,-1,1733414938973332736,122261654
1543,15534080,119668406,-1,-1
1544,-1,-1,1733414939009472768,36139983
1545,30942976,36017578,-1,-1
1546,-1,-1,1733414939039532800,130059868
1547,30244864,129053187,-1,-1
1548,-1,-1,1733414939054195200,114662463
1549,34210048,115761145,-1,-1
1550,-1,-1,1733414939041836032,37640616
1551,32914944,37526754,-1,-1
1552,-1,-1,1733414939059587840,117751550
1553,42629888,117600315,-1,-1
1554,-1,-1,1733414939119369728,109781816
1555,45411072,122915287,-1,-1
1556,-1,-1,1733414939112051712,92681624
1557,33157888,80106679,-1,-1
1558,-1,-1,1733414939101953536,39901936
1559,33929984,39647680,-1,-1
1560,-1,-1,1733414939116687872,114734214
1561,43798272,121617746,-1,-1
1562,-1,-1,1733414939142460928,125772739
1563,42756352,118762862,-1,-1
1564,-1,-1,1733414939155194880,112733855
1565,43851520,124791965,-1,-1
1566,-1,-1,1733414939230314496,125119309
1567,32852224,113751438,-1,-1
1568,-1,-1,1733414939216692736,136378301
1569,43805440,138689794,-1,-1
1570,-1,-1,1733414939278753792,112060731
1571,41914112,118871386,-1,-1
1572,-1,-1,1733414939290585856,161832015
1573,31016704,150818833,-1,-1
1574,-1,-1,1733414939265320704,24734648
1575,21563648,26429545,-1,-1
1576,-1,-1,1733414939313239040,97918200
1577,33781504,97094179,-1,-1
1578,-1,-1,1733414939287858944,24619985
1579,17728000,25007270,-1,-1
1580,-1,-1,1733414939331592704,143733663
1581,31380480,143345925,-1,-1
1582,-1,-1,1733414939348886528,67293440
1583,33003264,67494171,-1,-1
1584,-1,-1,1733414939351488512,52602057
1585,33130752,52812785,-1,-1
1586,-1,-1,1733414939351446784,49957997
1587,44759808,49882853,-1,-1
1588,-1,-1,1733414939409663232,158216244
1589,37974016,157896814,-1,-1
1590,-1,-1,1733414939406113280,96449921
1591,39185408,96703972,-1,-1
1592,-1,-1,1733414939477964800,121851532
1593,46687744,121871674,-1,-1
1594,-1,-1,1733414939470734080,142768818
1595,30830848,142790044,-1,-1
1596,-1,-1,1733414939479651584,58917332
1597,31933952,59463153,-1,-1
1598,-1,-1,1733414939492348928,112697081
1599,33284864,112394847,-1,-1
1600,-1,-1,1733414939482337792,39988740
1601,34822144,39747730,-1,-1
1602,-1,-1,1733414939522132480,89794678
1603,31538688,90583805,-1,-1
1604,-1,-1,1733414939507127552,34994831
1605,31490304,37324514,-1,-1
1606,-1,-1,1733414939523875840,116747969
1607,41767168,116664176,-1,-1
1608,-1,-1,1733414939585812736,111936944
1609,30731776,108968284,-1,-1
1610,-1,-1,1733414939581557248,145744318
1611,46233600,145640559,-1,-1
1612,-1,-1,1733414939586306304,104748766
1613,40848128,116878804,-1,-1
1614,-1,-1,1733414939639139328,102833160
1615,32865792,90836392,-1,-1
1616,-1,-1,1733414939620051456,30911545
1617,36644864,42890611,-1,-1
1618,-1,-1,1733414939691698688,121647471
1619,45360128,120778471,-1,-1
1620,-1,-1,1733414939703559680,161860605
1621,32962560,149798049,-1,-1
1622,-1,-1,1733414939685283328,31723584
1623,28879104,33812229,-1,-1
1624,-1,-1,1733414939738385408,103101674
1625,32936704,102914559,-1,-1
1626,-1,-1,1733414939710572544,22187210
1627,16957952,23927681,-1,-1
1628,-1,-1,1733414939757131008,96558135
1629,32080384,92959413,-1,-1
1630,-1,-1,1733414939734894592,27763536
1631,23813376,28610598,-1,-1
1632,-1,-1,1733414939792995328,158100697
1633,31361280,157816137,-1,-1
1634,-1,-1,1733414939785950464,42954931
1635,37856768,42888138,-1,-1
1636,-1,-1,1733414939804305664,118354879
1637,42643456,118643386,-1,-1
1638,-1,-1,1733414939809174272,104868499
1639,42713856,118972159,-1,-1
1640,-1,-1,1733414939861733888,52559350
1641,32911360,37894643,-1,-1
1642,-1,-1,1733414939871647488,109913327
1643,35618304,110087605,-1,-1
1644,-1,-1,1733414939860814848,89167322
1645,42105344,89861975,-1,-1
1646,-1,-1,1733414939920087552,109272725
1647,45852928,121635869,-1,-1
1648,-1,-1,1733414939916362752,146274907
1649,45352960,136742889,-1,-1
1650,-1,-1,1733414939972856064,156493164
1651,35804160,155687816,-1,-1
1652,-1,-1,1733414939950950656,28094910
1653,22825728,24900244,-1,-1
1654,-1,-1,1733414939998938880,97987513
1655,32870400,98866429,-1,-1
1656,-1,-1,1733414939973704960,24765971
1657,18285568,24966279,-1,-1
1658,-1,-1,1733414939996488704,172783530
1659,40703488,172688235,-1,-1
1660,-1,-1,1733414940015238144,118749259
1661,44728320,120637542,-1,-1
1662,-1,-1,1733414940056123648,140885374
1663,31473152,139460446,-1,-1
1664,-1,-1,1733414940035063808,28940100
1665,27133952,31557301,-1,-1
1666,-1,-1,1733414940082850560,97786646
1667,32308480,96031495,-1,-1
1668,-1,-1,1733414940058783232,25932551
1669,20891904,24585439,-1,-1
1670,-1,-1,1733414940099992576,91208996
1671,30793728,90768960,-1,-1
1672,-1,-1,1733414940076573952,26581375
1673,17782016,27018385,-1,-1
1674,-1,-1,1733414940155366656,128792438
1675,35556864,131820640,-1,-1
1676,-1,-1,1733414940130144768,124778116
1677,34905344,124773480,-1,-1
1678,-1,-1,1733414940174199552,94054633
1679,30930176,90895090,-1,-1
1680,-1,-1,1733414940146023424,21823516
1681,20042496,24991242,-1,-1
1682,-1,-1,1733414940201866752,155843476
1683,33590272,153325680,-1,-1
1684,-1,-1,1733414940186550272,84683194
1685,22888704,84146934,-1,-1
1686,-1,-1,1733414940238440192,101889784
1687,30830336,101805085,-1,-1
1688,-1,-1,1733414940217309952,28869646
1689,22046208,28974287,-1,-1
1690,-1,-1,1733414940259592704,142282416
1691,32587008,141116584,-1,-1
1692,-1,-1,1733414940242145792,32552913
1693,30977792,36686311,-1,-1
1694,-1,-1,1733414940289813504,147667637
1695,38251520,150132697,-1,-1
1696,-1,-1,1733414940268005888,28192277
1697,19907584,23765461,-1,-1
1698,-1,-1,1733414940287667712,119661718
1699,30798080,121552546,-1,-1
1700,-1,-1,1733414940340939008,103271058
1701,34201344,100267969,-1,-1
1702,-1,-1,1733414940313470464,22531448
1703,20342272,25507983,-1,-1
1704,-1,-1,1733414940359343360,145872783
1705,37025792,146935422,-1,-1
1706,-1,-1,1733414940349143808,39800188
1707,31831040,35810222,-1,-1
1708,-1,-1,1733414940392380416,93236323
1709,33101056,93136859,-1,-1
1710,-1,-1,1733414940385873152,43492554
1711,41304576,46584755,-1,-1
1712,-1,-1,1733414940405619200,119745693
1713,41762816,116760415,-1,-1
1714,-1,-1,1733414940463457792,107838715
1715,44549632,119814308,-1,-1
1716,-1,-1,1733414940472148224,158690139
1717,32621312,146848537,-1,-1
1718,-1,-1,1733414940455017728,32869456
1719,30005760,34900901,-1,-1
1720,-1,-1,1733414940505517056,150498914
1721,32540416,147574573,-1,-1
1722,-1,-1,1733414940546633984,41116885
1723,35929600,41968284,-1,-1
1724,-1,-1,1733414940549997824,153363569
1725,32960512,152771121,-1,-1
1726,-1,-1,1733414940520363008,20364940
1727,18908416,23945342,-1,-1
1728,-1,-1,1733414940572912896,102549741
1729,32514560,99366199,-1,-1
1730,-1,-1,1733414940543092480,20179428
1731,18834688,23305939,-1,-1
1732,-1,-1,1733414940588168192,95075529
1733,32237824,92286210,-1,-1
1734,-1,-1,1733414940602766080,114597677
1735,30901760,114444366,-1,-1
1736,-1,-1,1733414940573754624,20988546
1737,19044608,23974250,-1,-1
1738,-1,-1,1733414940621810944,98055943
1739,32473600,94802235,-1,-1
1740,-1,-1,1733414940597376512,25565553
1741,17887232,24876262,-1,-1
1742,-1,-1,1733414940610090752,112714330
1743,28578816,113901732,-1,-1
1744,-1,-1,1733414940661860352,101769105
1745,33568768,101532658,-1,-1
1746,-1,-1,1733414940637571072,25710763
1747,23825920,28174193,-1,-1
1748,-1,-1,1733414940661933312,74361966
1749,38643200,71873385,-1,-1
1750,-1,-1,1733414940734820608,122887202
1751,46762240,125822569,-1,-1
1752,-1,-1,1733414940706623488,121802522
1753,39784704,118751297,-1,-1
1754,-1,-1,1733414940777383936,120760576
1755,42817792,120780570,-1,-1
1756,-1,-1,1733414940739156480,161772103
1757,27860992,165851248,-1,-1
1758,-1,-1,1733414940782840832,143684329
1759,14905600,139637919,-1,-1
1760,-1,-1,1733414940819618048,36777057
1761,31946496,37001638,-1,-1
1762,-1,-1,1733414940835792896,166174847
1763,33663488,166503977,-1,-1
1764,-1,-1,1733414940815558144,29764997
1765,28068096,32400639,-1,-1
1766,-1,-1,1733414940872294400,156735954
1767,32293376,153625307,-1,-1
1768,-1,-1,1733414940870269184,47974703
1769,41579008,47873303,-1,-1
1770,-1,-1,1733414940927035648,106766357
1771,46775808,121819719,-1,-1
1772,-1,-1,1733414940958192896,181156912
1773,34110464,168945566,-1,-1
1774,-1,-1,1733414940951484672,43291852
1775,32086272,39869244,-1,-1
1776,-1,-1,1733414940969070080,67585143
1777,31445760,68325454,-1,-1
1778,-1,-1,1733414940985311744,66241558
1779,29707264,65203877,-1,-1
1780,-1,-1,1733414941020538880,35227039
1781,33148416,38297171,-1,-1
1782,-1,-1,1733414941038243840,167704688
1783,31856896,165544252,-1,-1
1784,-1,-1,1733414941016369664,28168319
1785,15440896,28002108,-1,-1
1786,-1,-1,1733414941042414848,126002426
1787,28195840,128278296,-1,-1
1788,-1,-1,1733414941099154432,106739349
1789,35994368,104483355,-1,-1
1790,-1,-1,1733414941073383168,24228774
1791,16273408,23822458,-1,-1
1792,-1,-1,1733414941098772736,125389596
1793,28877056,129001129,-1,-1
1794,-1,-1,1733414941153098240,104325243
1795,33221888,101140179,-1,-1
1796,-1,-1,1733414941128758016,25659672
1797,24084736,28737407,-1,-1
1798,-1,-1,1733414941177484288,98725811
1799,31509248,96299957,-1,-1
1800,-1,-1,1733414941158228736,30744659
1801,28040448,32544591,-1,-1
1802,-1,-1,1733414941210993408,102764222
1803,31446528,100259048,-1,-1
1804,-1,-1,1733414941188180480,27186893
1805,25997056,31557530,-1,-1
1806,-1,-1,1733414941242716928,104536120
1807,32967424,100850674,-1,-1
1808,-1,-1,1733414941213260544,20543548
1809,18195712,23093326,-1,-1
1810,-1,-1,1733414941265072640,101811929
1811,32120832,99796950,-1,-1
1812,-1,-1,1733414941238115584,23043075
1813,19904768,24966976,-1,-1
1814,-1,-1,1733414941306340096,118223870
1815,32017920,114808664,-1,-1
1816,-1,-1,1733414941303534848,97194758
1817,43200512,97644902,-1,-1
1818,-1,-1,1733414941308384256,104849214
1819,41311744,120023946,-1,-1
1820,-1,-1,1733414941361689600,53305028
1821,32651520,38090462,-1,-1
1822,-1,-1,1733414941372185856,110496468
1823,31948032,111163406,-1,-1
1824,-1,-1,1733414941351526656,29340620
1825,22334464,28392415,-1,-1
1826,-1,-1,1733414941402687232,101160476
1827,34181376,101957002,-1,-1
1828,-1,-1,1733414941379814912,27127334
1829,17349888,25827303,-1,-1
1830,-1,-1,1733414941422041088,142226170
1831,31503872,142885195,-1,-1
1832,-1,-1,1733414941417652992,45611929
1833,40221696,45749510,-1,-1
1834,-1,-1,1733414941450664704,83011510
1835,33977856,83601003,-1,-1
1836,-1,-1,1733414941473323520,72658614
1837,31405824,70291653,-1,-1
1838,-1,-1,1733414941444694784,21371035
1839,21914368,27881137,-1,-1
1840,-1,-1,1733414941502262784,107567930
1841,35803392,106388327,-1,-1
1842,-1,-1,1733414941500293888,48030766
1843,34329344,45408620,-1,-1
1844,-1,-1,1733414941511097856,160803953
1845,44300544,159850435,-1,-1
1846,-1,-1,1733414941572778496,111680364
1847,45361408,123818498,-1,-1
1848,-1,-1,1733414941595414272,222635708
1849,34226944,211480339,-1,-1
1850,-1,-1,1733414941584436224,39021694
1851,32402176,38041597,-1,-1
1852,-1,-1,1733414941630164736,145728309
1853,31436032,145769691,-1,-1
1854,-1,-1,1733414941604102144,23936981
1855,16111360,23871822,-1,-1
1856,-1,-1,1733414941671310592,167208445
1857,50386688,182846469,-1,-1
1858,-1,-1,1733414941656538880,135228284
1859,42144768,120667423,-1,-1
1860,-1,-1,1733414941675284224,118745210
1861,39590912,117684679,-1,-1
1862,-1,-1,1733414941721042176,145757541
1863,35355136,147831546,-1,-1
1864,-1,-1,1733414941714968576,43926308
1865,33037056,42084327,-1,-1
1866,-1,-1,1733414941722567168,157598479
1867,41328640,157476779,-1,-1
1868,-1,-1,1733414941740512256,117944963
1869,41671424,117774438,-1,-1
1870,-1,-1,1733414941773287424,132774800
1871,37982464,132927002,-1,-1
1872,-1,-1,1733414941835510272,112222470
1873,45267968,124159013,-1,-1
1874,-1,-1,1733414941864186368,128676147
1875,32896512,118634740,-1,-1
1876,-1,-1,1733414941844483072,130296472
1877,38258432,128394954,-1,-1
1878,-1,-1,1733414941886703872,142220756
1879,33870592,142804448,-1,-1
1880,-1,-1,1733414941862260224,25556107
1881,15011584,24964122,-1,-1
1882,-1,-1,1733414941908163584,145903296
1883,31322880,146120725,-1,-1
1884,-1,-1,1733414941892845056,84681266
1885,28983808,84532560,-1,-1
1886,-1,-1,1733414941937185536,94340333
1887,30886656,93652068,-1,-1
1888,-1,-1,1733414941906628608,19442715
1889,16867072,23086261,-1,-1
1890,-1,-1,1733414941956217088,149588441
1891,33955072,146769777,-1,-1
1892,-1,-1,1733414941945105152,38887884
1893,33788672,38666656,-1,-1
1894,-1,-1,1733414942005518080,110412521
1895,32894208,111991445,-1,-1
1896,-1,-1,1733414941991200768,135682569
1897,23901952,132742696,-1,-1
1898,-1,-1,1733414942041340416,50139617
1899,40366592,51833468,-1,-1
1900,-1,-1,1733414942032301312,140960577
1901,22982656,140697720,-1,-1
1902,-1,-1,1733414942078307072,196059198
1903,37025280,195759818,-1,-1
1904,-1,-1,1733414942089321216,160960454
1905,36561408,163902812,-1,-1
1906,-1,-1,1733414942068613632,79292051
1907,17648896,79517533,-1,-1
1908,-1,-1,1733414942115552256,96938660
1909,33029376,94025936,-1,-1
1910,-1,-1,1733414942137434112,121881721
1911,31841536,121706022,-1,-1
1912,-1,-1,1733414942109405696,21971124
1913,19876352,24774787,-1,-1
1914,-1,-1,1733414942161854720,102449180
1915,31674368,100651629,-1,-1
1916,-1,-1,1733414942141762048,29906940
1917,19640576,29084774,-1,-1
1918,-1,-1,1733414942157569536,115807484
1919,14729728,115838995,-1,-1
1920,-1,-1,1733414942176636416,119066536
1921,14708480,117704967,-1,-1
1922,-1,-1,1733414942212258048,35621455
1923,33272320,38340440,-1,-1
1924,-1,-1,1733414942222769920,160511762
1925,32868352,158346858,-1,-1
1926,-1,-1,1733414942193645312,20875039
1927,17760512,23975919,-1,-1
1928,-1,-1,1733414942217684224,124038830
1929,15659520,121704420,-1,-1
1930,-1,-1,1733414942253624832,35940480
1931,31084032,36157627,-1,-1
1932,-1,-1,1733414942229404416,125779429
1933,38951936,137627394,-1,-1
1934,-1,-1,1733414942270988288,141583698
1935,19298048,129597812,-1,-1
1936,-1,-1,1733414942312623104,41634744
1937,37774080,42858825,-1,-1
1938,-1,-1,1733414942295862528,133239156
1939,15924224,131888601,-1,-1
1940,-1,-1,1733414942332538112,36675320
1941,34135296,39207265,-1,-1
1942,-1,-1,1733414942354498560,121960267
1943,31722752,119456567,-1,-1
1944,-1,-1,1733414942399453184,144954484
1945,32577536,146483827,-1,-1
1946,-1,-1,1733414942384047360,134594203
1947,39889664,145056722,-1,-1
1948,-1,-1,1733414942419292672,135245002
1949,40919040,122626599,-1,-1
1950,-1,-1,1733414942435591680,116298697
1951,42695936,119870355,-1,-1
1952,-1,-1,1733414942477029376,91437590
1953,34769408,88291674,-1,-1
1954,-1,-1,1733414942472401920,45372529
1955,40838656,45515277,-1,-1
1956,-1,-1,1733414942488063744,115661787
1957,33009152,115802872,-1,-1
1958,-1,-1,1733414942525827840,37763748
1959,36326912,41509760,-1,-1
1960,-1,-1,1733414942536948736,111120790
1961,39917824,107200224,-1,-1
1962,-1,-1,1733414942544485120,157536055
1963,14715904,157611355,-1,-1
1964,-1,-1,1733414942591060480,146575283
1965,32939520,147475438,-1,-1
1966,-1,-1,1733414942604819456,163758953
1967,44841984,174914183,-1,-1
1968,-1,-1,1733414942669433344,164613547
1969,34078720,150858344,-1,-1
1970,-1,-1,1733414942644005376,24571887
1971,21058304,25976344,-1,-1
1972,-1,-1,1733414942707133440,163127927
1973,33070592,163637068,-1,-1
1974,-1,-1,1733414942729186816,122053165
1975,33540608,121839664,-1,-1
1976,-1,-1,1733414942717830144,38643159
1977,33812992,38645191,-1,-1
1978,-1,-1,1733414942773801216,105970838
1979,32920576,108031365,-1,-1
1980,-1,-1,1733414942787436032,163634656
1981,34017280,162662558,-1,-1
1982,-1,-1,1733414942764299008,26862901
1983,19920128,25913937,-1,-1
1984,-1,-1,1733414942810783488,96484148
1985,32958208,97897236,-1,-1
1986,-1,-1,1733414942784413440,23629739
1987,19889408,24817571,-1,-1
1988,-1,-1,1733414942842628352,108214909
1989,38919168,105367602,-1,-1
1990,-1,-1,1733414942817993216,25364678
1991,22900224,28390325,-1,-1
1992,-1,-1,1733414942871515648,103522304
1993,32040960,99506466,-1,-1
1994,-1,-1,1733414942840552192,19035967
1995,18598400,22934774,-1,-1
1996,-1,-1,1733414942908846080,118294010
1997,34321920,115104068,-1,-1
1998,-1,-1,1733414942913712128,54865623
1999,30760960,55203298,-1,-1
2000,-1,-1,1733414942913374208,49662185
2001,44967680,49684275,-1,-1
2002,-1,-1,1733414942954956544,91582115
2003,31475456,90677500,-1,-1
2004,-1,-1,1733414942945183744,40226947
2005,43715328,53203241,-1,-1
2006,-1,-1,1733414942999731968,104548031
2007,31932672,91709642,-1,-1
2008,-1,-1,1733414942992898304,43166352
2009,43747584,49919183,-1,-1
2010,-1,-1,1733414943018382592,125484029
2011,45860864,122752785,-1,-1
2012,-1,-1,1733414943028572928,110190389
2013,41752320,118654238,-1,-1
2014,-1,-1,1733414943055128576,126555458
2015,44666112,126687215,-1,-1
2016,-1,-1,1733414943082924288,127795811
2017,40559104,118820510,-1,-1
2018,-1,-1,1733414943126501888,93576965
2019,30815488,90956649,-1,-1
2020,-1,-1,1733414943109491968,32990171
2021,37536512,44747578,-1,-1
2022,-1,-1,1733414943166455808,156963753
2023,32804352,143688168,-1,-1
2024,-1,-1,1733414943138550272,22094089
2025,17786880,22859765,-1,-1
2026,-1,-1,1733414943185000960,96450618
2027,30855424,95938555,-1,-1
2028,-1,-1,1733414943157851904,22850640
2029,21869056,26902234,-1,-1
2030,-1,-1,1733414943212348160,104496221
2031,31085824,101076324,-1,-1
2032,-1,-1,1733414943188611072,26262755
2033,21858048,26674947,-1,-1
2034,-1,-1,1733414943235350016,96738759
2035,35365376,97393489,-1,-1
2036,-1,-1,1733414943212332288,26982018
2037,17248000,26369864,-1,-1
2038,-1,-1,1733414943234196224,121863781
2039,28880640,121861310,-1,-1
2040,-1,-1,1733414943274774016,140577900
2041,29896960,139758191,-1,-1
2042,-1,-1,1733414943273902848,49128377
2043,44888064,49885636,-1,-1
2044,-1,-1,1733414943291763968,117860992
2045,35869184,129722056,-1,-1
2046,-1,-1,1733414943345872384,104108295
2047,32925184,91963958,-1,-1
2048,-1,-1,1733414943322082816,26210118
2049,33005312,37915963,-1,-1
2050,-1,-1,1733414943349214208,127131396
2051,41897216,115780639,-1,-1
2052,-1,-1,1733414943391116288,141901741
2053,37382912,141726557,-1,-1
2054,-1,-1,1733414943413805824,122689499
2055,32091136,122939029,-1,-1
2056,-1,-1,1733414943383916800,20110786
2057,17868032,22786473,-1,-1
2058,-1,-1,1733414943408389888,124473023
2059,14807552,121787554,-1,-1
2060,-1,-1,1733414943420234496,111844631
2061,30998528,114961127,-1,-1
2062,-1,-1,1733414943440095488,69860683
2063,34780928,66653787,-1,-1
2064,-1,-1,1733414943481084416,90988750
2065,31822592,91856387,-1,-1
2066,-1,-1,1733414943476922880,45838389
2067,42782976,47899047,-1,-1
2068,-1,-1,1733414943523814912,146891746
2069,30864640,143691175,-1,-1
2070,-1,-1,1733414943499002112,25187167
2071,22903040,28040663,-1,-1
2072,-1,-1,1733414943551242752,102240328
2073,37419008,102765295,-1,-1
2074,-1,-1,1733414943525573120,24330344
2075,16268032,20883349,-1,-1
2076,-1,-1,1733414943543956224,168382764
2077,39806976,180765170,-1,-1
2078,-1,-1,1733414943572934656,128978392
2079,36905728,119728960,-1,-1
2080,-1,-1,1733414943611626240,38691484
2081,31871488,36939540,-1,-1
2082,-1,-1,1733414943620612608,58986272
2083,31542784,58551317,-1,-1
2084,-1,-1,1733414943634554880,113942146
2085,36977408,116186087,-1,-1
2086,-1,-1,1733414943624557056,40001818
2087,34973184,38864939,-1,-1
2088,-1,-1,1733414943685424384,110867412
2089,32190464,110744700,-1,-1
2090,-1,-1,1733414943685973248,50548447
2091,31866880,48898782,-1,-1
2092,-1,-1,1733414943675763712,139790693
2093,32796672,143735604,-1,-1
2094,-1,-1,1733414943724240384,148476385
2095,30927872,144704391,-1,-1
2096,-1,-1,1733414943699354112,25113493
2097,31885312,36961986,-1,-1
2098,-1,-1,1733414943720612352,121258027
2099,39853568,117766112,-1,-1
2100,-1,-1,1733414943773147136,152534572
2101,36870400,144596408,-1,-1
2102,-1,-1,1733414943762501888,89354494
2103,41945088,88957928,-1,-1
2104,-1,-1,1733414943780212992,117710883
2105,40789504,117567792,-1,-1
2106,-1,-1,1733414943798362112,118149115
2107,41624064,121730026,-1,-1
2108,-1,-1,1733414943841012736,92650724
2109,33718784,89944114,-1,-1
2110,-1,-1,1733414943827842304,36828927
2111,33961728,38002827,-1,-1
2112,-1,-1,1733414943875534080,147691713
2113,31361280,145628265,-1,-1
2114,-1,-1,1733414943851471872,25937933
2115,15691776,26006836,-1,-1
2116,-1,-1,1733414943888243712,186771466
2117,43768832,186540693,-1,-1
2118,-1,-1,1733414943903950336,115706473
2119,41687296,115832008,-1,-1
2120,-1,-1,1733414943944132864,90182565
2121,33198848,90208837,-1,-1
2122,-1,-1,1733414943925694976,31561700
2123,32817664,37608791,-1,-1
2124,-1,-1,1733414943987786240,112091466
2125,35532800,108586136,-1,-1
2126,-1,-1,1733414943988150784,50364097
2127,31886592,47230521,-1,-1
2128,-1,-1,1733414944036781312,248630404
2129,31034880,248641293,-1,-1
2130,-1,-1,1733414944022821376,86039757
2131,39759616,89677330,-1,-1
2132,-1,-1,1733414944063980288,91159111
2133,31402240,88315161,-1,-1
2134,-1,-1,1733414944051564288,37583621
2135,32766208,37371746,-1,-1
2136,-1,-1,1733414944070545664,118981082
2137,34813184,121803723,-1,-1
2138,-1,-1,1733414944149193472,128648023
2139,44734208,125822531,-1,-1
2140,-1,-1,1733414944130191872,80998188
2141,33436928,81048263,-1,-1
2142,-1,-1,1733414944124892160,44700001
2143,41808384,46748839,-1,-1
2144,-1,-1,1733414944141826048,116933719
2145,43798784,117867552,-1,-1
2146,-1,-1,1733414944205930240,114104034
2147,45310208,122897459,-1,-1
2148,-1,-1,1733414944184597504,78667284
2149,15774720,66761229,-1,-1
2150,-1,-1,1733414944222464768,37866869
2151,35260928,40290898,-1,-1
2152,-1,-1,1733414944209273344,136808436
2153,40736512,137448482,-1,-1
2154,-1,-1,1733414944231943936,122670382
2155,39752448,125678485,-1,-1
2156,-1,-1,1733414944289690112,157746051
2157,40321792,151714391,-1,-1
2158,-1,-1,1733414944266440704,76750501
2159,40574208,91865205,-1,-1
2160,-1,-1,1733414944312133632,95692725
2161,34531072,80929113,-1,-1
2162,-1,-1,1733414944330235648,68101623
2163,32000000,65828909,-1,-1
2164,-1,-1,1733414944329261056,49025559
2165,33108736,51001763,-1,-1
2166,-1,-1,1733414944319933696,40672287
2167,35844864,40714919,-1,-1
2168,-1,-1,1733414944362703360,92769591
2169,32271104,91987015,-1,-1
2170,-1,-1,1733414944340864512,28160899
2171,37867520,42820890,-1,-1
2172,-1,-1,1733414944400715264,109850917
2173,32927232,94935081,-1,-1
2174,-1,-1,1733414944390449920,39734172
2175,37834752,43755095,-1,-1
2176,-1,-1,1733414944411323648,120873523
2177,40852736,117912293,-1,-1
2178,-1,-1,1733414944427998208,116674494
2179,42793216,118663605,-1,-1
2180,-1,-1,1733414944471373824,143375311
2181,31915520,140866368,-1,-1
2182,-1,-1,1733414944441925888,20552086
2183,16137216,21091875,-1,-1
2184,-1,-1,1733414944489232384,97306380
2185,31106816,96842199,-1,-1
2186,-1,-1,1733414944463071232,23838564
2187,21452544,26849673,-1,-1
2188,-1,-1,1733414944511302144,148230762
2189,33056256,145875539,-1,-1
2190,-1,-1,1733414944497475840,36173506
2191,29921024,35719789,-1,-1
2192,-1,-1,1733414944514139136,116663048
2193,40886016,119844394,-1,-1
2194,-1,-1,1733414944578962176,114823060
2195,46700288,123762496,-1,-1
2196,-1,-1,1733414944562583808,133621257
2197,39651328,124661591,-1,-1
2198,-1,-1,1733414944608540160,145956260
2199,30962688,141882032,-1,-1
2200,-1,-1,1733414944576321536,17781166
2201,16784896,21945499,-1,-1
2202,-1,-1,1733414944622240768,95919041
2203,32066560,94037281,-1,-1
2204,-1,-1,1733414944595497728,23256651
2205,21009408,24824992,-1,-1
2206,-1,-1,1733414944643918336,98420549
2207,30781440,95642411,-1,-1
2208,-1,-1,1733414944619823360,25904889
2209,15694336,24974748,-1,-1
2210,-1,-1,1733414944657949952,188126310
2211,42732288,188610541,-1,-1
2212,-1,-1,1733414944700403456,142453442
2213,37619456,143203236,-1,-1
2214,-1,-1,1733414944689355264,88951696
2215,37312768,91993553,-1,-1
2216,-1,-1,1733414944735812864,96457523
2217,35038464,92463688,-1,-1
2218,-1,-1,1733414944715886080,30073002
2219,27892224,32861483,-1,-1
2220,-1,-1,1733414944732786688,116900399
2221,39109888,117642416,-1,-1
2222,-1,-1,1733414944753399040,120612082
2223,35841536,117804888,-1,-1
2224,-1,-1,1733414944797532160,144132814
2225,33183488,144076897,-1,-1
2226,-1,-1,1733414944768123392,20591106
2227,18987520,23799896,-1,-1
2228,-1,-1,1733414944825042944,106919237
2229,34984448,102750915,-1,-1
2230,-1,-1,1733414944838184448,113141599
2231,34008320,114905607,-1,-1
2232,-1,-1,1733414944816764928,28580351
2233,18891008,28849185,-1,-1
2234,-1,-1,1733414944872448000,155683006
2235,33656064,157411943,-1,-1
2236,-1,-1,1733414944856436224,33987424
2237,28954112,33181983,-1,-1
2238,-1,-1,1733414944913457920,157021593
2239,31843072,153627711,-1,-1
2240,-1,-1,1733414944883222272,19764388
2241,18868224,24030552,-1,-1
2242,-1,-1,1733414944933926656,100704041
2243,32920832,97794799,-1,-1
2244,-1,-1,1733414944907801088,23874479
2245,16994560,23922849,-1,-1
2246,-1,-1,1733414944940528896,182727423
2247,33929984,182732676,-1,-1
2248,-1,-1,1733414944987430912,146902075
2249,32470528,146766668,-1,-1
2250,-1,-1,1733414944963059712,25628621
2251,13868800,25858054,-1,-1
2252,-1,-1,1733414945031843840,168783963
2253,44865536,180815960,-1,-1
2254,-1,-1,1733414945015622400,133778224
2255,39825664,121670408,-1,-1
2256,-1,-1,1733414945076544512,110922250
2257,34600960,113671783,-1,-1
2258,-1,-1,1733414945107155200,180610202
2259,33583360,179081552,-1,-1
2260,-1,-1,1733414945082062848,24907685
2261,15192576,22660960,-1,-1
2262,-1,-1,1733414945112715776,180652972
2263,37325568,181707708,-1,-1
2264,-1,-1,1733414945170638592,107922427
2265,44891392,119962770,-1,-1
2266,-1,-1,1733414945163401472,142763074
2267,43802880,132652595,-1,-1
2268,-1,-1,1733414945168296448,54894379
2269,15470080,52968417,-1,-1
2270,-1,-1,1733414945218891776,200595558
2271,41814528,200528365,-1,-1
2272,-1,-1,1733414945220179968,51287791
2273,20886272,53944252,-1,-1
2274,-1,-1,1733414945289417472,169237239
2275,33798656,166481287,-1,-1
2276,-1,-1,1733414945267554816,28137510
2277,35730944,40183122,-1,-1
2278,-1,-1,1733414945301263616,133708524
2279,43885824,121852493,-1,-1
2280,-1,-1,1733414945322012928,120749247
2281,42839296,123679361,-1,-1
2282,-1,-1,1733414945385784576,113771171
2283,31015424,111036400,-1,-1
2284,-1,-1,1733414945393564928,107780591
2285,32949504,106717932,-1,-1
2286,-1,-1,1733414945372644352,29079226
2287,35769856,41955287,-1,-1
2288,-1,-1,1733414945403474432,130829837
2289,40289792,118793541,-1,-1
2290,-1,-1,1733414945432231168,128756497
2291,47819776,130721630,-1,-1
2292,-1,-1,1733414945491122432,108890968
2293,33351936,109109204,-1,-1
2294,-1,-1,1733414945479856640,138734237
2295,47949312,141672289,-1,-1
2296,-1,-1,1733414945528690176,148833303
2297,34015744,144650398,-1,-1
2298,-1,-1,1733414945505475584,26785567
2299,16646656,25816541,-1,-1
2300,-1,-1,1733414945525523712,120047798
2301,35921664,122979965,-1,-1
2302,-1,-1,1733414945577292288,101768437
2303,33132544,98950763,-1,-1
2304,-1,-1,1733414945547913984,20621432
2305,15837184,20721125,-1,-1
2306,-1,-1,1733414945593890816,95976846
2307,30869760,94757334,-1,-1
2308,-1,-1,1733414945578988800,35097697
2309,35958016,42021283,-1,-1
2310,-1,-1,1733414945628701440,99712535
2311,32860928,93713892,-1,-1
2312,-1,-1,1733414945599116288,20414593
2313,17858560,23005107,-1,-1
2314,-1,-1,1733414945651630336,102513893
2315,32201984,100215746,-1,-1
2316,-1,-1,1733414945655203072,53573756
2317,34151680,52866067,-1,-1
2318,-1,-1,1733414945703330048,48125417
2319,41660672,48600210,-1,-1
2320,-1,-1,1733414945716204032,112873886
2321,44810496,124918150,-1,-1
2322,-1,-1,1733414945730619392,164415393
2323,31896320,152794291,-1,-1
2324,-1,-1,1733414945704080640,23460811
2325,17951232,22931648,-1,-1
2326,-1,-1,1733414945753849344,149768529
2327,33547776,150365345,-1,-1
2328,-1,-1,1733414945797610752,43761294
2329,37355008,43299105,-1,-1
2330,-1,-1,1733414945801488384,153877819
2331,31520256,154408675,-1,-1
2332,-1,-1,1733414945775788288,24299662
2333,19621120,23971399,-1,-1
2334,-1,-1,1733414945825923840,100135400
2335,31173888,99433972,-1,-1
2336,-1,-1,1733414945798829824,22905756
2337,21091584,25794678,-1,-1
2338,-1,-1,1733414945857101312,108271262
2339,31543552,102812459,-1,-1
2340,-1,-1,1733414945828915456,21814062
2341,22939904,27909950,-1,-1
2342,-1,-1,1733414945897778176,118862547
2343,31562496,115354897,-1,-1
2344,-1,-1,1733414945867683584,19905063
2345,17274880,23398894,-1,-1
2346,-1,-1,1733414945916301824,148618216
2347,32803072,145606165,-1,-1
2348,-1,-1,1733414945911307520,45005666
2349,42793216,47865704,-1,-1
2350,-1,-1,1733414945957024512,145716834
2351,30909184,141849259,-1,-1
2352,-1,-1,1733414945931160832,24135934
2353,22944256,27928662,-1,-1
2354,-1,-1,1733414945983810304,102649534
2355,31666176,100583457,-1,-1
2356,-1,-1,1733414946012477184,28666721
2357,19638528,26971881,-1,-1
2358,-1,-1,1733414945977472000,114994388
2359,33909248,121912522,-1,-1
2360,-1,-1,1733414946002382848,74910967
2361,35859968,68933191,-1,-1
2362,-1,-1,1733414946024030976,121648093
2363,42994432,121772147,-1,-1
2364,-1,-1,1733414946083961344,159930066
2365,31173888,159897861,-1,-1
2366,-1,-1,1733414946055716096,21754312
2367,20084992,24795078,-1,-1
2368,-1,-1,1733414946105435904,99719847
2369,35463424,97752730,-1,-1
2370,-1,-1,1733414946080948480,25512387
2371,22071040,26986570,-1,-1
2372,-1,-1,1733414946129901824,98953150
2373,35713024,96018340,-1,-1
2374,-1,-1,1733414946105327360,25425464
2375,19587328,25748704,-1,-1
2376,-1,-1,1733414946157763584,102436034
2377,33089024,101855004,-1,-1
2378,-1,-1,1733414946130976512,23212652
2379,18315264,23703843,-1,-1
2380,-1,-1,1733414946176198656,95222474
2381,30955008,94918674,-1,-1
2382,-1,-1,1733414946148746752,22547705
2383,19994368,25924814,-1,-1
2384,-1,-1,1733414946198498816,99751808
2385,30928128,96790802,-1,-1
2386,-1,-1,1733414946174430720,25931810
2387,24022016,29102405,-1,-1
2388,-1,-1,1733414946232316672,107885845
2389,34374912,105595642,-1,-1
2390,-1,-1,1733414946209180672,26863724
2391,16288000,25910084,-1,-1
2392,-1,-1,1733414946223846912,114665997
2393,30096128,118087304,-1,-1
2394,-1,-1,1733414946282468608,108621788
2395,30887424,104650623,-1,-1
2396,-1,-1,1733414946259790336,27321322
2397,25614848,30808977,-1,-1
2398,-1,-1,1733414946311057664,101267359
2399,30965760,98021718,-1,-1
2400,-1,-1,1733414946289565440,28507667
2401,23931136,28829698,-1,-1
2402,-1,-1,1733414946333767168,94201561
2403,32156672,94087088,-1,-1
2404,-1,-1,1733414946306660608,22893129
2405,19920128,25767484,-1,-1
2406,-1,-1,1733414946355303168,98642373
2407,31211264,96054623,-1,-1
2408,-1,-1,1733414946326928896,21625566
2409,19392256,25171342,-1,-1
2410,-1,-1,1733414946376100864,99171926
2411,31115520,95598088,-1,-1
2412,-1,-1,1733414946348009216,21907881
2413,20155648,24917711,-1,-1
2414,-1,-1,1733414946399029248,101020160
2415,31020032,97727204,-1,-1
2416,-1,-1,1733414946372849152,23819493
2417,21239808,27220054,-1,-1
2418,-1,-1,1733414946426923008,104073919
2419,31837440,101478421,-1,-1
2420,-1,-1,1733414946404012032,27088748
2421,21048576,26097363,-1,-1
2422,-1,-1,1733414946454646016,100634037
2423,30920448,100729421,-1,-1
2424,-1,-1,1733414946428232704,23586115
2425,22018560,26971564,-1,-1
2426,-1,-1,1733414946485296384,107063824
2427,31088896,103946724,-1,-1
2428,-1,-1,1733414946466638080,31341359
2429,28167168,34084450,-1,-1
2430,-1,-1,1733414946519833856,103195951
2431,32573696,100641588,-1,-1
2432,-1,-1,1733414946494792960,24958806
2433,21928448,27858650,-1,-1
2434,-1,-1,1733414946543725312,98932334
2435,32915968,97732757,-1,-1
2436,-1,-1,1733414946518438144,24712499
2437,20638720,26110723,-1,-1
2438,-1,-1,1733414946575042304,106604159
2439,31501312,101727277,-1,-1
2440,-1,-1,1733414946547876096,22833368
2441,19043328,23926422,-1,-1
2442,-1,-1,1733414946598230016,100354136
2443,31484416,101308825,-1,-1
2444,-1,-1,1733414946576958720,28728178
2445,22932224,28473681,-1,-1
2446,-1,-1,1733414946631587072,104628402
2447,31554304,104341543,-1,-1
2448,-1,-1,1733414946606768640,25181316
2449,23883776,28372075,-1,-1
2450,-1,-1,1733414946660678912,103910154
2451,32619776,102444658,-1,-1
2452,-1,-1,1733414946636438272,25759188
2453,23367424,27790856,-1,-1
2454,-1,-1,1733414946709209600,172771185
2455,35099904,169328024,-1,-1
2456,-1,-1,1733414946763946240,104736499
2457,35783168,107553302,-1,-1
2458,-1,-1,1733414946746739200,132793042
2459,32897280,132986067,-1,-1
2460,-1,-1,1733414946807150848,110411256
2461,34796800,107141001,-1,-1
2462,-1,-1,1733414946777620480,20469425
2463,20111360,24677741,-1,-1
2464,-1,-1,1733414946830169344,102548985
2465,31031040,97812298,-1,-1
2466,-1,-1,1733414946804323072,24153522
2467,22547968,28511079,-1,-1
2468,-1,-1,1733414946866578176,112255002
2469,32715776,106900497,-1,-1
2470,-1,-1,1733414946837062912,20484352
2471,19977216,25262937,-1,-1
2472,-1,-1,1733414946890002688,102939836
2473,31546624,99946845,-1,-1
2474,-1,-1,1733414946863929856,23926801
2475,21752576,26828063,-1,-1
2476,-1,-1,1733414946917963520,104033654
2477,34945536,101321759,-1,-1
2478,-1,-1,1733414946894776064,26812131
2479,25022464,29452686,-1,-1
2480,-1,-1,1733414946945591808,100815671
2481,31054848,97926764,-1,-1
2482,-1,-1,1733414946928607488,33015416
2483,29538304,35766319,-1,-1
2484,-1,-1,1733414946994925056,116317445
2485,31395328,113292507,-1,-1
2486,-1,-1,1733414946970368256,25442884
2487,24265472,28751124,-1,-1
2488,-1,-1,1733414947028054784,107686509
2489,33008128,105636982,-1,-1
2490,-1,-1,1733414947005805568,27750702
2491,25424640,30271441,-1,-1
2492,-1,-1,1733414947061776128,105970503
2493,31062528,102502010,-1,-1
2494,-1,-1,1733414947075605504,63829084
2495,31042816,63875901,-1,-1
2496,-1,-1,1733414947069224192,43618789
2497,38811904,43655575,-1,-1
2498,-1,-1,1733414947108316672,89091983
2499,31914240,87947868,-1,-1
2500,-1,-1,1733414947105399040,47082366
2501,44918272,49922402,-1,-1
2502,-1,-1,1733414947167534592,112135210
2503,32647168,111712917,-1,-1
2504,-1,-1,1733414947218163200,250628302
2505,32833280,248659317,-1,-1
2506,-1,-1,1733414947261373696,143210576
2507,32865024,143777283,-1,-1
2508,-1,-1,1733414947259436800,48063328
2509,42852352,47864413,-1,-1
2510,-1,-1,1733414947295153920,85716398
2511,34268672,87285718,-1,-1
2512,-1,-1,1733414947294669824,49516063
2513,41850112,47588742,-1,-1
2514,-1,-1,1733414947331941120,87271114
2515,32777216,87991017,-1,-1
2516,-1,-1,1733414947332847104,50905767
2517,44534016,49600984,-1,-1
2518,-1,-1,1733414947370655744,87808218
2519,32974848,89252451,-1,-1
2520,-1,-1,1733414947369208064,48552223
2521,42783744,47529568,-1,-1
2522,-1,-1,1733414947432013056,112804577
2523,32843520,114967872,-1,-1
2524,-1,-1,1733414947466706688,134693491
2525,33484288,135260552,-1,-1
2526,-1,-1,1733414947510703616,143996739
2527,32880384,141155904,-1,-1
2528,-1,-1,1733414947529441280,118737484
2529,33388544,118959624,-1,-1
2530,-1,-1,1733414947524777984,45336743
2531,40716800,46562194,-1,-1
2532,-1,-1,1733414947585812480,111034266
2533,32784128,111874897,-1,-1
2534,-1,-1,1733414947617765120,131952580
2535,33702400,132794079,-1,-1
2536,-1,-1,1733414947654074880,136309698
2537,32976128,135068687,-1,-1
2538,-1,-1,1733414947694047744,139972697
2539,32693248,140418464,-1,-1
2540,-1,-1,1733414947721790208,127742307
2541,31158016,126200959,-1,-1
2542,-1,-1,1733414947756900096,135109867
2543,32180224,134779359,-1,-1
2544,-1,-1,1733414947770019584,113119369
2545,32762112,113350994,-1,-1
2546,-1,-1,1733414947806181120,36161149
2547,33078528,38172303,-1,-1
2548,-1,-1,1733414947833965824,127784477
2549,45932800,140738165,-1,-1
2550,-1,-1,1733414947865716480,131750588
2551,32866048,117797119,-1,-1
2552,-1,-1,1733414947855521280,139804509
2553,47779072,138685501,-1,-1
2554,-1,-1,1733414947914294784,108773495
2555,31551744,109485991,-1,-1
2556,-1,-1,1733414947923015680,108720667
2557,31447552,108663214,-1,-1
2558,-1,-1,1733414947946899200,73883257
2559,32191488,74614632,-1,-1
2560,-1,-1,1733414947983721728,86822410
2561,47887872,100580560,-1,-1
2562,-1,-1,1733414948008589568,124867806
2563,32813824,110785235,-1,-1
2564,-1,-1,1733414948007360000,148770030
2565,41753600,147684310,-1,-1
2566,-1,-1,1733414948047033088,89673448
2567,33979136,89971257,-1,-1
2568,-1,-1,1733414948027015168,29981515
2569,25132544,30086352,-1,-1
2570,-1,-1,1733414948102651392,175636075
2571,32217088,176772074,-1,-1
2572,-1,-1,1733414948080730368,28078977
2573,20642048,26817965,-1,-1
2574,-1,-1,1733414948154499840,123769070
2575,36188928,125398330,-1,-1
2576,-1,-1,1733414948156912384,102412589
2577,29227008,100423167,-1,-1
2578,-1,-1,1733414948203193344,46280646
2579,14827776,46475318,-1,-1
2580,-1,-1,1733414948173107968,69914599
2581,19460864,70036248,-1,-1
2582,-1,-1,1733414948180130048,57021971
2583,14995968,56870626,-1,-1
2584,-1,-1,1733414948218077696,37947627
2585,32820736,37827719,-1,-1
2586,-1,-1,1733414948259045888,190967673
2587,39283968,192707641,-1,-1
2588,-1,-1,1733414948295558656,86512767
2589,40750080,92969412,-1,-1
2590,-1,-1,1733414948350199552,204640441
2591,32986880,196635532,-1,-1
2592,-1,-1,1733414948370843392,170644006
2593,33457664,171198951,-1,-1
2594,-1,-1,1733414948407623424,136779602
2595,30857216,136285123,-1,-1
2596,-1,-1,1733414948434370304,126746838
2597,30867200,126753239,-1,-1
2598,-1,-1,1733414948464449792,130079343
2599,30886144,129909362,-1,-1
2600,-1,-1,1733414948517263616,152813447
2601,30854400,152570237,-1,-1
2602,-1,-1,1733414948572631296,155367572
2603,30834176,155712295,-1,-1
2604,-1,-1,1733414948599769600,127138207
2605,32832768,125772439,-1,-1
2606,-1,-1,1733414948569337600,19567631
2607,27562240,33080398,-1,-1
2608,-1,-1,1733414948601088000,131750382
2609,41894656,131741292,-1,-1
2610,-1,-1,1733414948650084608,48996177
2611,37536256,42975426,-1,-1
2612,-1,-1,1733414948667952896,117868195
2613,38686208,112896116,-1,-1
2614,-1,-1,1733414948707578880,89625785
2615,45455360,100677749,-1,-1
2616,-1,-1,1733414948685410048,127830983
2617,43022848,127817332,-1,-1
2618,-1,-1,1733414948742242304,106832111
2619,33329408,94028326,-1,-1
2620,-1,-1,1733414948723062528,30820043
2621,38944256,43635049,-1,-1
2622,-1,-1,1733414948751984640,128921865
2623,38875136,128792234,-1,-1
2624,-1,-1,1733414948800976640,48992048
2625,33024000,38285481,-1,-1
2626,-1,-1,1733414948803778816,102802050
2627,23331840,101476399,-1,-1
2628,-1,-1,1733414948833596160,129817104
2629,20876288,129603428,-1,-1
2630,-1,-1,1733414948880227072,146630593
2631,37410304,146765835,-1,-1
2632,-1,-1,1733414948904820736,174593766
2633,36792832,178545603,-1,-1
2634,-1,-1,1733414948914783744,59962742
2635,26761216,58188908,-1,-1
2636,-1,-1,1733414948999422976,134639028
2637,33430272,134546603,-1,-1
2638,-1,-1,1733414949003953664,204530556
2639,28944384,205658476,-1,-1
2640,-1,-1,1733414949014094336,60140471
2641,35653888,68853504,-1,-1
2642,-1,-1,1733414949039232256,75137912
2643,15050496,62966596,-1,-1
2644,-1,-1,1733414949062676224,123443962
2645,31528192,126779155,-1,-1
2646,-1,-1,1733414949123108864,110432286
2647,32866560,107666794,-1,-1
2648,-1,-1,1733414949136050432,112941494
2649,19289600,112671029,-1,-1
2650,-1,-1,1733414949142534912,56484293
2651,19371008,55920666,-1,-1
2652,-1,-1,1733414949178092544,35557602
2653,31602688,36634570,-1,-1
2654,-1,-1,1733414949206932224,128839415
2655,31328256,128603299,-1,-1
2656,-1,-1,1733414949269428480,162496226
2657,33695488,164135940,-1,-1
2658,-1,-1,1733414949250137600,130708834
2659,45736448,140940293,-1,-1
2660,-1,-1,1733414949343085056,142947322
2661,44716544,133630013,-1,-1
2662,-1,-1,1733414949357646336,164560664
2663,31961088,162679720,-1,-1
2664,-1,-1,1733414949337470976,29824618
2665,24672256,32893863,-1,-1
2666,-1,-1,1733414949405460480,117989018
2667,31942656,113821244,-1,-1
2668,-1,-1,1733414949383420928,27960464
2669,21167360,28071072,-1,-1
2670,-1,-1,1733414949464031744,180610798
2671,31189248,179790972,-1,-1
2672,-1,-1,1733414949492584960,128552875
2673,31657984,131120537,-1,-1
2674,-1,-1,1733414949546308608,203723653
2675,31547904,201991056,-1,-1
2676,-1,-1,1733414949524737536,28428816
2677,20697344,27767943,-1,-1
2678,-1,-1,1733414949605857536,181119740
2679,32781568,183596702,-1,-1
2680,-1,-1,1733414949681491968,325634105
2681,43790336,328369169,-1,-1
2682,-1,-1,1733414949689918208,58426089
2683,32631808,52871503,-1,-1
2684,-1,-1,1733414949752838144,212919974
2685,31155456,213890028,-1,-1
2686,-1,-1,1733414949733445888,30607523
2687,29733632,34650150,-1,-1
2688,-1,-1,1733414949777434112,143988344
2689,15164928,139961317,-1,-1
2690,-1,-1,1733414949798377472,120942819
2691,29792768,123675577,-1,-1
2692,-1,-1,1733414949815776000,67398298
2693,44837888,76868807,-1,-1
2694,-1,-1,1733414949830876928,65100768
2695,21172992,53228733,-1,-1
2696,-1,-1,1733414949885810176,104933012
2697,31442176,104989170,-1,-1
2698,-1,-1,1733414949864567296,28757256
2699,20892672,28248942,-1,-1
2700,-1,-1,1733414949922208000,157640554
2701,38454272,162041015,-1,-1
2702,-1,-1,1733414949900016128,27807836
2703,30898688,35671302,-1,-1
2704,-1,-1,1733414949989598208,139582113
2705,35168000,130013494,-1,-1
2706,-1,-1,1733414950021610496,182011912
2707,46760960,179370723,-1,-1
2708,-1,-1,1733414950069370624,147760035
2709,34784768,147660580,-1,-1
2710,-1,-1,1733414950088081664,68710957
2711,35419392,68864368,-1,-1
2712,-1,-1,1733414950123666432,135584389
2713,36906240,138760806,-1,-1
2714,-1,-1,1733414950185492736,111826164
2715,34388992,108687823,-1,-1
2716,-1,-1,1733414950161538304,26045470
2717,15495168,26068121,-1,-1
2718,-1,-1,1733414950194253824,132715405
2719,39026432,134826392,-1,-1
2720,-1,-1,1733414950251091200,106837089
2721,31000064,104712442,-1,-1
2722,-1,-1,1733414950231412992,30321846
2723,28214784,33096269,-1,-1
2724,-1,-1,1733414950326288384,144875174
2725,34056960,144960220,-1,-1
2726,-1,-1,1733414950378667008,152378425
2727,34847744,150173061,-1,-1
2728,-1,-1,1733414950428115712,249448609
2729,33076736,249601388,-1,-1
2730,-1,-1,1733414950444140288,166024487
2731,30908928,167451270,-1,-1
2732,-1,-1,1733414950514136320,69995874
2733,48815872,80933530,-1,-1
2734,-1,-1,1733414950539130112,124993555
2735,31129344,112013500,-1,-1
2736,-1,-1,1733414950537000448,147870157
2737,41645312,147477159,-1,-1
2738,-1,-1,1733414950603398144,116397723
2739,35959808,115883522,-1,-1
2740,-1,-1,1733414950618892032,115493672
2741,33079552,115840573,-1,-1
2742,-1,-1,1733414950602127104,33234979
2743,40932352,45756817,-1,-1
2744,-1,-1,1733414950687287808,135160456
2745,31087104,122994393,-1,-1
2746,-1,-1,1733414950719787264,132499545
2747,32606464,134311600,-1,-1
2748,-1,-1,1733414950735482880,215695106
2749,32923136,217026275,-1,-1
2750,-1,-1,1733414950790134784,104652018
2751,31047424,100903785,-1,-1
2752,-1,-1,1733414950772030208,31895168
2753,27339264,32292180,-1,-1
2754,-1,-1,1733414950781188608,59158267
2755,35698432,71477620,-1,-1
2756,-1,-1,1733414950831347200,100158521
2757,33393152,88165061,-1,-1
2758,-1,-1,1733414950869182208,37834854
2759,30915584,35632352,-1,-1
2760,-1,-1,1733414950880708608,211526227
2761,15431168,213554507,-1,-1
2762,-1,-1,1733414950930402304,149693131
2763,30861568,149747176,-1,-1
2764,-1,-1,1733414950915236352,34834112
2765,42093568,47142041,-1,-1
2766,-1,-1,1733414950989053952,123817413
2767,32829952,113479227,-1,-1
2768,-1,-1,1733414951025282048,136227966
2769,33822464,136855975,-1,-1
2770,-1,-1,1733414951059589632,134307381
2771,44890624,143863025,-1,-1
2772,-1,-1,1733414951055549952,95960127
2773,31056640,84039924,-1,-1
2774,-1,-1,1733414951079459328,73909304
2775,33430784,71712429,-1,-1
2776,-1,-1,1733414951106343168,76883640
2777,31278080,79222116,-1,-1
2778,-1,-1,1733414951145349120,139005497
2779,31587072,139045359,-1,-1
2780,-1,-1,1733414951176305152,130955747
2781,31156480,130331286,-1,-1
2782,-1,-1,1733414951186347008,210041825
2783,30867968,213464378,-1,-1
2784,-1,-1,1733414951247233280,160886103
2785,31054336,157813030,-1,-1
2786,-1,-1,1733414951270077696,72844414
2787,30894336,72689814,-1,-1
2788,-1,-1,1733414951251984128,31906276
2789,31837696,36860148,-1,-1
2790,-1,-1,1733414951305511424,103527138
2791,31457280,98463536,-1,-1
2792,-1,-1,1733414951279727872,24216294
2793,21926144,27438176,-1,-1
2794,-1,-1,1733414951335486464,105758531
2795,31800832,102924151,-1,-1
2796,-1,-1,1733414951322576384,37089713
2797,31974912,36910196,-1,-1
2798,-1,-1,1733414951375606784,153029861
2799,32869888,150560110,-1,-1
2800,-1,-1,1733414951414282496,38675660
2801,38897920,43985653,-1,-1
2802,-1,-1,1733414951433284608,119001756
2803,48836352,129699994,-1,-1
2804,-1,-1,1733414951459565312,176280560
2805,34048512,163860323,-1,-1
2806,-1,-1,1733414951437573120,28007579
2807,24465408,29922196,-1,-1
2808,-1,-1,1733414951477163520,139590461
2809,35896576,139698512,-1,-1
2810,-1,-1,1733414951504163328,76999672
2811,40368384,73807595,-1,-1
2812,-1,-1,1733414951536015872,131852353
2813,41887488,131732775,-1,-1
2814,-1,-1,1733414951606581760,120565658
2815,32932352,120805800,-1,-1
2816,-1,-1,1733414951623312384,216730309
2817,29352192,216535148,-1,-1
2818,-1,-1,1733414951690339840,67027426
2819,39885312,72953422,-1,-1
2820,-1,-1,1733414951695747072,205407061
2821,36820992,202511568,-1,-1
2822,-1,-1,1733414951763605504,67858128
2823,44710400,76919683,-1,-1
2824,-1,-1,1733414951790436096,126830525
2825,44419584,129794670,-1,-1
2826,-1,-1,1733414951836073472,195637383
2827,37424128,179752015,-1,-1
2828,-1,-1,1733414951856123904,70049858
2829,37353216,74457486,-1,-1
2830,-1,-1,1733414951931627776,275503834
2831,33583616,271622871,-1,-1
2832,-1,-1,1733414951955634432,124006387
2833,32980224,124218727,-1,-1
2834,-1,-1,1733414952011222016,155587453
2835,46917888,170689491,-1,-1
2836,-1,-1,1733414952045271552,134049355
2837,32808448,120764365,-1,-1
2838,-1,-1,1733414952074742528,129470719
2839,30949888,127872550,-1,-1
2840,-1,-1,1733414952161694208,336951719
2841,31536896,336962689,-1,-1
2842,-1,-1,1733414952168532480,56838022
2843,32889344,56355481,-1,-1
2844,-1,-1,1733414952201953024,133420366
2845,33248512,134111172,-1,-1
2846,-1,-1,1733414952188392704,36439621
2847,34066432,38808293,-1,-1
2848,-1,-1,1733414952227428608,89035660
2849,33641984,86454313,-1,-1
2850,-1,-1,1733414952223677184,46248793
2851,41827840,46059719,-1,-1
2852,-1,-1,1733414952283984128,110306348
2853,33505536,112549677,-1,-1
2854,-1,-1,1733414952319188480,135204357
2855,45971456,145236049,-1,-1
2856,-1,-1,1733414952348939264,129750615
2857,44982016,129751043,-1,-1
2858,-1,-1,1733414952374744576,125805026
2859,31886336,111758748,-1,-1
2860,-1,-1,1733414952390528256,115783508
2861,32983808,117853473,-1,-1
2862,-1,-1,1733414952388703488,48175349
2863,44148224,48040524,-1,-1
2864,-1,-1,1733414952429395968,90691976
2865,32886528,90603035,-1,-1
2866,-1,-1,1733414952426409984,47014032
2867,41897472,47016082,-1,-1
2868,-1,-1,1733414952464517376,88107125
2869,32886272,87729578,-1,-1
2870,-1,-1,1733414952501661184,37143583
2871,32778496,37895302,-1,-1
2872,-1,-1,1733414952534061056,132400067
2873,32807168,133904402,-1,-1
2874,-1,-1,1733414952569959936,135898508
2875,32677888,135779942,-1,-1
2876,-1,-1,1733414952597538304,127578239
2877,31929344,126832444,-1,-1
2878,-1,-1,1733414952630135040,132596306
2879,32807680,132623593,-1,-1
2880,-1,-1,1733414952698805760,218670861
2881,32015360,218837757,-1,-1
2882,-1,-1,1733414952691506176,142700227
2883,32880640,144658444,-1,-1
2884,-1,-1,1733414952748646656,107140351
2885,31750912,104702697,-1,-1
2886,-1,-1,1733414952723394304,24747294
2887,21961472,27206781,-1,-1
2888,-1,-1,1733414952779644160,106249900
2889,32654592,103081438,-1,-1
2890,-1,-1,1733414952765243904,35599281
2891,29015296,34721028,-1,-1
2892,-1,-1,1733414952826097920,110854187
2893,31844352,112711809,-1,-1
2894,-1,-1,1733414952836972544,60874280
2895,31878656,58913335,-1,-1
2896,-1,-1,1733414952872945408,35972908
2897,32022784,37616571,-1,-1
2898,-1,-1,1733414952910320384,237374728
2899,16658176,236143913,-1,-1
2900,-1,-1,1733414953001231104,240910680
2901,35022592,245493396,-1,-1
2902,-1,-1,1733414953035060736,83829155
2903,33784832,82633929,-1,-1
2904,-1,-1,1733414953066404352,131343659
2905,32862208,129814536,-1,-1
2906,-1,-1,1733414953083579136,217174414
2907,29575168,218551634,-1,-1
2908,-1,-1,1733414953142228480,108649492
2909,35740672,106187736,-1,-1
2910,-1,-1,1733414953150977024,58748289
2911,32868096,58549319,-1,-1
2912,-1,-1,1733414953199483136,48505750
2913,47765248,54023989,-1,-1
2914,-1,-1,1733414953205803520,106320334
2915,29648384,99604645,-1,-1
2916,-1,-1,1733414953246322944,140519173
2917,33674752,142680846,-1,-1
2918,-1,-1,1733414953247437312,51114361
2919,46047232,50214335,-1,-1
2920,-1,-1,1733414953288124416,90687061
2921,32850688,90672217,-1,-1
2922,-1,-1,1733414953326541568,38416998
2923,44711936,49727575,-1,-1
2924,-1,-1,1733414953361152256,134610620
2925,33073664,124114516,-1,-1
2926,-1,-1,1733414953397467648,236315143
2927,17412352,235786643,-1,-1
2928,-1,-1,1733414953491879680,244411871
2929,30694656,244205951,-1,-1
2930,-1,-1,1733414953558747904,166867940
2931,32867072,166535410,-1,-1
2932,-1,-1,1733414953538496000,29747857
2933,24606720,33126028,-1,-1
2934,-1,-1,1733414953606510080,118014224
2935,30578944,114703498,-1,-1
2936,-1,-1,1733414953619460608,62950095
2937,32974848,62901431,-1,-1
2938,-1,-1,1733414953608953088,39492473
2939,44110848,49025761,-1,-1
2940,-1,-1,1733414953683883776,74930522
2941,37551872,69585773,-1,-1
2942,-1,-1,1733414953715350272,181466280
2943,30051328,176836017,-1,-1
2944,-1,-1,1733414953763839488,198489069
2945,31622144,200389770,-1,-1
2946,-1,-1,1733414953778974976,65135492
2947,34727168,66795688,-1,-1
2948,-1,-1,1733414953834840832,105865379
2949,32936448,102843899,-1,-1
2950,-1,-1,1733414953874242560,39401646
2951,33354496,39119105,-1,-1
2952,-1,-1,1733414953937377536,263134763
2953,34871040,267364223,-1,-1
2954,-1,-1,1733414953954196480,66819041
2955,31330304,63298140,-1,-1
2956,-1,-1,1733414954021309440,217112486
2957,33658624,216406607,-1,-1
2958,-1,-1,1733414954069649152,148339659
2959,31350016,148958153,-1,-1
2960,-1,-1,1733414954054313984,34664760
2961,32766976,37558752,-1,-1
2962,-1,-1,1733414954112492288,108178086
2963,33582336,104897140,-1,-1
2964,-1,-1,1733414954128053760,65561387
2965,32888320,65693387,-1,-1
2966,-1,-1,1733414954166925056,38871316
2967,34742528,40421218,-1,-1
2968,-1,-1,1733414954215037696,198112223
2969,33249280,198913305,-1,-1
2970,-1,-1,1733414954205553152,40515511
2971,15351552,38629187,-1,-1
2972,-1,-1,1733414954275324672,219771009
2973,25852416,219273659,-1,-1
2974,-1,-1,1733414954282242048,56917321
2975,27907328,59896295,-1,-1
2976,-1,-1,1733414954349062400,116819940
2977,31256320,114357106,-1,-1
2978,-1,-1,1733414954360903680,61841561
2979,32908800,61389462,-1,-1
2980,-1,-1,1733414954397306112,36402093
2981,30914304,36014421,-1,-1
2982,-1,-1,1733414954416685312,119379020
2983,31894528,119701165,-1,-1
2984,-1,-1,1733414954455596544,38911047
2985,45342208,51410764,-1,-1
2986,-1,-1,1733414954492433920,136837357
2987,30929920,123429771,-1,-1
2988,-1,-1,1733414954506138880,113704769
2989,31750144,113660993,-1,-1
2990,-1,-1,1733414954543150336,37011246
2991,45295616,50454854,-1,-1
2992,-1,-1,1733414954545924608,102774060
2993,32937472,90363096,-1,-1
2994,-1,-1,1733414954630441984,234517272
2995,34017280,234684590,-1,-1
2996,-1,-1,1733414954672606976,92164877
2997,31913472,91897644,-1,-1
2998,-1,-1,1733414954694948608,122341391
2999,31756032,122438317,-1,-1
3000,-1,-1,1733414954781082112,236133321
3001,32692480,234717102,-1,-1
3002,-1,-1,1733414954782485248,151402902
3003,35586304,156011813,-1,-1
3004,-1,-1,1733414954848294912,115809529
3005,30985984,112648548,-1,-1
3006,-1,-1,1733414954855008000,56713231
3007,31471872,55636547,-1,-1
3008,-1,-1,1733414954890147584,35139761
3009,33014784,38129223,-1,-1
3010,-1,-1,1733414954938860800,198712414
3011,32557568,198305685,-1,-1
3012,-1,-1,1733414954947552768,58691922
3013,32097792,56405699,-1,-1
3014,-1,-1,1733414954998228992,250676084
3015,36055296,254623322,-1,-1
3016,-1,-1,1733414955068015360,69786287
3017,47569408,79396858,-1,-1
3018,-1,-1,1733414955099343360,131327779
3019,33860096,119990085,-1,-1
3020,-1,-1,1733414955202264064,352920295
3021,33821184,352338717,-1,-1
3022,-1,-1,1733414955190332416,38068293
3023,15968000,37573209,-1,-1
3024,-1,-1,1733414955262752000,172419670
3025,33222656,172451339,-1,-1
3026,-1,-1,1733414955261821952,49069475
3027,42892288,47531850,-1,-1
3028,-1,-1,1733414955338555392,126733449
3029,45067520,139997697,-1,-1
3030,-1,-1,1733414955352058624,113503204
3031,30705408,100563046,-1,-1
3032,-1,-1,1733414955399489536,97430414
3033,34255872,99294421,-1,-1
3034,-1,-1,1733414955398642176,149152647
3035,24792576,147299182,-1,-1
3036,-1,-1,1733414955451326720,152684526
3037,15873536,152818561,-1,-1
3038,-1,-1,1733414955498587136,97260177
3039,33413120,100424656,-1,-1
3040,-1,-1,1733414955475478016,26890864
3041,24506624,27264900,-1,-1
3042,-1,-1,1733414955535024128,109546028
3043,30928896,105994158,-1,-1
3044,-1,-1,1733414955518283520,33259017
3045,27303936,33709861,-1,-1
3046,-1,-1,1733414955568303360,150019702
3047,15360000,150378301,-1,-1
3048,-1,-1,1733414955618349056,100045428
3049,32632576,99304633,-1,-1
3050,-1,-1,1733414955600750336,32401408
3051,30886912,35968872,-1,-1
3052,-1,-1,1733414955659784704,109033986
3053,32198656,107165102,-1,-1
3054,-1,-1,1733414955639582464,29797654
3055,24795904,28588319,-1,-1
3056,-1,-1,1733414955710522368,120939829
3057,32905472,122114655,-1,-1
3058,-1,-1,1733414955687331584,26809338
3059,23138816,28865788,-1,-1
3060,-1,-1,1733414955753079040,165747194
3061,32767744,162346023,-1,-1
3062,-1,-1,1733414955789474304,36394945
3063,32802304,38041409,-1,-1
3064,-1,-1,1733414955826628352,187153714
3065,32073472,185889892,-1,-1
3066,-1,-1,1733414955801542144,24913814
3067,22933504,27759307,-1,-1
3068,-1,-1,1733414955866529792,114987509
3069,31094016,112063776,-1,-1
3070,-1,-1,1733414955883163648,66633882
3071,31736064,65475341,-1,-1
3072,-1,-1,1733414955918343168,35179286
3073,32803328,37916570,-1,-1
3074,-1,-1,1733414955951051776,232708127
3075,20857600,233718574,-1,-1
3076,-1,-1,1733414956044527360,143475330
3077,33678592,140681657,-1,-1
3078,-1,-1,1733414956094831616,200304334
3079,32934144,201728087,-1,-1
3080,-1,-1,1733414956130820864,135989233
3081,31070464,135007361,-1,-1
3082,-1,-1,1733414956173271552,142450232
3083,33361152,143419183,-1,-1
3084,-1,-1,1733414956207340288,184068440
3085,33481728,183381212,-1,-1
3086,-1,-1,1733414956186364672,29024576
3087,21241088,27361087,-1,-1
3088,-1,-1,1733414956251127040,114761787
3089,31501056,116445020,-1,-1
3090,-1,-1,1733414956267336704,66209770
3091,31679744,66181293,-1,-1
3092,-1,-1,1733414956306140672,38803851
3093,45119232,50272457,-1,-1
3094,-1,-1,1733414956318937344,112796427
3095,32860416,100607247,-1,-1
3096,-1,-1,1733414956375625216,206687707
3097,37871872,207123238,-1,-1
3098,-1,-1,1733414956394715904,69090574
3099,30586112,68433045,-1,-1
3100,-1,-1,1733414956469098240,174382291
3101,46552832,187446133,-1,-1
3102,-1,-1,1733414956479839232,110740927
3103,30732800,98095096,-1,-1
3104,-1,-1,1733414956530765056,150925437
3105,30740224,150729207,-1,-1
3106,-1,-1,1733414956521938432,41173221
3107,35896576,40957103,-1,-1
3108,-1,-1,1733414956563217152,91278665
3109,35937024,90909798,-1,-1
3110,-1,-1,1733414956599047424,35830042
3111,32237568,37171419,-1,-1
3112,-1,-1,1733414956642198016,193150418
3113,32642816,192382246,-1,-1
3114,-1,-1,1733414956677997568,135799235
3115,30988800,135870982,-1,-1
3116,-1,-1,1733414956660486144,32488405
3117,25588224,31855064,-1,-1
3118,-1,-1,1733414956698508544,138022617
3119,35696128,142794819,-1,-1
3120,-1,-1,1733414956723613952,75104813
3121,37735680,70828805,-1,-1
3122,-1,-1,1733414956785705472,112091510
3123,33256192,114281997,-1,-1
3124,-1,-1,1733414956820071936,134366301
3125,46819840,146430754,-1,-1
3126,-1,-1,1733414956853911040,133838983
3127,34267648,121198425,-1,-1
3128,-1,-1,1733414956893879296,139967948
3129,41890304,149363560,-1,-1
3130,-1,-1,1733414956941150720,147271408
3131,46929920,138803958,-1,-1
3132,-1,-1,1733414956928226560,137075357
3133,44759296,134565583,-1,-1
3134,-1,-1,1733414956991288832,113062146
3135,33809408,115798947,-1,-1
3136,-1,-1,1733414956991727616,150438585
3137,44761088,147722025,-1,-1
3138,-1,-1,1733414957055610112,113882523
3139,44923648,126027675,-1,-1
3140,-1,-1,1733414957052220928,146610617
3141,43770112,134473590,-1,-1
3142,-1,-1,1733414957094018560,91797550
3143,32621312,91891892,-1,-1
3144,-1,-1,1733414957131816448,37797837
3145,44923904,50014721,-1,-1
3146,-1,-1,1733414957162588416,130771773
3147,45918720,130717740,-1,-1
3148,-1,-1,1733414957165365504,202776879
3149,34883584,193720716,-1,-1
3150,-1,-1,1733414957194348800,78983265
3151,43781120,75766234,-1,-1
3152,-1,-1,1733414957256057600,111708603
3153,46952192,124922622,-1,-1
3154,-1,-1,1733414957287808512,131750660
3155,44887552,130686395,-1,-1
3156,-1,-1,1733414957309537280,121728568
3157,32833280,111828675,-1,-1
3158,-1,-1,1733414957336288256,126751210
3159,30939136,124835141,-1,-1
3160,-1,-1,1733414957356953344,220664566
3161,34339072,220433433,-1,-1
3162,-1,-1,1733414957408323328,101369948
3163,32545792,100915595,-1,-1
3164,-1,-1,1733414957380640512,22316880
3165,19944192,25910350,-1,-1
3166,-1,-1,1733414957429621504,98980903
3167,31161856,95962845,-1,-1
3168,-1,-1,1733414957411657472,32035799
3169,29887488,34771864,-1,-1
3170,-1,-1,1733414957462050304,100392660
3171,31108096,96915244,-1,-1
3172,-1,-1,1733414957437212928,25162227
3173,20955136,25846311,-1,-1
3174,-1,-1,1733414957484154880,96942022
3175,31112448,96908986,-1,-1
3176,-1,-1,1733414957468889088,34734053
3177,33036288,37933895,-1,-1
3178,-1,-1,1733414957523773696,104884561
3179,31676928,102371853,-1,-1
3180,-1,-1,1733414957502554880,28780741
3181,27302912,31528250,-1,-1
3182,-1,-1,1733414957560613376,108058640
3183,31181568,101736129,-1,-1
3184,-1,-1,1733414957530516736,19902942
3185,17836544,23028043,-1,-1
3186,-1,-1,1733414957600054528,119537862
3187,34372096,118394231,-1,-1
3188,-1,-1,1733414957574405632,24350806
3189,17788160,24858530,-1,-1
3190,-1,-1,1733414957612572928,188167205
3191,39766528,188560069,-1,-1
3192,-1,-1,1733414957633453056,120879931
3193,43867392,120854477,-1,-1
3194,-1,-1,1733414957670998272,87545107
3195,32748288,86635986,-1,-1
3196,-1,-1,1733414957708117248,37118760
3197,32338432,38429306,-1,-1
3198,-1,-1,1733414957746797312,138679974
3199,46061568,150422478,-1,-1
3200,-1,-1,1733414957779568896,132771308
3201,33332736,121695880,-1,-1
3202,-1,-1,1733414957813957632,134388699
3203,45791488,144718307,-1,-1
3204,-1,-1,1733414957842195968,128238116
3205,32840704,118660865,-1,-1
3206,-1,-1,1733414957877662976,135467015
3207,44878336,145731296,-1,-1
3208,-1,-1,1733414957900536064,222872879
3209,32684800,210502140,-1,-1
3210,-1,-1,1733414957891474432,40938323
3211,35971328,40891987,-1,-1
3212,-1,-1,1733414957920736256,129261462
3213,44582400,129538053,-1,-1
3214,-1,-1,1733414957942528512,121792178
3215,43799552,121801349,-1,-1
3216,-1,-1,1733414957965701120,123172575
3217,44732672,122695899,-1,-1
3218,-1,-1,1733414958003883520,88182007
3219,33564928,88090101,-1,-1
3220,-1,-1,1733414957991990016,38106488
3221,33497344,38779507,-1,-1
3222,-1,-1,1733414958037884672,95894303
3223,33222144,95737930,-1,-1
3224,-1,-1,1733414958036598016,48713340
3225,43687424,48824633,-1,-1
3226,-1,-1,1733414958060360448,123762473
3227,44823552,123744205,-1,-1
3228,-1,-1,1733414958097283328,86922452
3229,31958016,88057223,-1,-1
3230,-1,-1,1733414958087103744,39820339
3231,32480512,41745595,-1,-1
3232,-1,-1,1733414958125936896,88833007
3233,34014464,85012788,-1,-1
3234,-1,-1,1733414958149503488,73566501
3235,32869120,71859631,-1,-1
3236,-1,-1,1733414958160706816,61202998
3237,32039680,62924862,-1,-1
3238,-1,-1,1733414958143608064,32901169
3239,28838400,33660141,-1,-1
3240,-1,-1,1733414958164416768,120808769
3241,45753088,122730540,-1,-1
3242,-1,-1,1733414958192581120,128164029
3243,34722560,126841227,-1,-1
3244,-1,-1,1733414958266857216,124275779
3245,45131008,125978137,-1,-1
3246,-1,-1,1733414958261520128,94662829
3247,35020544,94646423,-1,-1
3248,-1,-1,1733414958253470208,41950079
3249,34791936,39644363,-1,-1
3250,-1,-1,1733414958313286912,109816375
3251,44817920,121885934,-1,-1
3252,-1,-1,1733414958337124608,173837680
3253,33449728,162625103,-1,-1
3254,-1,-1,1733414958310990848,23865779
3255,16931584,22893823,-1,-1
3256,-1,-1,1733414958357613824,96623048
3257,32198912,98102444,-1,-1
3258,-1,-1,1733414958339568384,31954148
3259,26056448,30735063,-1,-1
3260,-1,-1,1733414958404203520,114635231
3261,32070400,114891909,-1,-1
3262,-1,-1,1733414958388502784,34298950
3263,31928832,36737662,-1,-1
3264,-1,-1,1733414958455947264,117444497
3265,32839424,114643138,-1,-1
3266,-1,-1,1733414958428979712,23032068
3267,16191744,22975552,-1,-1
3268,-1,-1,1733414958477646848,148667061
3269,32887296,148727309,-1,-1
3270,-1,-1,1733414958514540288,36893262
3271,40917760,45884117,-1,-1
3272,-1,-1,1733414958507203072,142662679
3273,41707264,133641887,-1,-1
3274,-1,-1,1733414958567943936,110740694
3275,44767488,122707181,-1,-1
3276,-1,-1,1733414958581693952,163749893
3277,30917376,151756004,-1,-1
3278,-1,-1,1733414958552834816,21140750
3279,18917120,23875088,-1,-1
3280,-1,-1,1733414958606425856,103590805
3281,32103168,102060891,-1,-1
3282,-1,-1,1733414958591183360,34757588
3283,29815808,33589816,-1,-1
3284,-1,-1,1733414958631521024,90337358
3285,32073216,90997442,-1,-1
3286,-1,-1,1733414958607093504,25571987
3287,26318336,30760244,-1,-1
3288,-1,-1,1733414958673630720,166537062
3289,32986880,160791610,-1,-1
3290,-1,-1,1733414958664587008,40956318
3291,37576704,42747786,-1,-1
3292,-1,-1,1733414958734296064,119708533
3293,44812544,129903700,-1,-1
3294,-1,-1,1733414958750040832,165745010
3295,32268544,154002616,-1,-1
3296,-1,-1,1733414958726214912,26173821
3297,21001472,25720550,-1,-1
3298,-1,-1,1733414958785927680,159712557
3299,34501632,161309730,-1,-1
3300,-1,-1,1733414958776545792,40618075
3301,35804672,39133256,-1,-1
3302,-1,-1,1733414958781022976,104476984
3303,40948480,116964731,-1,-1
3304,-1,-1,1733414958852036352,121013135
3305,32920320,109645544,-1,-1
3306,-1,-1,1733414958885334528,183298041
3307,31845888,180534787,-1,-1
3308,-1,-1,1733414958856092160,20757332
3309,20067584,25099624,-1,-1
3310,-1,-1,1733414958912715008,106622746
3311,32960000,104757602,-1,-1
3312,-1,-1,1733414958897370112,34655158
3313,29920000,37072625,-1,-1
3314,-1,-1,1733414958948121600,100751376
3315,31569408,98289688,-1,-1
3316,-1,-1,1733414958986230528,38108563
3317,35966976,40291732,-1,-1
3318,-1,-1,1733414958955003904,118773145
3319,25974528,118764426,-1,-1
3320,-1,-1,1733414959006789120,101785091
3321,31307520,99165163,-1,-1
3322,-1,-1,1733414958983822848,27033679
3323,21821184,26396603,-1,-1
3324,-1,-1,1733414959025455104,91632186
3325,31003136,92059726,-1,-1
3326,-1,-1,1733414959005410560,29955493
3327,24733184,29606494,-1,-1
3328,-1,-1,1733414959042803712,87392679
3329,31514624,87650847,-1,-1
3330,-1,-1,1733414959017367296,24563075
3331,18849536,24220569,-1,-1
3332,-1,-1,1733414959067500800,100133503
3333,32264448,101147363,-1,-1
3334,-1,-1,1733414959042164224,24663137
3335,18871552,23621007,-1,-1
3336,-1,-1,1733414959085079552,92915442
3337,30901760,92759353,-1,-1
3338,-1,-1,1733414959059388160,24308457
3339,21910528,27022577,-1,-1
3340,-1,-1,1733414959113244672,103865152
3341,37596928,102433751,-1,-1
3342,-1,-1,1733414959087456000,24201966
3343,22170624,26463738,-1,-1
3344,-1,-1,1733414959152587264,165131405
3345,32811520,161375530,-1,-1
3346,-1,-1,1733414959171723520,69136133
3347,30998528,68937294,-1,-1
3348,-1,-1,1733414959141856768,20132901
3349,18898688,23894718,-1,-1
3350,-1,-1,1733414959194835200,102978576
3351,34403584,100870657,-1,-1
3352,-1,-1,1733414959165727232,20891662
3353,17989888,22980190,-1,-1
3354,-1,-1,1733414959203074048,137346742
3355,20780032,133560091,-1,-1
3356,-1,-1,1733414959239338752,36264533
3357,33981184,39163526,-1,-1
3358,-1,-1,1733414959265186048,175847475
3359,32855296,175503423,-1,-1
3360,-1,-1,1733414959239671296,24484636
3361,16878592,21911978,-1,-1
3362,-1,-1,1733414959250970368,111298873
3363,20515584,111987833,-1,-1
3364,-1,-1,1733414959307526912,106556544
3365,37194240,113131027,-1,-1
3366,-1,-1,1733414959291350016,33822741
3367,23938560,27446994,-1,-1
3368,-1,-1,1733414959306973184,115623234
3369,13932288,115853055,-1,-1
3370,-1,-1,1733414959334881792,127908331
3371,30777088,130590862,-1,-1
3372,-1,-1,1733414959383483904,148601764
3373,33328128,146315642,-1,-1
3374,-1,-1,1733414959358857472,25373677
3375,30852864,36414656,-1,-1
3376,-1,-1,1733414959413150720,104292861
3377,33509888,92999187,-1,-1
3378,-1,-1,1733414959451166208,38015451
3379,44908032,49767466,-1,-1
3380,-1,-1,1733414959440760576,139594135
3381,18182656,126586988,-1,-1
3382,-1,-1,1733414959480563200,39802527
3383,35279616,40729337,-1,-1
3384,-1,-1,1733414959459610880,129047534
3385,14896640,129053620,-1,-1
3386,-1,-1,1733414959495833600,36222398
3387,30898176,35973034,-1,-1
3388,-1,-1,1733414959515588096,119754533
3389,31486208,120359136,-1,-1
3390,-1,-1,1733414959546660608,231072400
3391,15331840,230812819,-1,-1
3392,-1,-1,1733414959597898240,151237574
3393,32947200,150759469,-1,-1
3394,-1,-1,1733414959642145024,144246463
3395,31056896,144727292,-1,-1
3396,-1,-1,1733414959627113216,134968214
3397,23164416,134860424,-1,-1
3398,-1,-1,1733414959679229440,52115904
3399,32171776,51888235,-1,-1
3400,-1,-1,1733414959688736768,109507136
3401,38449664,109593586,-1,-1
3402,-1,-1,1733414959712315904,123579128
3403,36673792,125394429,-1,-1
3404,-1,-1,1733414959692960512,30644543
3405,27907072,32306651,-1,-1
3406,-1,-1,1733414959735193088,142232734
3407,28955648,138624063,-1,-1
3408,-1,-1,1733414959741849344,56655666
3409,33897216,68793646,-1,-1
3410,-1,-1,1733414959804265728,162416128
3411,38535680,150761349,-1,-1
3412,-1,-1,1733414959814460672,160195028
3413,31846656,163417805,-1,-1
3414,-1,-1,1733414959821816064,57354995
3415,33674240,65907011,-1,-1
3416,-1,-1,1733414959887492352,115676459
3417,30946560,103823495,-1,-1
3418,-1,-1,1733414959856409600,18916780
3419,25845504,31001102,-1,-1
3420,-1,-1,1733414959921215488,164805814
3421,38438144,153737791,-1,-1
3422,-1,-1,1733414959960799232,139583634
3423,30986752,138550531,-1,-1
3424,-1,-1,1733414959932855808,22056542
3425,19931904,24820600,-1,-1
3426,-1,-1,1733414959987889664,105033568
3427,35379456,105312175,-1,-1
3428,-1,-1,1733414959963404288,25514675
3429,15598080,22438328,-1,-1
3430,-1,-1,1733414959976102912,112698310
3431,27043840,115696374,-1,-1
3432,-1,-1,1733414959987158528,60999093
3433,36971776,69974086,-1,-1
3434,-1,-1,1733414960046691072,159532692
3435,36969728,147597622,-1,-1
3436,-1,-1,1733414960055480320,58789016
3437,31888128,59805843,-1,-1
3438,-1,-1,1733414960056086272,150605563
3439,42855680,161617763,-1,-1
3440,-1,-1,1733414960127800832,171714367
3441,35311872,163916737,-1,-1
3442,-1,-1,1733414960103540736,25739865
3443,13782528,20569889,-1,-1
3444,-1,-1,1733414960157217280,153676458
3445,33464832,155330001,-1,-1
3446,-1,-1,1733414960131227136,24009624
3447,30527744,35383616,-1,-1
3448,-1,-1,1733414960198158592,166931335
3449,40498944,153646702,-1,-1
3450,-1,-1,1733414960200535808,102376825
3451,19342592,103636775,-1,-1
3452,-1,-1,1733414960237872896,37337109
3453,32934144,37971109,-1,-1
3454,-1,-1,1733414960223152384,135279571
3455,16834816,134543373,-1,-1
3456,-1,-1,1733414960259083776,35931032
3457,30889984,35988402,-1,-1
3458,-1,-1,1733414960269870848,110787007
3459,30800896,110788762,-1,-1
3460,-1,-1,1733414960333923584,214052518
3461,33892096,212583108,-1,-1
3462,-1,-1,1733414960361410048,127486165
3463,31540992,129278950,-1,-1
3464,-1,-1,1733414960340046336,28636265
3465,18394112,28210239,-1,-1
3466,-1,-1,1733414960396992256,156945744
3467,34580736,157483220,-1,-1
3468,-1,-1,1733414960371929856,24937179
3469,22904320,27157506,-1,-1
3470,-1,-1,1733414960389399808,117469971
3471,42809600,125782298,-1,-1
3472,-1,-1,1733414960411128576,121728786
3473,30893312,122717134,-1,-1
3474,-1,-1,1733414960490847744,129718643
3475,34888960,120737253,-1,-1
3476,-1,-1,1733414960475824896,184976950
3477,26712832,183586437,-1,-1
3478,-1,-1,1733414960483488512,57663659
3479,35649792,67940973,-1,-1
3480,-1,-1,1733414960547492096,114003609
3481,31034880,101864228,-1,-1
3482,-1,-1,1733414960532000512,34507988
3483,36795392,45760322,-1,-1
3484,-1,-1,1733414960621015296,139014634
3485,32947968,127865269,-1,-1
3486,-1,-1,1733414960658855424,137839954
3487,31861248,138554587,-1,-1
3488,-1,-1,1733414960699331584,140476078
3489,44888064,151674480,-1,-1
3490,-1,-1,1733414960736819456,187487744
3491,30853632,175669770,-1,-1
3492,-1,-1,1733414960740339712,153520113
3493,34787072,153535125,-1,-1
3494,-1,-1,1733414960750505216,60165189
3495,39843328,71908266,-1,-1
3496,-1,-1,1733414960828008448,127503173
3497,47955968,127831099,-1,-1
3498,-1,-1,1733414960861664000,233655422
3499,35410944,224109695,-1,-1
3500,-1,-1,1733414960880597760,118933623
3501,33729536,116895706,-1,-1
3502,-1,-1,1733414960874222080,43624061
3503,43905024,49181297,-1,-1
3504,-1,-1,1733414960942119424,117897323
3505,45787392,123758289,-1,-1
3506,-1,-1,1733414960935786752,143666944
3507,41928704,134767131,-1,-1
3508,-1,-1,1733414961006771712,120985079
3509,29891584,116566351,-1,-1
3510,-1,-1,1733414961006544128,49771740
3511,37326336,50943396,-1,-1
3512,-1,-1,1733414961030329088,123784899
3513,32145408,123928164,-1,-1
3514,-1,-1,1733414961001377792,21048568
3515,17917184,23767966,-1,-1
3516,-1,-1,1733414961047688192,146310495
3517,18692608,143557733,-1,-1
3518,-1,-1,1733414961071540480,123851976
3519,31829248,126865372,-1,-1
3520,-1,-1,1733414961123252480,101711894
3521,35106304,100012474,-1,-1
3522,-1,-1,1733414961093366272,20113636
3523,17407488,22182954,-1,-1
3524,-1,-1,1733414961161752064,168385792
3525,33341696,164690658,-1,-1
3526,-1,-1,1733414961184297472,72545062
3527,32791552,72416189,-1,-1
3528,-1,-1,1733414961158720512,24422919
3529,22982400,28033730,-1,-1
3530,-1,-1,1733414961222711296,163990655
3531,32871168,159609425,-1,-1
3532,-1,-1,1733414961202546432,29834824
3533,36867584,41995195,-1,-1
3534,-1,-1,1733414961217281536,64735072
3535,24071424,56929796,-1,-1
3536,-1,-1,1733414961267973120,150691402
3537,33719808,148402713,-1,-1
3538,-1,-1,1733414961255785472,37811981
3539,43928576,49181672,-1,-1
3540,-1,-1,1733414961305766912,99981484
3541,35713536,90539158,-1,-1
3542,-1,-1,1733414961282573568,26806497
3543,31276288,36555422,-1,-1
3544,-1,-1,1733414961333371648,150797737
3545,41900032,141369563,-1,-1
3546,-1,-1,1733414961385025024,151653270
3547,38179072,147900652,-1,-1
3548,-1,-1,1733414961373719040,138694011
3549,26060032,142507281,-1,-1
3550,-1,-1,1733414961396395776,72676515
3551,37127680,69594025,-1,-1
3552,-1,-1,1733414961411611136,115214818
3553,37736448,117992685,-1,-1
3554,-1,-1,1733414961453995776,42384645
3555,32067584,37031474,-1,-1
3556,-1,-1,1733414961461805824,107809679
3557,32867840,109675949,-1,-1
3558,-1,-1,1733414961438026752,26221080
3559,21930752,26942646,-1,-1
3560,-1,-1,1733414961491584768,153557973
3561,33851392,153673978,-1,-1
3562,-1,-1,1733414961471610624,30025401
3563,35607552,41068071,-1,-1
3564,-1,-1,1733414961526476032,154865406
3565,33025792,142731502,-1,-1
3566,-1,-1,1733414961497525760,21049752
3567,19988736,24965285,-1,-1
3568,-1,-1,1733414961549032960,151507032
3569,30817024,148674399,-1,-1
3570,-1,-1,1733414961543926272,44892785
3571,38820608,44774631,-1,-1
3572,-1,-1,1733414961564302336,120376063
3573,41803264,122854535,-1,-1
3574,-1,-1,1733414961605511936,141209002
3575,30797824,150623262,-1,-1
3576,-1,-1,1733414961679976448,124464819
3577,44840704,123833701,-1,-1
3578,-1,-1,1733414961704979200,125002616
3579,31062528,114043467,-1,-1
3580,-1,-1,1733414961743602944,138623356
3581,44496640,150481088,-1,-1
3582,-1,-1,1733414961731432704,137829745
3583,43640576,125600496,-1,-1
3584,-1,-1,1733414961788154624,106721821
3585,45779712,118854198,-1,-1
3586,-1,-1,1733414961787096576,48941707
3587,31964160,36956070,-1,-1
3588,-1,-1,1733414961777793280,140696444
3589,25900032,143713428,-1,-1
3590,-1,-1,1733414961830529280,102735792
3591,35621888,99941020,-1,-1
3592,-1,-1,1733414961800636160,20106753
3593,18228480,23114081,-1,-1
3594,-1,-1,1733414961848615680,97979363
3595,33077248,93605131,-1,-1
3596,-1,-1,1733414961826512128,27896357
3597,27601152,32805388,-1,-1
3598,-1,-1,1733414961877229568,100717060
3599,32019456,97865332,-1,-1
3600,-1,-1,1733414961849050112,21820605
3601,18780672,25272136,-1,-1
3602,-1,-1,1733414961917024000,117973696
3603,31608832,113057654,-1,-1
3604,-1,-1,1733414961919029760,52005361
3605,33153792,52508087,-1,-1
3606,-1,-1,1733414961905753344,36723211
3607,34896896,39666552,-1,-1
3608,-1,-1,1733414961927359232,121605904
3609,44737280,118725274,-1,-1
3610,-1,-1,1733414961943197440,115838105
3611,40599808,118723591,-1,-1
3612,-1,-1,1733414961966876928,123679114
3613,40294912,120709436,-1,-1
3614,-1,-1,1733414961972811264,105934485
3615,41758208,117827896,-1,-1
3616,-1,-1,1733414962022382336,99570895
3617,32776704,87772968,-1,-1
3618,-1,-1,1733414962081419520,109037092
3619,33194496,108155395,-1,-1
3620,-1,-1,1733414962058191104,126771186
3621,28354304,130720763,-1,-1
3622,-1,-1,1733414962100787200,142596118
3623,14711552,139241595,-1,-1
3624,-1,-1,1733414962136826368,36038915
3625,31483648,36560271,-1,-1
3626,-1,-1,1733414962147693056,110866581
3627,30846976,109528180,-1,-1
3628,-1,-1,1733414962122385408,24692485
3629,31896320,37640983,-1,-1
3630,-1,-1,1733414962152959232,130573686
3631,43857920,121710106,-1,-1
3632,-1,-1,1733414962218813696,115854008
3633,48864256,127789011,-1,-1
3634,-1,-1,1733414962207434240,188620398
3635,28587008,173415111,-1,-1
3636,-1,-1,1733414962252125952,94691623
3637,32907776,94972106,-1,-1
3638,-1,-1,1733414962228451840,26325541
3639,20996352,25950138,-1,-1
3640,-1,-1,1733414962275096064,96644193
3641,30964992,96843663,-1,-1
3642,-1,-1,1733414962257191424,32095142
3643,27827200,33241935,-1,-1
3644,-1,-1,1733414962281679616,74488027
3645,40732160,75348318,-1,-1
3646,-1,-1,1733414962289293056,107613440
3647,42843648,117960188,-1,-1
3648,-1,-1,1733414962337393664,48100213
3649,33664512,38638168,-1,-1
3650,-1,-1,1733414962348694784,111301157
3651,37456128,108150949,-1,-1
3652,-1,-1,1733414962369978112,121283026
3653,31663872,121849304,-1,-1
3654,-1,-1,1733414962356556032,36577459
3655,32903168,37771130,-1,-1
3656,-1,-1,1733414962405884928,99328921
3657,32403456,99223026,-1,-1
3658,-1,-1,1733414962385605888,29720733
3659,24914944,28508362,-1,-1
3660,-1,-1,1733414962428495104,92889188
3661,31914240,93869662,-1,-1
3662,-1,-1,1733414962401778688,23283316
3663,20286208,25247581,-1,-1
3664,-1,-1,1733414962452398080,100619522
3665,30931200,96534238,-1,-1
3666,-1,-1,1733414962427408896,25010468
3667,20894464,25943019,-1,-1
3668,-1,-1,1733414962474333696,96924526
3669,32009728,97860604,-1,-1
3670,-1,-1,1733414962444783872,20449967
3671,17679872,22689146,-1,-1
3672,-1,-1,1733414962502958848,108175013
3673,31407616,105581721,-1,-1
3674,-1,-1,1733414962541743360,88784128
3675,41975296,99422066,-1,-1
3676,-1,-1,1733414962561876480,220133037
3677,35955712,211630171,-1,-1
3678,-1,-1,1733414962548293376,36416918
3679,33817600,35771698,-1,-1
3680,-1,-1,1733414962567139584,118846142
3681,42838272,119873954,-1,-1
3682,-1,-1,1733414962594725888,127586074
3683,45814528,124589285,-1,-1
3684,-1,-1,1733414962610621952,115895811
3685,39669760,117720495,-1,-1
3686,-1,-1,1733414962640335360,129713434
3687,42792192,127883200,-1,-1
3688,-1,-1,1733414962696048896,105713189
3689,30779392,105813878,-1,-1
3690,-1,-1,1733414962719738624,173689574
3691,32461824,173709986,-1,-1
3692,-1,-1,1733414962691732480,21993638
3693,19969024,25012451,-1,-1
3694,-1,-1,1733414962739796480,98064066
3695,32224512,96004091,-1,-1
3696,-1,-1,1733414962712707328,22910355
3697,18941184,24725877,-1,-1
3698,-1,-1,1733414962761196544,148488832
3699,31961344,146769248,-1,-1
3700,-1,-1,1733414962752087296,40890930
3701,34239232,39692299,-1,-1
3702,-1,-1,1733414962778871040,76783331
3703,33521920,77631497,-1,-1
3704,-1,-1,1733414962807052288,78181098
3705,30995200,76315058,-1,-1
3706,-1,-1,1733414962811698944,54646561
3707,30473472,55791056,-1,-1
3708,-1,-1,1733414962800752384,39053577
3709,36808704,41794095,-1,-1
3710,-1,-1,1733414962825455872,124703358
3711,36684032,121846504,-1,-1
3712,-1,-1,1733414962887495680,112039298
3713,33882112,114665976,-1,-1
3714,-1,-1,1733414962875814144,138318427
3715,44078592,135693099,-1,-1
3716,-1,-1,1733414962897593344,121779324
3717,44810496,121777722,-1,-1
3718,-1,-1,1733414962968322048,120728112
3719,43316480,120707588,-1,-1
3720,-1,-1,1733414962969128960,150806894
3721,33181440,152023310,-1,-1
3722,-1,-1,1733414962941005824,21876739
3723,20090880,23790805,-1,-1
3724,-1,-1,1733414963003961088,162955048
3725,32972288,159631581,-1,-1
3726,-1,-1,1733414962984581376,30620240
3727,37811456,42775366,-1,-1
3728,-1,-1,1733414963009534208,124952571
3729,38689792,115593769,-1,-1
3730,-1,-1,1733414963074740736,115206307
3731,46816000,124811332,-1,-1
3732,-1,-1,1733414963090271232,215530495
3733,24808704,203527897,-1,-1
3734,-1,-1,1733414963141520384,101248870
3735,32514816,101314474,-1,-1
3736,-1,-1,1733414963141217280,49696818
3737,32760832,49214084,-1,-1
3738,-1,-1,1733414963136933888,45716422
3739,38056704,45936948,-1,-1
3740,-1,-1,1733414963196531456,109597408
3741,45688832,120674859,-1,-1
3742,-1,-1,1733414963208571648,162040071
3743,31067136,150849257,-1,-1
3744,-1,-1,1733414963180167168,21595320
3745,20053504,24870779,-1,-1
3746,-1,-1,1733414963218808832,138641454
3747,30883840,135582358,-1,-1
3748,-1,-1,1733414963228756480,59947612
3749,30118400,62696361,-1,-1
3750,-1,-1,1733414963292601856,113845177
3751,30667264,111055304,-1,-1
3752,-1,-1,1733414963282209536,139607815
3753,45696512,146489048,-1,-1
3754,-1,-1,1733414963293917952,61707829
3755,21915392,54914532,-1,-1
3756,-1,-1,1733414963326607360,132689271
3757,16764672,132670115,-1,-1
3758,-1,-1,1733414963367654912,91047646
3759,32108288,92005773,-1,-1
3760,-1,-1,1733414963339485952,21830566
3761,20102656,23875789,-1,-1
3762,-1,-1,1733414963390107648,100621850
3763,30942720,97700645,-1,-1
3764,-1,-1,1733414963368558592,28450552
3765,24061696,30895548,-1,-1
3766,-1,-1,1733414963424993792,106435321
3767,33198592,104992207,-1,-1
3768,-1,-1,1733414963398538240,23544214
3769,19929344,24734959,-1,-1
3770,-1,-1,1733414963454682624,156144121
3771,30688768,153725674,-1,-1
3772,-1,-1,1733414963444282112,39599450
3773,33936128,39771680,-1,-1
3774,-1,-1,1733414963506128640,111846312
3775,32867840,113691490,-1,-1
3776,-1,-1,1733414963536755200,130626281
3777,30958080,128823824,-1,-1
3778,-1,-1,1733414963528406784,141651693
3779,40751104,141441147,-1,-1
3780,-1,-1,1733414963548169728,119762604
3781,43624448,119760724,-1,-1
3782,-1,-1,1733414963607886592,109716712
3783,45732352,122758781,-1,-1
3784,-1,-1,1733414963618983424,161096639
3785,34573568,148302561,-1,-1
3786,-1,-1,1733414963590648576,21665255
3787,17973504,23374152,-1,-1
3788,-1,-1,1733414963638520320,97871354
3789,33912064,95698241,-1,-1
3790,-1,-1,1733414963617202688,28682300
3791,23831552,28916402,-1,-1
3792,-1,-1,1733414963659999232,92796666
3793,32923904,92827183,-1,-1
3794,-1,-1,1733414963631974144,21974365
3795,22386432,27973516,-1,-1
3796,-1,-1,1733414963692376832,110402465
3797,30922752,101772406,-1,-1
3798,-1,-1,1733414963668492800,26115839
3799,22331136,27795499,-1,-1
3800,-1,-1,1733414963719996928,101504303
3801,38559744,105097430,-1,-1
3802,-1,-1,1733414963714641920,44644440
3803,35662080,44509051,-1,-1
3804,-1,-1,1733414963718022912,153381027
3805,41303040,150832628,-1,-1
3806,-1,-1,1733414963762265600,144242496
3807,37213184,143068556,-1,-1
3808,-1,-1,1733414963733763072,21497001
3809,23037696,26693848,-1,-1
3810,-1,-1,1733414963782944512,99181601
3811,31403776,94727214,-1,-1
3812,-1,-1,1733414963759308288,26363414
3813,21892864,26872582,-1,-1
3814,-1,-1,1733414963802526976,93218279
3815,32969728,92814047,-1,-1
3816,-1,-1,1733414963773016576,20489300
3817,18916096,23950985,-1,-1
3818,-1,-1,1733414963821085952,98069364
3819,30861056,93690989,-1,-1
3820,-1,-1,1733414963793886720,22800449
3821,22048256,27074462,-1,-1
3822,-1,-1,1733414963844900864,101014180
3823,35722240,99110822,-1,-1
3824,-1,-1,1733414963822790144,27888800
3825,23526400,28475474,-1,-1
3826,-1,-1,1733414963873026048,100236013
3827,32244480,99096655,-1,-1
3828,-1,-1,1733414963846536448,23510032
3829,17012224,22675067,-1,-1
3830,-1,-1,1733414963860997888,64461292
3831,32828672,64785725,-1,-1
3832,-1,-1,1733414963877759488,116761480
3833,39769088,116702043,-1,-1
3834,-1,-1,1733414963898585600,120825947
3835,44701696,120724813,-1,-1
3836,-1,-1,1733414963942620160,144034359
3837,33853440,143755454,-1,-1
3838,-1,-1,1733414963911073792,18453118
3839,17905408,23014776,-1,-1
3840,-1,-1,1733414963976629504,165555763
3841,29919232,160633155,-1,-1
3842,-1,-1,1733414963968766720,42137047
3843,40767232,45849848,-1,-1
3844,-1,-1,1733414963975887360,107120627
3845,41756160,115944873,-1,-1
3846,-1,-1,1733414964028294400,102406631
3847,33175808,89969052,-1,-1
3848,-1,-1,1733414964023301120,45006814
3849,40803584,45509555,-1,-1
3850,-1,-1,1733414964040981504,117680387
3851,42455040,117842732,-1,-1
3852,-1,-1,1733414964085645056,144662596
3853,30846976,144671366,-1,-1
3854,-1,-1,1733414964056653312,21008110
3855,17292800,24143233,-1,-1
3856,-1,-1,1733414964106473984,99820739
3857,31214080,96975273,-1,-1
3858,-1,-1,1733414964111397120,54923080
3859,31612416,55293675,-1,-1
3860,-1,-1,1733414964098260480,36862943
3861,32819456,38194389,-1,-1
3862,-1,-1,1733414964157234176,108973827
3863,32930816,108873894,-1,-1
3864,-1,-1,1733414964160203008,102968823
3865,30855680,100773029,-1,-1
3866,-1,-1,1733414964165650432,155447021
3867,39315200,158672415,-1,-1
3868,-1,-1,1733414964206629632,90978968
3869,32337920,88015547,-1,-1
3870,-1,-1,1733414964197345536,40715724
3871,38768384,43745028,-1,-1
3872,-1,-1,1733414964219107328,121761584
3873,44843776,121809358,-1,-1
3874,-1,-1,1733414964237000448,117893011
3875,34853120,117760322,-1,-1
3876,-1,-1,1733414964275753984,38753561
3877,31474432,36635692,-1,-1
3878,-1,-1,1733414964294633728,118879465
3879,31870976,119121933,-1,-1
3880,-1,-1,1733414964270602240,25968254
3881,18106112,24776194,-1,-1
3882,-1,-1,1733414964315541248,144938942
3883,36669952,148687399,-1,-1
3884,-1,-1,1733414964304404992,38863617
3885,32853248,35050893,-1,-1
3886,-1,-1,1733414964321973504,117568189
3887,40777216,117863470,-1,-1
3888,-1,-1,1733414964380838912,108865396
3889,44873728,120770805,-1,-1
3890,-1,-1,1733414964409397248,178557984
3891,32179712,167902910,-1,-1
3892,-1,-1,1733414964385555712,26158673
3893,22096384,27814281,-1,-1
3894,-1,-1,1733414964404200960,68644900
3895,36802816,68710330,-1,-1
3896,-1,-1,1733414964428631040,124429779
3897,40842240,120767264,-1,-1
3898,-1,-1,1733414964451687168,123056103
3899,44135424,123681905,-1,-1
3900,-1,-1,1733414964508456192,106769000
3901,30835712,106791580,-1,-1
3902,-1,-1,1733414964533382656,124926158
3903,31173120,125227987,-1,-1
3904,-1,-1,1733414964517266944,33883820
3905,28809472,33492256,-1,-1
3906,-1,-1,1733414964534018816,116751715
3907,35733504,116730953,-1,-1
3908,-1,-1,1733414964570872832,36854106
3909,32649472,37740754,-1,-1
3910,-1,-1,1733414964587941632,117068627
3911,31954176,117168969,-1,-1
3912,-1,-1,1733414964595906816,57964904
3913,32393728,55855510,-1,-1
3914,-1,-1,1733414964589562880,43655999
3915,39756288,44842741,-1,-1
3916,-1,-1,1733414964661327360,121764309
3917,46722048,124737473,-1,-1
3918,-1,-1,1733414964674186752,112859377
3919,33187584,112261058,-1,-1
3920,-1,-1,1733414964687191040,213004162
3921,26818816,210222984,-1,-1
3922,-1,-1,1733414964737991168,100799885
3923,30969344,100842517,-1,-1
3924,-1,-1,1733414964719240704,31249334
3925,21102336,31804958,-1,-1
3926,-1,-1,1733414964728436224,109195507
3927,22788352,108770372,-1,-1
3928,-1,-1,1733414964779028992,100592346
3929,30984448,100936403,-1,-1
3930,-1,-1,1733414964753990912,24962002
3931,21789952,26970092,-1,-1
3932,-1,-1,1733414964809217280,105226144
3933,36220672,103504648,-1,-1
3934,-1,-1,1733414964785872896,26655562
3935,22368512,27557173,-1,-1
3936,-1,-1,1733414964812441600,76568515
3937,39598080,75266398,-1,-1
3938,-1,-1,1733414964835203840,122761976
3939,43776000,122749472,-1,-1
3940,-1,-1,1733414964854914304,119710446
3941,45173760,119767483,-1,-1
3942,-1,-1,1733414964877742080,122827483
3943,33870080,122819765,-1,-1
3944,-1,-1,1733414964905452032,127709854
3945,44847360,127846168,-1,-1
3946,-1,-1,1733414964964036864,108584918
3947,32931328,109705659,-1,-1
3948,-1,-1,1733414964980996864,166959452
3949,30886912,165570896,-1,-1
3950,-1,-1,1733414964951591936,20595041
3951,18113280,23112058,-1,-1
3952,-1,-1,1733414965002301952,100709611
3953,35110656,99859802,-1,-1
3954,-1,-1,1733414964987449344,35147330
3955,24862208,33648153,-1,-1
3956,-1,-1,1733414965038463744,101014243
3957,31117824,100976428,-1,-1
3958,-1,-1,1733414965012152576,23688857
3959,20952832,26726753,-1,-1
3960,-1,-1,1733414965045695488,133542673
3961,13723136,129595323,-1,-1
3962,-1,-1,1733414965080635648,34939978
3963,31305472,36369672,-1,-1
3964,-1,-1,1733414965099471616,118835869
3965,32765440,116312128,-1,-1
3966,-1,-1,1733414965077401088,27929276
3967,30800384,35808761,-1,-1
3968,-1,-1,1733414965102062080,124660814
3969,44631808,120719432,-1,-1
3970,-1,-1,1733414965165775104,163712781
3971,34039040,160891212,-1,-1
3972,-1,-1,1733414965140833024,25057763
3973,23897600,28849786,-1,-1
3974,-1,-1,1733414965186913792,96080432
3975,31031040,92885697,-1,-1
3976,-1,-1,1733414965159758848,22845030
3977,21012992,25858881,-1,-1
3978,-1,-1,1733414965213050624,103291596
3979,36141568,100997233,-1,-1
3980,-1,-1,1733414965199613952,36563266
3981,31889664,38660640,-1,-1
3982,-1,-1,1733414965249281792,99667660
3983,33878016,97708515,-1,-1
3984,-1,-1,1733414965221754368,22472484
3985,20149248,25139414,-1,-1
3986,-1,-1,1733414965273219072,101464706
3987,32808704,98532987,-1,-1
3988,-1,-1,1733414965245520384,22300930
3989,18027264,22104530,-1,-1
3990,-1,-1,1733414965292264192,96743681
3991,31251200,97086229,-1,-1
3992,-1,-1,1733414965266456576,24192250
3993,21144064,26771672,-1,-1
3994,-1,-1,1733414965323833088,157376454
3995,34170624,155794547,-1,-1
3996,-1,-1,1733414965311004160,37170750
3997,33848576,38546350,-1,-1
3998,-1,-1,1733414965332521984,121517855
3999,41805824,120700631,-1,-1
4000,-1,-1,1733414965338306048,105783581
4001,39789568,115729031,-1,-1
4002,-1,-1,1733414965372890368,134584142
4003,44872960,125825164,-1,-1
4004,-1,-1,1733414965411651584,138761088
4005,43830272,135590283,-1,-1
4006,-1,-1,1733414965458431744,96780035
4007,32832000,95741905,-1,-1
4008,-1,-1,1733414965475750400,67318472
4009,32249600,69291181,-1,-1
4010,-1,-1,1733414965448296192,22545736
4011,20903168,24522393,-1,-1
4012,-1,-1,1733414965502543872,104247327
4013,31855360,100824693,-1,-1
4014,-1,-1,1733414965472843008,20299139
4015,18889984,23904822,-1,-1
4016,-1,-1,1733414965523813888,100970525
4017,32729088,98602589,-1,-1
4018,-1,-1,1733414965497351936,23538129
4019,17809152,23582377,-1,-1
4020,-1,-1,1733414965565375488,118023337
4021,32823040,117255757,-1,-1
4022,-1,-1,1733414965540338688,24963213
4023,15797760,24970794,-1,-1
4024,-1,-1,1733414965575873024,185533914
4025,39200512,185526808,-1,-1
4026,-1,-1,1733414965599810816,123937719
4027,47579392,125624939,-1,-1
4028,-1,-1,1733414965639163648,39352760
4029,33001728,38261873,-1,-1
4030,-1,-1,1733414965615556608,26392811
4031,18758912,25719078,-1,-1
4032,-1,-1,1733414965633574912,118018126
4033,31360512,120851956,-1,-1
4034,-1,-1,1733414965680124672,96549334
4035,31988736,94816150,-1,-1
4036,-1,-1,1733414965651019264,20894545
4037,19050496,23082020,-1,-1
4038,-1,-1,1733414965700816640,99797340
4039,30877952,96560332,-1,-1
4040,-1,-1,1733414965672818944,22002145
4041,19906560,25037564,-1,-1
4042,-1,-1,1733414965729919232,107100006
4043,31846912,103685172,-1,-1
4044,-1,-1,1733414965698747904,18828593
4045,16951808,21975473,-1,-1
4046,-1,-1,1733414965755668992,106920932
4047,30862080,103785758,-1,-1
4048,-1,-1,1733414965734045696,28376702
4049,22746880,27761210,-1,-1
4050,-1,-1,1733414965774192128,90146116
4051,30865664,90987977,-1,-1
4052,-1,-1,1733414965760632320,36440068
4053,33529088,38955625,-1,-1
4054,-1,-1,1733414965817742336,107109879
4055,33024000,104824484,-1,-1
4056,-1,-1,1733414965787700992,19958528
4057,18229760,23830109,-1,-1
4058,-1,-1,1733414965838726656,101025344
4059,36354816,100315265,-1,-1
4060,-1,-1,1733414965824494336,35767635
4061,28735232,32378517,-1,-1
4062,-1,-1,1733414965841256192,66761738
4063,31831552,66911918,-1,-1
4064,-1,-1,1733414965858233344,116977007
4065,41725440,120667237,-1,-1
4066,-1,-1,1733414965922002432,113768935
4067,48842240,125865976,-1,-1
4068,-1,-1,1733414965947511296,225508749
4069,32944896,209642162,-1,-1
4070,-1,-1,1733414965936242432,38730865
4071,33925120,38785292,-1,-1
4072,-1,-1,1733414965956989952,120747162
4073,41774336,120734192,-1,-1
4074,-1,-1,1733414965978796544,121806510
4075,42860032,121817669,-1,-1
4076,-1,-1,1733414966002231040,123434483
4077,47425024,125319875,-1,-1
4078,-1,-1,1733414966053304832,101073517
4079,30933248,99245973,-1,-1
4080,-1,-1,1733414966038119424,34814396
4081,29416704,34853309,-1,-1
4082,-1,-1,1733414966060851200,122731831
4083,37032704,122876834,-1,-1
4084,-1,-1,1733414966096636672,35785211
4085,29916416,34748978,-1,-1
4086,-1,-1,1733414966113287936,116651128
4087,32846592,116687398,-1,-1
4088,-1,-1,1733414966102777344,39489388
4089,34761984,39840620,-1,-1
4090,-1,-1,1733414966152324864,99547156
4091,30921984,99852410,-1,-1
4092,-1,-1,1733414966128448768,26124513
4093,23412736,28989026,-1,-1
4094,-1,-1,1733414966177908736,99458986
4095,31044096,96887562,-1,-1
4096,-1,-1,1733414966150812160,22903648
4097,21115904,25932365,-1,-1
4098,-1,-1,1733414966208833536,108020846
4099,31565568,105323347,-1,-1
4100,-1,-1,1733414966196639488,37806040
4101,35896064,40224324,-1,-1
4102,-1,-1,1733414966253265920,106626371
4103,32820736,103653927,-1,-1
4104,-1,-1,1733414966228104960,24838869
4105,18181632,24904342,-1,-1
4106,-1,-1,1733414966284110336,106005017
4107,33012992,106909408,-1,-1
4108,-1,-1,1733414966302841856,118731456
4109,34004736,120744028,-1,-1
4110,-1,-1,1733414966279593728,26751346
4111,14960640,23824428,-1,-1
4112,-1,-1,1733414966300305920,120712246
4113,33958400,123898023,-1,-1
4114,-1,-1,1733414966360385536,110079409
4115,33819648,108109797,-1,-1
4116,-1,-1,1733414966345105920,34720182
4117,28648448,33571383,-1,-1
4118,-1,-1,1733414966401008896,105903052
4119,34341120,106685824,-1,-1
4120,-1,-1,1733414966374814208,23804937
4121,14289664,22937161,-1,-1
4122,-1,-1,1733414966398004224,123189920
4123,34190848,126221461,-1,-1
4124,-1,-1,1733414966451589376,103584822
4125,32157184,101645535,-1,-1
4126,-1,-1,1733414966432296192,30706711
4127,24773888,29489624,-1,-1
4128,-1,-1,1733414966481258496,98962414
4129,32988160,98967920,-1,-1
4130,-1,-1,1733414966462265088,31006199
4131,26690304,31571436,-1,-1
4132,-1,-1,1733414966528146432,115881305
4133,32136704,115200415,-1,-1
4134,-1,-1,1733414966553288704,125142168
4135,31953408,125566312,-1,-1
4136,-1,-1,1733414966530288896,26999760
4137,20028928,26876963,-1,-1
4138,-1,-1,1733414966559866880,179577823
4139,44760832,191556402,-1,-1
4140,-1,-1,1733414966585606656,125739863
4141,40905216,125766947,-1,-1
4142,-1,-1,1733414966635430656,49823641
4143,31748864,38818240,-1,-1
4144,-1,-1,1733414966656200704,120770105
4145,31806208,120696225,-1,-1
4146,-1,-1,1733414966633363456,27162269
4147,18821888,25969268,-1,-1
4148,-1,-1,1733414966690002432,156638922
4149,31278080,155626833,-1,-1
4150,-1,-1,1733414966718796032,128793445
4151,32027136,131004672,-1,-1
4152,-1,-1,1733414966702510336,33714121
4153,39071744,44940133,-1,-1
4154,-1,-1,1733414966738243328,135732750
4155,44825856,135537676,-1,-1
4156,-1,-1,1733414966788787968,50544512
4157,33210880,38199871,-1,-1
4158,-1,-1,1733414966760046848,21258655
4159,14899712,21585384,-1,-1
4160,-1,-1,1733414966792476672,182429838
4161,42769152,184530561,-1,-1
4162,-1,-1,1733414966836356864,93879723
4163,32849408,91913732,-1,-1
4164,-1,-1,1733414966874441728,38084649
4165,35894272,40777827,-1,-1
4166,-1,-1,1733414966877860608,153419027
4167,34852352,150574338,-1,-1
4168,-1,-1,1733414966850845440,22984550
4169,20945664,25978635,-1,-1
4170,-1,-1,1733414966899575296,98729665
4171,33874176,95795909,-1,-1
4172,-1,-1,1733414966876494080,26918443
4173,24883968,29873076,-1,-1
4174,-1,-1,1733414966943557120,167063192
4175,32876288,164629454,-1,-1
4176,-1,-1,1733414966933765632,90208182
4177,24959232,92825997,-1,-1
4178,-1,-1,1733414966992533504,108767783
4179,32844800,104626534,-1,-1
4180,-1,-1,1733414966963327488,20793660
4181,18993920,24036809,-1,-1
4182,-1,-1,1733414967021463296,108135823
4183,31024896,104893313,-1,-1
4184,-1,-1,1733414966999082240,27618474
4185,17992960,27640657,-1,-1
4186,-1,-1,1733414967047966208,148884095
4187,30765824,149731894,-1,-1
4188,-1,-1,1733414967039571200,141604737
4189,42650368,153622186,-1,-1
4190,-1,-1,1733414967121162496,131591060
4191,42867456,122726090,-1,-1
4192,-1,-1,1733414967150109696,128946980
4193,47930624,138827493,-1,-1
4194,-1,-1,1733414967168907008,168797208
4195,33178368,155847423,-1,-1
4196,-1,-1,1733414967144297984,25390704
4197,20049408,24752029,-1,-1
4198,-1,-1,1733414967195162368,100864204
4199,31837696,100647758,-1,-1
4200,-1,-1,1733414967165421312,20258837
4201,18465536,24001441,-1,-1
4202,-1,-1,1733414967215831808,150410254
4203,33029888,147842280,-1,-1
4204,-1,-1,1733414967197062656,31230889
4205,37878016,42726136,-1,-1
4206,-1,-1,1733414967220720896,123657895
4207,34882816,120697721,-1,-1
4208,-1,-1,1733414967265397760,44677168
4209,34377472,39395650,-1,-1
4210,-1,-1,1733414967283147520,117749168
4211,40422400,112349535,-1,-1
4212,-1,-1,1733414967306009856,172862114
4213,33387008,174918763,-1,-1
4214,-1,-1,1733414967344774400,38764313
4215,41383680,45998637,-1,-1
4216,-1,-1,1733414967366374656,121600177
4217,44918528,126274571,-1,-1
4218,-1,-1,1733414967374262016,157887334
4219,31022336,145727343,-1,-1
4220,-1,-1,1733414967346234112,21971921
4221,17282048,22252269,-1,-1
4222,-1,-1,1733414967395152384,98918124
4223,31287808,98760250,-1,-1
4224,-1,-1,1733414967371804672,26651990
4225,24935680,29656606,-1,-1
4226,-1,-1,1733414967424723200,102918431
4227,33912320,100713483,-1,-1
4228,-1,-1,1733414967402513408,27790159
4229,23907584,28989299,-1,-1
4230,-1,-1,1733414967458027264,155513575
4231,33238784,152992847,-1,-1
4232,-1,-1,1733414967443137792,35110448
4233,33941760,38549987,-1,-1
4234,-1,-1,1733414967507787520,114649321
4235,32356608,113277051,-1,-1
4236,-1,-1,1733414967518667264,160879601
4237,47951872,159323741,-1,-1
4238,-1,-1,1733414967556962816,88295338
4239,34642688,87853973,-1,-1
4240,-1,-1,1733414967532312576,25349766
4241,32441088,37668242,-1,-1
4242,-1,-1,1733414967564850176,132537543
4243,41228032,120553675,-1,-1
4244,-1,-1,1733414967623524096,108673488
4245,30278912,107763399,-1,-1
4246,-1,-1,1733414967616398848,142874889
4247,41241600,146749162,-1,-1
4248,-1,-1,1733414967657229824,90830457
4249,36375552,90865810,-1,-1
4250,-1,-1,1733414967634646272,27416478
4251,32443648,35928044,-1,-1
4252,-1,-1,1733414967669398784,134752372
4253,43725312,134708982,-1,-1
4254,-1,-1,1733414967695723520,126324546
4255,46492672,126864104,-1,-1
4256,-1,-1,1733414967771215360,125491510
4257,37429760,115690255,-1,-1
4258,-1,-1,1733414967798126080,226910472
4259,31581440,224632719,-1,-1
4260,-1,-1,1733414967797619456,49493515
4261,43903488,49670857,-1,-1
4262,-1,-1,1733414967858395904,110776282
4263,46035712,122885220,-1,-1
4264,-1,-1,1733414967871084032,162687914
4265,32346880,150436131,-1,-1
4266,-1,-1,1733414967847102976,26018578
4267,20405248,25931948,-1,-1
4268,-1,-1,1733414967893345536,96242504
4269,34806528,95788529,-1,-1
4270,-1,-1,1733414967863454464,20108517
4271,17510656,23074089,-1,-1
4272,-1,-1,1733414967928787456,165332921
4273,34354688,163635910,-1,-1
4274,-1,-1,1733414967927190784,98403405
4275,16426240,97688479,-1,-1
4276,-1,-1,1733414967965176320,37985287
4277,32796672,38327108,-1,-1
4278,-1,-1,1733414967976627456,111450792
4279,30839296,111291310,-1,-1
4280,-1,-1,1733414967957564416,30937145
4281,37668096,42929554,-1,-1
4282,-1,-1,1733414968005494784,97929854
4283,33372928,86380247,-1,-1
4284,-1,-1,1733414967986198784,30704138
4285,36931328,41404874,-1,-1
4286,-1,-1,1733414968049108224,112909081
4287,30883584,102056571,-1,-1
4288,-1,-1,1733414968085093120,35984628
4289,33342976,38080375,-1,-1
4290,-1,-1,1733414968103575808,218482475
4291,16064768,216123571,-1,-1
4292,-1,-1,1733414968206833664,253258111
4293,33614080,254158230,-1,-1
4294,-1,-1,1733414968225168384,68334130
4295,34006528,70270521,-1,-1
4296,-1,-1,1733414968261744128,136575562
4297,33264384,134019003,-1,-1
4298,-1,-1,1733414968251835648,40091824
4299,38022912,42626023,-1,-1
4300,-1,-1,1733414968322589440,120753451
4301,44967680,128701134,-1,-1
4302,-1,-1,1733414968317044480,194454912
4303,27303424,186527605,-1,-1
4304,-1,-1,1733414968386716160,69671293
4305,33075200,66348258,-1,-1
4306,-1,-1,1733414968416424960,179708797
4307,36037120,179300404,-1,-1
4308,-1,-1,1733414968391460096,25034808
4309,23924224,28755770,-1,-1
4310,-1,-1,1733414968453638144,162177789
4311,35709184,160542503,-1,-1
4312,-1,-1,1733414968427091712,23453427
4313,28899840,34057273,-1,-1
4314,-1,-1,1733414968498623744,121531605
4315,30902784,108880162,-1,-1
4316,-1,-1,1733414968512549632,113925687
4317,32933120,114803705,-1,-1
4318,-1,-1,1733414968550325248,37775828
4319,36195584,42242779,-1,-1
4320,-1,-1,1733414968591967744,141642038
4321,46779136,151203474,-1,-1
4322,-1,-1,1733414968616704000,174736199
4323,31515136,161224233,-1,-1
4324,-1,-1,1733414968600993792,34289454
4325,31995136,36474602,-1,-1
4326,-1,-1,1733414968653565696,102571969
4327,31073792,98835192,-1,-1
4328,-1,-1,1733414968630318336,26752327
4329,25897728,30740864,-1,-1
4330,-1,-1,1733414968682818304,102499924
4331,31958784,99778126,-1,-1
4332,-1,-1,1733414968657234944,24416617
4333,22913792,26942584,-1,-1
4334,-1,-1,1733414968724509952,117274798
4335,31940608,112770995,-1,-1
4336,-1,-1,1733414968694938880,20428543
4337,20117248,25052371,-1,-1
4338,-1,-1,1733414968737879296,142940416
4339,20034048,143543756,-1,-1
4340,-1,-1,1733414968760224000,72344696
4341,38802688,71798009,-1,-1
4342,-1,-1,1733414968776035328,115811115
4343,44858112,124690160,-1,-1
4344,-1,-1,1733414968800721664,124686276
4345,45878528,127737606,-1,-1
4346,-1,-1,1733414968840380416,139658560
4347,38775296,127638544,-1,-1
4348,-1,-1,1733414968880301824,89921297
4349,33970176,87156346,-1,-1
4350,-1,-1,1733414968873037568,42735621
4351,37765376,42456229,-1,-1
4352,-1,-1,1733414968933934848,110897284
4353,33170944,113028262,-1,-1
4354,-1,-1,1733414968917780480,133845089
4355,42772224,142486401,-1,-1
4356,-1,-1,1733414968967358976,99578680
4357,36759296,88943913,-1,-1
4358,-1,-1,1733414968965263104,47903893
4359,42804992,47733915,-1,-1
4360,-1,-1,1733414969003181824,87918446
4361,33798656,88307707,-1,-1
4362,-1,-1,1733414968993042176,39860132
4363,34898688,39495094,-1,-1
4364,-1,-1,1733414969016701184,123658781
4365,45286400,123786535,-1,-1
4366,-1,-1,1733414969074668544,107967462
4367,45865216,122815645,-1,-1
4368,-1,-1,1733414969075428096,50759214
4369,34258432,39245868,-1,-1
4370,-1,-1,1733414969069217024,143788911
4371,24885504,143391135,-1,-1
4372,-1,-1,1733414969120638976,101421677
4373,34968064,99815825,-1,-1
4374,-1,-1,1733414969126747648,56108573
4375,34895872,54821602,-1,-1
4376,-1,-1,1733414969122808832,46060926
4377,40514304,45989333,-1,-1
4378,-1,-1,1733414969179531520,156722598
4379,31900672,157623728,-1,-1
4380,-1,-1,1733414969156869376,27337932
4381,18037504,26430459,-1,-1
4382,-1,-1,1733414969180443648,123574014
4383,29826816,126273193,-1,-1
4384,-1,-1,1733414969235893504,155449494
4385,33042944,152818403,-1,-1
4386,-1,-1,1733414969272543488,36649981
4387,33323776,38317176,-1,-1
4388,-1,-1,1733414969305711360,133167795
4389,44909056,143323189,-1,-1
4390,-1,-1,1733414969328419328,122707732
4391,42751744,122699884,-1,-1
4392,-1,-1,1733414969357026048,128606428
4393,47845376,128731106,-1,-1
4394,-1,-1,1733414969378003968,120977728
4395,45799424,122811714,-1,-1
4396,-1,-1,1733414969355945984,127941906
4397,44994560,125932504,-1,-1
4398,-1,-1,1733414969401430016,145483987
4399,40811520,136455491,-1,-1
4400,-1,-1,1733414969432159744,130729401
4401,41856768,128774898,-1,-1
4402,-1,-1,1733414969450912000,118752304
4403,41778432,119805817,-1,-1
4404,-1,-1,1733414969471682816,120770514
4405,41858304,121818396,-1,-1
4406,-1,-1,1733414969488602112,116919251
4407,38005248,125905559,-1,-1
4408,-1,-1,1733414969536333056,47730720
4409,31757056,36733909,-1,-1
4410,-1,-1,1733414969557106944,120773646
4411,33008384,120999590,-1,-1
4412,-1,-1,1733414969574091776,116985051
4413,30760960,115619345,-1,-1
4414,-1,-1,1733414969543299328,19206902
4415,14354688,19484323,-1,-1
4416,-1,-1,1733414969599602176,106302750
4417,33028864,106036080,-1,-1
4418,-1,-1,1733414969577889280,28286835
4419,26100992,31474833,-1,-1
4420,-1,-1,1733414969635580672,157691273
4421,33961472,154727570,-1,-1
4422,-1,-1,1733414969628436480,42855668
4423,37796096,42697592,-1,-1
4424,-1,-1,1733414969664220416,85783894
4425,33613568,86196678,-1,-1
4426,-1,-1,1733414969711234048,47013381
4427,44911104,49654314,-1,-1
4428,-1,-1,1733414969688889344,127654980
4429,42893568,136748068,-1,-1
4430,-1,-1,1733414969724634880,135745500
4431,42833152,129556174,-1,-1
4432,-1,-1,1733414969790191616,115556716
4433,30887424,109919233,-1,-1
4434,-1,-1,1733414969833403392,143211608
4435,50774528,155653754,-1,-1
4436,-1,-1,1733414969824662272,191258741
4437,33129216,181613977,-1,-1
4438,-1,-1,1733414969880768768,106106182
4439,31820288,100652492,-1,-1
4440,-1,-1,1733414969854429952,23661225
4441,20939520,25994651,-1,-1
4442,-1,-1,1733414969910314240,155884042
4443,33907712,157792750,-1,-1
4444,-1,-1,1733414969890964224,30649834
4445,37565184,41285149,-1,-1
4446,-1,-1,1733414969967818752,126854332
4447,47777280,130368416,-1,-1
4448,-1,-1,1733414969961447424,143628407
4449,43648256,130524997,-1,-1
4450,-1,-1,1733414970023004672,111557400
4451,31044864,109017953,-1,-1
4452,-1,-1,1733414970059575552,136570568
4453,34885376,139591611,-1,-1
4454,-1,-1,1733414970094782976,135207206
4455,31458048,132379137,-1,-1
4456,-1,-1,1733414970083339520,88556378
4457,15677952,88025594,-1,-1
4458,-1,-1,1733414970119708928,36369202
4459,31841792,36903023,-1,-1
4460,-1,-1,1733414970130107136,110397944
4461,35794176,111740410,-1,-1
4462,-1,-1,1733414970173986560,43879599
4463,37955584,42001308,-1,-1
4464,-1,-1,1733414970180589568,106602580
4465,45751808,118678646,-1,-1
4466,-1,-1,1733414970198211072,217621546
4467,27879168,208621056,-1,-1
4468,-1,-1,1733414970255170560,106958972
4469,31102208,103836956,-1,-1
4470,-1,-1,1733414970235899136,30728762
4471,25797888,30701257,-1,-1
4472,-1,-1,1733414970286005760,100106200
4473,37463808,103412211,-1,-1
4474,-1,-1,1733414970268657664,32652344
4475,30043648,32462174,-1,-1
4476,-1,-1,1733414970311149056,142490774
4477,16064512,139508817,-1,-1
4478,-1,-1,1733414970329131776,67982484
4479,38791680,70867686,-1,-1
4480,-1,-1,1733414970378741504,99609717
4481,32764416,96718921,-1,-1
4482,-1,-1,1733414970415918336,37176526
4483,32930048,38057532,-1,-1
4484,-1,-1,1733414970445406976,129488535
4485,46489600,142679412,-1,-1
4486,-1,-1,1733414970437299968,141892748
4487,44462592,127667626,-1,-1
4488,-1,-1,1733414970497353216,110053313
4489,32698880,111727933,-1,-1
4490,-1,-1,1733414970526668032,129314481
4491,46985984,143832763,-1,-1
4492,-1,-1,1733414970551115520,124447609
4493,32879616,109659212,-1,-1
4494,-1,-1,1733414970579380480,128264606
4495,34888704,126746681,-1,-1
4496,-1,-1,1733414970616812544,187431495
4497,33853696,188443887,-1,-1
4498,-1,-1,1733414970594608896,27796400
4499,16745728,27126903,-1,-1
4500,-1,-1,1733414970633140736,188531674
4501,43740416,188394543,-1,-1
4502,-1,-1,1733414970695177984,112037099
4503,44809216,123781585,-1,-1
4504,-1,-1,1733414970715300352,220122221
4505,32926720,208592036,-1,-1
4506,-1,-1,1733414970706240768,40940339
4507,34768128,40657277,-1,-1
4508,-1,-1,1733414970738622208,82381059
4509,33247744,82334870,-1,-1
4510,-1,-1,1733414970759991552,71368982
4511,32067840,72566586,-1,-1
4512,-1,-1,1733414970763859712,53868142
4513,33946624,53888827,-1,-1
4514,-1,-1,1733414970801115136,37255211
4515,42876672,47830855,-1,-1
4516,-1,-1,1733414970814887168,113772031
4517,30781184,101609747,-1,-1
4518,-1,-1,1733414970829997056,115109682
4519,32446720,114831139,-1,-1
4520,-1,-1,1733414970827989504,47992040
4521,43353856,48695785,-1,-1
4522,-1,-1,1733414970867044352,89054980
4523,35287040,91282266,-1,-1
4524,-1,-1,1733414970860720384,43675760
4525,36859392,41396741,-1,-1
4526,-1,-1,1733414970900533248,89812653
4527,33662464,90232713,-1,-1
4528,-1,-1,1733414970895318784,44785510
4529,39771392,44433139,-1,-1
4530,-1,-1,1733414970955147008,109828030
4531,44756736,120742012,-1,-1
4532,-1,-1,1733414970982528256,177381026
4533,30941952,164657962,-1,-1
4534,-1,-1,1733414970955694848,23166714
4535,22889984,27826507,-1,-1
4536,-1,-1,1733414971012934400,107239223
4537,35395840,106517045,-1,-1
4538,-1,-1,1733414971003261952,40327372
4539,28920320,38260722,-1,-1
4540,-1,-1,1733414971062276096,109013781
4541,33928704,107774690,-1,-1
4542,-1,-1,1733414971034064896,21788634
4543,20910336,25964461,-1,-1
4544,-1,-1,1733414971084768768,100703796
4545,35187200,101022987,-1,-1
4546,-1,-1,1733414971061533952,26764986
4547,21990144,26686110,-1,-1
4548,-1,-1,1733414971113913344,102378971
4549,33851392,99604409,-1,-1
4550,-1,-1,1733414971083524608,19611165
4551,17005568,22023914,-1,-1
4552,-1,-1,1733414971137443840,103918839
4553,32087296,101961009,-1,-1
4554,-1,-1,1733414971113333760,25889935
4555,19222784,24720887,-1,-1
4556,-1,-1,1733414971147714304,134380639
4557,14946560,134602179,-1,-1
4558,-1,-1,1733414971183557888,35843390
4559,31251200,36333205,-1,-1
4560,-1,-1,1733414971220139520,136581431
4561,45714944,148254783,-1,-1
4562,-1,-1,1733414971309967616,339827725
4563,33268992,327502632,-1,-1
4564,-1,-1,1733414971312392960,52425234
4565,35282432,54413866,-1,-1
4566,-1,-1,1733414971307168000,94774906
4567,28889088,92843106,-1,-1
4568,-1,-1,1733414971355653888,148485873
4569,16324352,148687058,-1,-1
4570,-1,-1,1733414971379293952,123639773
4571,36392448,125861524,-1,-1
4572,-1,-1,1733414971430080000,100786325
4573,34989824,97790364,-1,-1
4574,-1,-1,1733414971406099968,26019281
4575,21417728,27308182,-1,-1
4576,-1,-1,1733414971464150784,108050667
4577,32446208,108265659,-1,-1
4578,-1,-1,1733414971441355520,27204012
4579,23988992,28918033,-1,-1
4580,-1,-1,1733414971494711808,103356471
4581,33659648,100420442,-1,-1
4582,-1,-1,1733414971472455424,27743222
4583,23547136,29597452,-1,-1
4584,-1,-1,1733414971565074944,142619464
4585,33436928,141354295,-1,-1
4586,-1,-1,1733414971583890432,118815470
4587,30923008,117558313,-1,-1
4588,-1,-1,1733414971628472320,144581810
4589,34007808,145836420,-1,-1
4590,-1,-1,1733414971636088064,57615326
4591,32990976,57749626,-1,-1
4592,-1,-1,1733414971630334208,44246240
4593,41761792,46786515,-1,-1
4594,-1,-1,1733414971663833600,133499166
4595,44801280,130627814,-1,-1
4596,-1,-1,1733414971731589376,117755453
4597,30871808,117818125,-1,-1
4598,-1,-1,1733414971719685120,88095513
4599,32404736,91834866,-1,-1
4600,-1,-1,1733414971787727104,118041908
4601,31091712,113875644,-1,-1
4602,-1,-1,1733414971770992640,33265372
4603,27280128,34658381,-1,-1
4604,-1,-1,1733414971810278656,139285825
4605,34310144,138203825,-1,-1
4606,-1,-1,1733414971864166144,103887476
4607,34665472,104102317,-1,-1
4608,-1,-1,1733414971839166720,25000178
4609,22063616,27265790,-1,-1
4610,-1,-1,1733414971891267072,102100412
4611,34162688,99976694,-1,-1
4612,-1,-1,1733414971873616896,32349580
4613,25681408,31701554,-1,-1
4614,-1,-1,1733414971896949248,73332207
4615,40681728,76726534,-1,-1
4616,-1,-1,1733414971936548096,139598662
4617,44561920,136602353,-1,-1
4618,-1,-1,1733414971975378688,88830461
4619,30886656,89043714,-1,-1
4620,-1,-1,1733414971961709824,36330952
4621,41918976,47801634,-1,-1
4622,-1,-1,1733414972035933696,124223595
4623,30795520,112624241,-1,-1
4624,-1,-1,1733414972051787264,115853601
4625,34504192,115883574,-1,-1
4626,-1,-1,1733414972086617088,34829516
4627,32968704,36920592,-1,-1
4628,-1,-1,1733414972120569088,133951719
4629,32838144,132468817,-1,-1
4630,-1,-1,1733414972152430336,181861233
4631,30883584,180554893,-1,-1
4632,-1,-1,1733414972136878336,34447722
4633,28731648,34952669,-1,-1
4634,-1,-1,1733414972183323648,96445264
4635,30932224,95847793,-1,-1
4636,-1,-1,1733414972158753280,25429566
4637,21016832,25955979,-1,-1
4638,-1,-1,1733414972216069376,107316042
4639,34444544,109159321,-1,-1
4640,-1,-1,1733414972193285120,27215292
4641,23827200,28409046,-1,-1
4642,-1,-1,1733414972244053248,100768226
4643,31937024,98843655,-1,-1
4644,-1,-1,1733414972218978048,24924571
4645,22038784,26971680,-1,-1
4646,-1,-1,1733414972274768128,105790081
4647,31751680,102587032,-1,-1
4648,-1,-1,1733414972248945408,24176848
4649,22402560,27035842,-1,-1
4650,-1,-1,1733414972288612608,89667176
4651,20983552,86833999,-1,-1
4652,-1,-1,1733414972327417344,38804687
4653,31831040,39612042,-1,-1
4654,-1,-1,1733414972358319616,130901918
4655,31548672,130561998,-1,-1
4656,-1,-1,1733414972339257856,30938261
4657,27932672,33392536,-1,-1
4658,-1,-1,1733414972386676480,97418397
4659,31023104,94826378,-1,-1
4660,-1,-1,1733414972362531072,25854352
4661,23453952,28800626,-1,-1
4662,-1,-1,1733414972413537536,101006349
4663,31891712,98688072,-1,-1
4664,-1,-1,1733414972387219200,23681457
4665,18543616,23527499,-1,-1
4666,-1,-1,1733414972441317632,104098433
4667,31874048,103205093,-1,-1
4668,-1,-1,1733414972411658240,20340194
4669,18126592,23133508,-1,-1
4670,-1,-1,1733414972467428864,105770912
4671,30854912,102602885,-1,-1
4672,-1,-1,1733414972438419968,20990695
4673,16187648,21207718,-1,-1
4674,-1,-1,1733414972494641408,106221411
4675,34980864,106669384,-1,-1
4676,-1,-1,1733414972464519168,19877360
4677,17979648,22863203,-1,-1
4678,-1,-1,1733414972521464320,106945289
4679,32076032,103847723,-1,-1
4680,-1,-1,1733414972500719104,29254363
4681,23255808,29064177,-1,-1
4682,-1,-1,1733414972559890688,159171460
4683,33490432,160123049,-1,-1
4684,-1,-1,1733414972554514432,94623774
4685,30862336,97020737,-1,-1
4686,-1,-1,1733414972608225024,103710230
4687,32818432,100653277,-1,-1
4688,-1,-1,1733414972578366720,20141509
4689,17898752,22960928,-1,-1
4690,-1,-1,1733414972631240704,102874051
4691,32054272,98892756,-1,-1
4692,-1,-1,1733414972604028672,22787607
4693,21888256,26835577,-1,-1
4694,-1,-1,1733414972658826496,104797876
4695,33843456,101700952,-1,-1
4696,-1,-1,1733414972635650560,26823602
4697,17461504,27177726,-1,-1
4698,-1,-1,1733414972653538048,117887467
4699,30739712,120485924,-1,-1
4700,-1,-1,1733414972705190400,101652333
4701,31413248,99274621,-1,-1
4702,-1,-1,1733414972679244032,24059539
4703,21967360,26564355,-1,-1
4704,-1,-1,1733414972728421376,99170937
4705,32144128,95921168,-1,-1
4706,-1,-1,1733414972700376576,21955058
4707,18659072,23512934,-1,-1
4708,-1,-1,1733414972762659584,112282878
4709,32440320,110044245,-1,-1
4710,-1,-1,1733414972732564224,19904484
4711,19004928,23937174,-1,-1
4712,-1,-1,1733414972786352896,103788699
4713,32990720,101722529,-1,-1
4714,-1,-1,1733414972761459712,25106587
4715,17993216,26923910,-1,-1
4716,-1,-1,1733414972809258752,97799136
4717,31908096,95749775,-1,-1
4718,-1,-1,1733414972785876736,26617568
4719,23880704,28968371,-1,-1
4720,-1,-1,1733414972831062016,95185197
4721,33036032,91908147,-1,-1
4722,-1,-1,1733414972821599488,40537051
4723,35019008,40880360,-1,-1
4724,-1,-1,1733414972890957568,119358060
4725,33956864,118650230,-1,-1
4726,-1,-1,1733414972892194816,51237158
4727,31808000,52798387,-1,-1
4728,-1,-1,1733414972885090304,42895346
4729,35234560,41956731,-1,-1
4730,-1,-1,1733414972911728640,126638201
4731,40444416,126611231,-1,-1
4732,-1,-1,1733414972936488960,124760275
4733,38774016,124726807,-1,-1
4734,-1,-1,1733414972971140864,134651727
4735,44717056,134628440,-1,-1
4736,-1,-1,1733414973030267136,109125858
4737,46622720,123901606,-1,-1
4738,-1,-1,1733414973058483968,128216604
4739,33932544,115716832,-1,-1
4740,-1,-1,1733414973089252352,180768556
4741,35880960,179951758,-1,-1
4742,-1,-1,1733414973059733504,20480826
4743,14020864,18646182,-1,-1
4744,-1,-1,1733414973119879680,160145746
4745,33336576,161068292,-1,-1
4746,-1,-1,1733414973113670400,43790771
4747,38751744,43171864,-1,-1
4748,-1,-1,1733414973136386048,122715330
4749,44773632,124768383,-1,-1
4750,-1,-1,1733414973197824256,111438155
4751,33076480,110081304,-1,-1
4752,-1,-1,1733414973204834048,207009635
4753,30830080,209222779,-1,-1
4754,-1,-1,1733414973225466368,70632277
4755,41777408,73830867,-1,-1
4756,-1,-1,1733414973268288512,92821960
4757,30777344,86780468,-1,-1
4758,-1,-1,1733414973262120704,43831971
4759,38907904,43950690,-1,-1
4760,-1,-1,1733414973285844736,123724007
4761,39770624,123606724,-1,-1
4762,-1,-1,1733414973346656000,110810920
4763,45518336,122741210,-1,-1
4764,-1,-1,1733414973341193472,94537406
4765,34537984,83420710,-1,-1
4766,-1,-1,1733414973330205952,39012285
4767,33896704,38338265,-1,-1
4768,-1,-1,1733414973393259008,113052828
4769,44797184,124672426,-1,-1
4770,-1,-1,1733414973411471616,168212656
4771,32650752,155318472,-1,-1
4772,-1,-1,1733414973392555520,31083457
4773,25158400,35212149,-1,-1
4774,-1,-1,1733414973447201792,104646243
4775,31054592,100939921,-1,-1
4776,-1,-1,1733414973423186944,25984809
4777,22646784,28519529,-1,-1
4778,-1,-1,1733414973473116928,99930295
4779,31478016,98548545,-1,-1
4780,-1,-1,1733414973446431744,23314280
4781,21954816,26459366,-1,-1
4782,-1,-1,1733414973497928448,101496756
4783,31896320,95700453,-1,-1
4784,-1,-1,1733414973471547392,23618567
4785,27103488,32072379,-1,-1
4786,-1,-1,1733414973518670336,97123039
4787,31972096,91736899,-1,-1
4788,-1,-1,1733414973504329216,35658439
4789,29779712,34789941,-1,-1
4790,-1,-1,1733414973550516736,96187512
4791,34536960,96538395,-1,-1
4792,-1,-1,1733414973533950976,33433890
4793,28856576,33196971,-1,-1
4794,-1,-1,1733414973587852288,103901422
4795,33894400,102769630,-1,-1
4796,-1,-1,1733414973555891200,18038564
4797,17012992,21998155,-1,-1
4798,-1,-1,1733414973604794880,98903582
4799,31879936,96737121,-1,-1
4800,-1,-1,1733414973632443136,27648265
4801,21939968,26939588,-1,-1
4802,-1,-1,1733414973623561984,91118540
4803,31091712,91022412,-1,-1
4804,-1,-1,1733414973637242368,63680024
4805,31059712,63734036,-1,-1
4806,-1,-1,1733414973627059968,39817772
4807,40855808,45797707,-1,-1
4808,-1,-1,1733414973690371072,113310711
4809,33175040,109035782,-1,-1
4810,-1,-1,1733414973725547520,135176294
4811,32918784,135398764,-1,-1
4812,-1,-1,1733414973757044992,131497471
4813,44726016,141543493,-1,-1
4814,-1,-1,1733414973778633216,121588103
4815,31734528,110612885,-1,-1
4816,-1,-1,1733414973783439616,154806303
4817,42710272,153815848,-1,-1
4818,-1,-1,1733414973847321600,113881747
4819,45847808,126862774,-1,-1
4820,-1,-1,1733414973877148416,129826443
4821,32865024,117748716,-1,-1
4822,-1,-1,1733414973917022208,139873829
4823,45766144,152493849,-1,-1
4824,-1,-1,1733414973944046592,127023969
4825,44825088,125702944,-1,-1
4826,-1,-1,1733414973970055424,126008730
4827,32794368,115763369,-1,-1
4828,-1,-1,1733414973996846848,126791175
4829,32894208,126768513,-1,-1
4830,-1,-1,1733414974026252544,129405599
4831,44798208,139640927,-1,-1
4832,-1,-1,1733414974067483648,241231267
4833,33794304,229319774,-1,-1
4834,-1,-1,1733414974093367552,125883653
4835,31902464,126699031,-1,-1
4836,-1,-1,1733414974158989824,165622204
4837,44868864,176563755,-1,-1
4838,-1,-1,1733414974183214848,124224684
4839,44769280,123649348,-1,-1
4840,-1,-1,1733414974205345792,122130776
4841,44740352,122761510,-1,-1
4842,-1,-1,1733414974197993984,142648035
4843,20818176,130671066,-1,-1
4844,-1,-1,1733414974235992832,37998605
4845,34055680,40118744,-1,-1
4846,-1,-1,1733414974250611200,114618171
4847,34936320,112595612,-1,-1
4848,-1,-1,1733414974224772352,24161247
4849,17684736,24305172,-1,-1
4850,-1,-1,1733414974247300608,122527912
4851,27622400,125317499,-1,-1
4852,-1,-1,1733414974300467200,103166484
4853,35115776,100937185,-1,-1
4854,-1,-1,1733414974281272064,30804795
4855,23710464,32839516,-1,-1
4856,-1,-1,1733414974330746880,99474590
4857,32887552,96688114,-1,-1
4858,-1,-1,1733414974303736576,22989535
4859,20996608,25984928,-1,-1
4860,-1,-1,1733414974356542976,152806281
4861,17172992,149561482,-1,-1
4862,-1,-1,1733414974382163968,125620779
4863,32906240,128880824,-1,-1
4864,-1,-1,1733414974431184896,99020646
4865,31395840,96205570,-1,-1
4866,-1,-1,1733414974412774912,31589968
4867,28452608,34369780,-1,-1
4868,-1,-1,1733414974476382976,163607755
4869,32920064,160764882,-1,-1
4870,-1,-1,1733414974504106752,77723618
4871,32882688,77706024,-1,-1
4872,-1,-1,1733414974477314816,23208041
4873,18069760,23069358,-1,-1
4874,-1,-1,1733414974495145472,67830466
4875,34852864,67738081,-1,-1
4876,-1,-1,1733414974558472192,113326441
4877,34474240,115075301,-1,-1
4878,-1,-1,1733414974591898112,133425960
4879,45851136,143491073,-1,-1
4880,-1,-1,1733414974614263040,122364910
4881,44874240,122767048,-1,-1
4882,-1,-1,1733414974604088832,139825867
4883,46801152,127655321,-1,-1
4884,-1,-1,1733414974628881664,124792119
4885,42598656,124849149,-1,-1
4886,-1,-1,1733414974688549632,109667758
4887,41564416,120788163,-1,-1
4888,-1,-1,1733414974663927552,75377637
4889,15065344,63990636,-1,-1
4890,-1,-1,1733414974700339200,36411752
4891,30957312,35759691,-1,-1
4892,-1,-1,1733414974738260992,137921520
4893,45078016,149716994,-1,-1
4894,-1,-1,1733414974765824000,177562833
4895,34503936,166834191,-1,-1
4896,-1,-1,1733414974739915776,24091666
4897,14427392,23904500,-1,-1
4898,-1,-1,1733414974821631232,181715423
4899,41714176,192518161,-1,-1
4900,-1,-1,1733414974808016384,136384741
4901,34100224,125916672,-1,-1
4902,-1,-1,1733414974877862912,119846568
4903,30888192,119525370,-1,-1
4904,-1,-1,1733414974914467328,186604087
4905,31575808,187306755,-1,-1
4906,-1,-1,1733414974895253504,30786223
4907,23240704,29060731,-1,-1
4908,-1,-1,1733414974904091904,108838289
4909,20075264,109076593,-1,-1
4910,-1,-1,1733414974964978176,110886008
4911,31872000,111539138,-1,-1
4912,-1,-1,1733414974954997248,40019088
4913,32786432,40098035,-1,-1
4914,-1,-1,1733414974984365312,129367840
4915,22763008,128433564,-1,-1
4916,-1,-1,1733414975019877120,35511450
4917,30959616,36050173,-1,-1
4918,-1,-1,1733414975013150464,143273071
4919,19892480,143683760,-1,-1
4920,-1,-1,1733414975086647808,173497120
4921,31827456,173557360,-1,-1
4922,-1,-1,1733414975068741120,32093422
4923,26358016,31926849,-1,-1
4924,-1,-1,1733414975125309952,156568572
4925,30846464,156739645,-1,-1
4926,-1,-1,1733414975112483584,37173430
4927,30485760,37501099,-1,-1
4928,-1,-1,1733414975158835456,146351909
4929,31380480,146500759,-1,-1
4930,-1,-1,1733414975138777344,29941662
4931,22584832,29237603,-1,-1
4932,-1,-1,1733414975163070720,124293121
4933,25174272,125188415,-1,-1
4934,-1,-1,1733414975213504512,100433466
4935,34260480,101830142,-1,-1
4936,-1,-1,1733414975235688960,122184428
4937,31030528,119516611,-1,-1
4938,-1,-1,1733414975204056832,18367754
4939,14368512,19344646,-1,-1
4940,-1,-1,1733414975280793088,126736025
4941,32849152,126214877,-1,-1
4942,-1,-1,1733414975291452416,110659003
4943,31978496,111884790,-1,-1
4944,-1,-1,1733414975268357632,26905420
4945,17338368,25741862,-1,-1
4946,-1,-1,1733414975321262848,152905016
4947,32752640,154649168,-1,-1
4948,-1,-1,1733414975348366080,127102951
4949,30761472,124758836,-1,-1
4950,-1,-1,1733414975397233408,148867283
4951,44799744,161676988,-1,-1
4952,-1,-1,1733414975397138944,199905220
4953,30619392,190502174,-1,-1
4954,-1,-1,1733414975409633280,62494103
4955,39938816,71865236,-1,-1
4956,-1,-1,1733414975435415296,125781818
4957,41087488,125775264,-1,-1
4958,-1,-1,1733414975485444864,50029392
4959,31004160,35930893,-1,-1
4960,-1,-1,1733414975502126336,116681353
4961,38437120,118671389,-1,-1
4962,-1,-1,1733414975516621824,164495510
4963,15347968,164434171,-1,-1
4964,-1,-1,1733414975554880768,38258598
4965,34804992,39927101,-1,-1
4966,-1,-1,1733414975594933504,140052657
4967,32727296,139763601,-1,-1
4968,-1,-1,1733414975575921408,130987506
4969,44734208,140679898,-1,-1
4970,-1,-1,1733414975640438528,114517307
4971,30769664,102762397,-1,-1
4972,-1,-1,1733414975612696832,22257856
4973,29363456,34979311,-1,-1
4974,-1,-1,1733414975638684160,125987391
4975,44718848,125647598,-1,-1
4976,-1,-1,1733414975686296832,47612402
4977,31769600,36865806,-1,-1
4978,-1,-1,1733414975700336896,114039810
4979,38957312,114448490,-1,-1
4980,-1,-1,1733414975687789568,87452446
4981,43918336,99213974,-1,-1
4982,-1,-1,1733414975738650368,100860728
4983,32885760,87732446,-1,-1
4984,-1,-1,1733414975723772160,35121114
4985,39840768,46826397,-1,-1
4986,-1,-1,1733414975796851968,123079962
4987,30862592,110897444,-1,-1
4988,-1,-1,1733414975813015552,116163480
4989,17357824,117101661,-1,-1
4990,-1,-1,1733414975848980992,35965147
4991,31684352,36320671,-1,-1
4992,-1,-1,1733414975893122048,194140780
4993,41944320,192934655,-1,-1
4994,-1,-1,1733414975903732992,60611031
4995,27754496,60790215,-1,-1
4996,-1,-1,1733414975950512640,96779335
4997,31732480,97578095,-1,-1
4998,-1,-1,1733414975929580800,29068184
4999,26944512,31205262,-1,-1
5000,-1,-1,1733414975981960704,102379574
5001,31808000,99612548,-1,-1
5002,-1,-1,1733414975958121472,26160965
5003,24039680,29165248,-1,-1
5004,-1,-1,1733414976023163136,165041124
5005,31216640,161962453,-1,-1
5006,-1,-1,1733414976016463360,43300108
5007,38887168,43454488,-1,-1
5008,-1,-1,1733414976057311232,90847676
5009,33307136,90978195,-1,-1
5010,-1,-1,1733414976047202048,39890748
5011,33190144,42793590,-1,-1
5012,-1,-1,1733414976089997568,92795300
5013,31477248,90439741,-1,-1
5014,-1,-1,1733414976084936704,44938861
5015,38890496,44293679,-1,-1
5016,-1,-1,1733414976120912128,85975309
5017,33063936,86336766,-1,-1
5018,-1,-1,1733414976110703616,39791473
5019,32190464,40630598,-1,-1
5020,-1,-1,1733414976157495552,96791634
5021,32822784,95640183,-1,-1
5022,-1,-1,1733414976196208896,38713233
5023,33881344,38867185,-1,-1
5024,-1,-1,1733414976207282432,211073507
5025,35672832,213718994,-1,-1
5026,-1,-1,1733414976267021312,109738551
5027,32672768,107069060,-1,-1
5028,-1,-1,1733414976241462272,24440952
5029,22395392,27095608,-1,-1
5030,-1,-1,1733414976307788288,116325568
5031,31514112,113867921,-1,-1
5032,-1,-1,1733414976320674048,62885747
5033,34501120,61508060,-1,-1
5034,-1,-1,1733414976300842240,30168045
5035,28876800,33776340,-1,-1
5036,-1,-1,1733414976340221184,89378909
5037,32507904,86731957,-1,-1
5038,-1,-1,1733414976376858880,36637469
5039,32109312,37190877,-1,-1
5040,-1,-1,1733414976397180928,120321847
5041,32166144,119935259,-1,-1
5042,-1,-1,1733414976460937728,263756611
5043,30985216,263279121,-1,-1
5044,-1,-1,1733414976484576256,123638440
5045,33532928,124228966,-1,-1
5046,-1,-1,1733414976516897792,132321289
5047,32759296,131832192,-1,-1
5048,-1,-1,1733414976555591680,38693746
5049,47155712,52964719,-1,-1
5050,-1,-1,1733414976635218176,229626140
5051,36829952,218613171,-1,-1
5052,-1,-1,1733414976618872320,133654224
5053,35950592,132731731,-1,-1
5054,-1,-1,1733414976688317440,169444918
5055,33249024,166926789,-1,-1
5056,-1,-1,1733414976675024896,36707277
5057,44045312,48683194,-1,-1
5058,-1,-1,1733414976750526976,175502204
5059,34893568,165456196,-1,-1
5060,-1,-1,1733414976727163136,26635825
5061,23881472,27873535,-1,-1
5062,-1,-1,1733414976792928256,115764924
5063,31147008,113000470,-1,-1
5064,-1,-1,1733414976780496896,37568514
5065,35491072,41349096,-1,-1
5066,-1,-1,1733414976849505024,119007993
5067,31055872,113179875,-1,-1
5068,-1,-1,1733414976821759488,22254258
5069,18743552,23827395,-1,-1
5070,-1,-1,1733414976872003328,100243850
5071,32444928,100814540,-1,-1
5072,-1,-1,1733414976849279232,27275626
5073,25084928,30007126,-1,-1
5074,-1,-1,1733414976899721472,100442282
5075,33202176,97996799,-1,-1
5076,-1,-1,1733414976872104960,22383176
5077,20057088,24722165,-1,-1
5078,-1,-1,1733414976923420672,101315471
5079,32013056,98839677,-1,-1
5080,-1,-1,1733414976896722688,23301654
5081,20087040,25936858,-1,-1
5082,-1,-1,1733414976937438720,140715688
5083,17024256,137660715,-1,-1
5084,-1,-1,1733414976953579264,66140499
5085,32645376,65741821,-1,-1
5086,-1,-1,1733414976991800064,88220539
5087,32801024,88838338,-1,-1
5088,-1,-1,1733414977028026880,36226529
5089,32857088,38017698,-1,-1
5090,-1,-1,1733414977023625984,145599284
5091,42758144,143674084,-1,-1
5092,-1,-1,1733414977034478848,110852485
5093,42883584,122884473,-1,-1
5094,-1,-1,1733414977063273216,128794422
5095,35932672,119889996,-1,-1
5096,-1,-1,1733414977105144064,41870671
5097,37615360,42556833,-1,-1
5098,-1,-1,1733414977104993792,99849348
5099,28284928,98048046,-1,-1
5100,-1,-1,1733414977107329792,52335553
5101,20930304,53024796,-1,-1
5102,-1,-1,1733414977154689024,97359271
5103,34159360,96485014,-1,-1
5104,-1,-1,1733414977137653248,32964090
5105,26790656,31137272,-1,-1
5106,-1,-1,1733414977193405184,105751940
5107,33899008,105979560,-1,-1
5108,-1,-1,1733414977175368192,31962223
5109,25887232,31950060,-1,-1
5110,-1,-1,1733414977220376832,95008722
5111,31145216,95025715,-1,-1
5112,-1,-1,1733414977204134656,33757570
5113,31904000,36644152,-1,-1
5114,-1,-1,1733414977250252288,96117445
5115,31053824,92894681,-1,-1
5116,-1,-1,1733414977222928384,22676037
5117,21401344,26340093,-1,-1
5118,-1,-1,1733414977281858048,108929422
5119,35357184,104343580,-1,-1
5120,-1,-1,1733414977253126400,21268094
5121,19830784,24847082,-1,-1
5122,-1,-1,1733414977294493440,141366794
5123,16799488,138728633,-1,-1
5124,-1,-1,1733414977330961664,36468015
5125,30493184,35660370,-1,-1
5126,-1,-1,1733414977346101504,115139633
5127,32123904,116411663,-1,-1
5128,-1,-1,1733414977334108928,38007479
5129,46897408,52623211,-1,-1
5130,-1,-1,1733414977390780672,156671533
5131,38074624,146072848,-1,-1
5132,-1,-1,1733414977372705280,31924409
5133,23704576,32179703,-1,-1
5134,-1,-1,1733414977439418624,166713007
5135,36264704,163135632,-1,-1
5136,-1,-1,1733414977427564544,38146001
5137,30984192,37075562,-1,-1
5138,-1,-1,1733414977436530176,108965301
5139,43936000,120832612,-1,-1
5140,-1,-1,1733414977495096576,158566386
5141,24691456,147009541,-1,-1
5142,-1,-1,1733414977496904448,51807638
5143,21887744,54582123,-1,-1
5144,-1,-1,1733414977547054848,100150495
5145,34224640,98193574,-1,-1
5146,-1,-1,1733414977523321600,26266378
5147,22981376,27636845,-1,-1
5148,-1,-1,1733414977579560448,106238823
5149,34486016,105505731,-1,-1
5150,-1,-1,1733414977552475904,22915185
5151,20343552,24979501,-1,-1
5152,-1,-1,1733414977608874496,106398501
5153,32599552,103733620,-1,-1
5154,-1,-1,1733414977588095744,29220955
5155,22529280,27943681,-1,-1
5156,-1,-1,1733414977635442176,147346361
5157,16380416,147269232,-1,-1
5158,-1,-1,1733414977682105344,146662862
5159,33113088,146875281,-1,-1
5160,-1,-1,1733414977678744576,96639191
5161,29333760,97025350,-1,-1
5162,-1,-1,1733414977739526144,160781309
5163,35474176,162759253,-1,-1
5164,-1,-1,1733414977716125440,26599443
5165,31391232,36405101,-1,-1
5166,-1,-1,1733414977764678912,98553139
5167,33488384,86513494,-1,-1
5168,-1,-1,1733414977752007936,37328886
5169,44009728,49421275,-1,-1
5170,-1,-1,1733414977823582720,121574662
5171,32895744,110700373,-1,-1
5172,-1,-1,1733414977853654272,130071235
5173,46994176,143864438,-1,-1
5174,-1,-1,1733414977886073344,132418621
5175,35782656,120803825,-1,-1
5176,-1,-1,1733414977922004992,135931235
5177,44923648,144671203,-1,-1
5178,-1,-1,1733414977960941568,138936494
5179,45426688,138560074,-1,-1
5180,-1,-1,1733414977935737600,124796152
5181,42278656,124027021,-1,-1
5182,-1,-1,1733414977966179072,130441290
5183,44942848,121863461,-1,-1
5184,-1,-1,1733414978005383680,89204194
5185,34116096,88922167,-1,-1
5186,-1,-1,1733414978025112064,119728230
5187,30756096,117592451,-1,-1
5188,-1,-1,1733414978022190848,47079036
5189,44818688,49899641,-1,-1
5190,-1,-1,1733414978056002304,83810751
5191,33424384,80436546,-1,-1
5192,-1,-1,1733414978075144192,69142102
5193,31495936,69965339,-1,-1
5194,-1,-1,1733414978083477760,58333342
5195,32921344,57453100,-1,-1
5196,-1,-1,1733414978081707008,48229194
5197,43462144,48691559,-1,-1
5198,-1,-1,1733414978143900672,112193214
5199,33993472,114088941,-1,-1
5200,-1,-1,1733414978174305792,130404965
5201,44939776,140656157,-1,-1
5202,-1,-1,1733414978196254464,171948906
5203,32938240,159643844,-1,-1
5204,-1,-1,1733414978171897600,25642501
5205,20820480,25872153,-1,-1
5206,-1,-1,1733414978217532928,95635408
5207,32056576,93987277,-1,-1
5208,-1,-1,1733414978188551936,21018626
5209,22932480,28889623,-1,-1
5210,-1,-1,1733414978239577088,101025290
5211,30961152,94898641,-1,-1
5212,-1,-1,1733414978210502400,20924931
5213,17997824,23907173,-1,-1
5214,-1,-1,1733414978264572928,104070525
5215,33894144,101773382,-1,-1
5216,-1,-1,1733414978237230080,22656853
5217,19446272,26460411,-1,-1
5218,-1,-1,1733414978290390528,103160527
5219,31255040,98639496,-1,-1
5220,-1,-1,1733414978269436928,29046206
5221,22321920,31085434,-1,-1
5222,-1,-1,1733414978330683392,111246440
5223,33928192,107342828,-1,-1
5224,-1,-1,1733414978305832960,25149166
5225,21855488,26919461,-1,-1
5226,-1,-1,1733414978349758720,93925640
5227,31249920,93147700,-1,-1
5228,-1,-1,1733414978329600000,29841182
5229,24816640,30563846,-1,-1
5230,-1,-1,1733414978376411904,96811708
5231,33414144,96000097,-1,-1
5232,-1,-1,1733414978349197568,22785461
5233,22810112,27738983,-1,-1
5234,-1,-1,1733414978401778688,102580967
5235,30879488,97947170,-1,-1
5236,-1,-1,1733414978386103808,34324991
5237,32980736,38009731,-1,-1
5238,-1,-1,1733414978444729600,108625651
5239,32895232,105639975,-1,-1
5240,-1,-1,1733414978416766976,22037111
5241,19965440,25070661,-1,-1
5242,-1,-1,1733414978475833856,159066776
5243,30822144,155594068,-1,-1
5244,-1,-1,1733414978472499968,46665999
5245,41780736,46845866,-1,-1
5246,-1,-1,1733414978502184960,129685001
5247,37516032,130330017,-1,-1
5248,-1,-1,1733414978546096896,93911538
5249,33235200,94009085,-1,-1
5250,-1,-1,1733414978563799552,67702671
5251,31193856,66435938,-1,-1
5252,-1,-1,1733414978545206272,31406503
5253,25896960,31700009,-1,-1
5254,-1,-1,1733414978589591552,94385302
5255,34457088,94810733,-1,-1
5256,-1,-1,1733414978562061824,22470094
5257,18897408,24934715,-1,-1
5258,-1,-1,1733414978615326720,103264664
5259,34669056,101031624,-1,-1
5260,-1,-1,1733414978592391424,27064467
5261,24913152,29740312,-1,-1
5262,-1,-1,1733414978643459328,101067760
5263,32141056,98971391,-1,-1
5264,-1,-1,1733414978624240128,30780793
5265,24034560,29894767,-1,-1
5266,-1,-1,1733414978671290112,97049850
5267,32546048,96385759,-1,-1
5268,-1,-1,1733414978644875520,23584940
5269,23981568,27308821,-1,-1
5270,-1,-1,1733414978696564992,101689629
5271,31945216,98829388,-1,-1
5272,-1,-1,1733414978674138112,27572579
5273,22074112,27021792,-1,-1
5274,-1,-1,1733414978709283072,135144918
5275,14774016,135460989,-1,-1
5276,-1,-1,1733414978745648640,36365365
5277,32008448,37199822,-1,-1
5278,-1,-1,1733414978776902656,131253925
5279,32775168,130518285,-1,-1
5280,-1,-1,1733414978813953024,37050207
5281,33229568,38326088,-1,-1
5282,-1,-1,1733414978810814208,146861113
5283,42554880,145309979,-1,-1
5284,-1,-1,1733414978821709568,60895031
5285,28698880,60855230,-1,-1
5286,-1,-1,1733414978866289920,94580258
5287,31092736,95073361,-1,-1
5288,-1,-1,1733414978876436480,60146317
5289,34542336,60328854,-1,-1
5290,-1,-1,1733414978867072000,40635558
5291,35565056,40143849,-1,-1
5292,-1,-1,1733414978927931904,110859781
5293,30797824,110722152,-1,-1
5294,-1,-1,1733414978974080256,146148174
5295,32859392,147863142,-1,-1
5296,-1,-1,1733414979001412096,127331516
5297,33166592,127022190,-1,-1
5298,-1,-1,1733414979061561088,260148803
5299,32872448,258301926,-1,-1
5300,-1,-1,1733414979057763072,96201819
5301,29918720,99707419,-1,-1
5302,-1,-1,1733414979103362816,95599949
5303,35061760,96366466,-1,-1
5304,-1,-1,1733414979084339200,30976014
5305,25983488,30427254,-1,-1
5306,-1,-1,1733414979137321472,102982019
5307,32354304,99606656,-1,-1
5308,-1,-1,1733414979121976832,34655184
5309,32904704,38071717,-1,-1
5310,-1,-1,1733414979167831552,95854793
5311,31262720,93087173,-1,-1
5312,-1,-1,1733414979156952576,39120736
5313,36842752,41493482,-1,-1
5314,-1,-1,1733414979220520448,163567657
5315,34174208,161067826,-1,-1
5316,-1,-1,1733414979208414720,37894320
5317,34164224,40527739,-1,-1
5318,-1,-1,1733414979275257856,116842768
5319,37901056,117813435,-1,-1
5320,-1,-1,1733414979273742336,148484575
5321,44557568,144613570,-1,-1
5322,-1,-1,1733414979297442048,123699594
5323,42881792,123755421,-1,-1
5324,-1,-1,1733414979375143936,127701565
5325,33639936,129346140,-1,-1
5326,-1,-1,1733414979415016192,139872271
5327,44920064,150070461,-1,-1
5328,-1,-1,1733414979400487680,135470993
5329,41750528,123539941,-1,-1
5330,-1,-1,1733414979431115776,130628101
5331,39829760,130700953,-1,-1
5332,-1,-1,1733414979454891520,123775436
5333,42646272,123578964,-1,-1
5334,-1,-1,1733414979536510720,131619129
5335,44676352,134911720,-1,-1
5336,-1,-1,1733414979544148736,157637852
5337,34085632,156754562,-1,-1
5338,-1,-1,1733414979521588736,27440048
5339,23625216,28919527,-1,-1
5340,-1,-1,1733414979568873472,97284511
5341,34114816,93636851,-1,-1
5342,-1,-1,1733414979545102592,26228916
5343,23907328,28885502,-1,-1
5344,-1,-1,1733414979594654720,99551940
5345,36338176,98816495,-1,-1
5346,-1,-1,1733414979577835776,33180922
5347,26836736,33901815,-1,-1
5348,-1,-1,1733414979644660736,116824619
5349,31564544,113436254,-1,-1
5350,-1,-1,1733414979617307136,22646546
5351,19035648,24477133,-1,-1
5352,-1,-1,1733414979668575488,101268103
5353,33843456,101050597,-1,-1
5354,-1,-1,1733414979643836416,25261160
5355,18000896,23547911,-1,-1
5356,-1,-1,1733414979697269504,103432589
5357,31967488,104832465,-1,-1
5358,-1,-1,1733414979669795584,22525970
5359,20143872,25038518,-1,-1
5360,-1,-1,1733414979722885632,103089700
5361,31447296,100188436,-1,-1
5362,-1,-1,1733414979709350144,36464511
5363,31022592,39649506,-1,-1
5364,-1,-1,1733414979743142912,133792604
5365,14762240,130461419,-1,-1
5366,-1,-1,1733414979782098688,38955731
5367,34319872,39370472,-1,-1
5368,-1,-1,1733414979762635520,130536558
5369,42871808,141445048,-1,-1
5370,-1,-1,1733414979783884800,121249151
5371,43573504,122696804,-1,-1
5372,-1,-1,1733414979853138432,119253329
5373,31818496,106739586,-1,-1
5374,-1,-1,1733414979865339648,112201096
5375,32812800,111794724,-1,-1
5376,-1,-1,1733414979855293696,39953885
5377,34828800,39833131,-1,-1
5378,-1,-1,1733414979878954496,123660607
5379,43747840,123814569,-1,-1
5380,-1,-1,1733414979948953600,119999151
5381,37698048,126593478,-1,-1
5382,-1,-1,1733414979943480320,44526404
5383,32439808,38749956,-1,-1
5384,-1,-1,1733414979978350592,134869993
5385,30988800,134247770,-1,-1
5386,-1,-1,1733414979949528320,21177854
5387,18878464,24262169,-1,-1
5388,-1,-1,1733414979985240320,135711911
5389,14896384,132278120,-1,-1
5390,-1,-1,1733414980021893632,36653062
5391,31949312,37033243,-1,-1
5392,-1,-1,1733414980021715712,149821923
5393,43833856,151706597,-1,-1
5394,-1,-1,1733414980060480256,88764402
5395,32842496,86832087,-1,-1
5396,-1,-1,1733414980052468224,41987553
5397,38960128,43983627,-1,-1
5398,-1,-1,1733414980088225792,135757561
5399,42958848,133607772,-1,-1
5400,-1,-1,1733414980096362496,108136677
5401,42955008,119869554,-1,-1
5402,-1,-1,1733414980126455808,130093132
5403,40176896,129866560,-1,-1
5404,-1,-1,1733414980176587008,150130883
5405,42782720,139595298,-1,-1
5406,-1,-1,1733414980202379520,125792395
5407,31809792,124766954,-1,-1
5408,-1,-1,1733414980224076288,121696591
5409,42689792,121721215,-1,-1
5410,-1,-1,1733414980261138944,37062380
5411,32763648,38854020,-1,-1
5412,-1,-1,1733414980239136000,27997220
5413,18904576,27151988,-1,-1
5414,-1,-1,1733414980287700224,98563770
5415,32871424,98834316,-1,-1
5416,-1,-1,1733414980262962944,25262536
5417,20014592,25015708,-1,-1
5418,-1,-1,1733414980291524096,128561244
5419,14737664,127693875,-1,-1
5420,-1,-1,1733414980330576128,39052015
5421,44938752,49977755,-1,-1
5422,-1,-1,1733414980364099328,133523029
5423,34159872,124970342,-1,-1
5424,-1,-1,1733414980396014592,181914999
5425,40549888,180516943,-1,-1
5426,-1,-1,1733414980419274752,123259883
5427,32188416,121762341,-1,-1
5428,-1,-1,1733414980451648768,132373879
5429,31982848,131525807,-1,-1
5430,-1,-1,1733414980420815104,19166371
5431,18134272,23035208,-1,-1
5432,-1,-1,1733414980472881152,102065551
5433,30889472,99644006,-1,-1
5434,-1,-1,1733414980492785152,69904045
5435,33896448,72858577,-1,-1
5436,-1,-1,1733414980529310720,236525336
5437,17786112,233475723,-1,-1
5438,-1,-1,1733414980584081664,204770633
5439,39826176,204683431,-1,-1
5440,-1,-1,1733414980596308480,62226767
5441,26554112,62332888,-1,-1
5442,-1,-1,1733414980650445824,104137081
5443,34111744,105473876,-1,-1
5444,-1,-1,1733414980621701888,21255988
5445,14967040,20860784,-1,-1
5446,-1,-1,1733414980671485696,99783552
5447,31213568,99005174,-1,-1
5448,-1,-1,1733414980652340992,30855354
5449,28908800,33685227,-1,-1
5450,-1,-1,1733414980697800960,95459719
5451,31526144,91363910,-1,-1
5452,-1,-1,1733414980669039872,21238919
5453,19898624,25386516,-1,-1
5454,-1,-1,1733414980720054528,101014319
5455,31007488,97827668,-1,-1
5456,-1,-1,1733414980694393088,24338357
5457,20910336,26908190,-1,-1
5458,-1,-1,1733414980748319232,103926052
5459,34267136,101230009,-1,-1
5460,-1,-1,1733414980724660480,26341181
5461,19628288,26365335,-1,-1
5462,-1,-1,1733414980784506880,159846353
5463,30869760,159726991,-1,-1
5464,-1,-1,1733414980809302016,124794815
5465,34375168,125758667,-1,-1
5466,-1,-1,1733414980790941952,31639791
5467,24489216,31017786,-1,-1
5468,-1,-1,1733414980835689216,94747109
5469,33692416,95574135,-1,-1
5470,-1,-1,1733414980823671040,37981438
5471,31989248,37156121,-1,-1
5472,-1,-1,1733414980838641152,114969847
5473,41905408,126659753,-1,-1
5474,-1,-1,1733414980871172096,132530988
5475,38888704,122752320,-1,-1
5476,-1,-1,1733414980912308736,41136266
5477,33371136,38344859,-1,-1
5478,-1,-1,1733414980938518016,126209081
5479,36833024,127193958,-1,-1
5480,-1,-1,1733414980952512768,113994792
5481,34107648,117046054,-1,-1
5482,-1,-1,1733414980932115968,29603135
5483,24928000,29686448,-1,-1
5484,-1,-1,1733414981000615168,118499102
5485,35292416,114637351,-1,-1
5486,-1,-1,1733414980973547776,22932178
5487,20912896,25081054,-1,-1
5488,-1,-1,1733414981024915456,101367633
5489,31045376,99877584,-1,-1
5490,-1,-1,1733414981008656384,33740610
5491,26481152,32795422,-1,-1
5492,-1,-1,1733414981054498048,145841477
5493,14910976,146716586,-1,-1
5494,-1,-1,1733414981091348224,36850128
5495,32561408,37627469,-1,-1
5496,-1,-1,1733414981091879680,150531235
5497,45349376,149561835,-1,-1
5498,-1,-1,1733414981149878272,107998646
5499,31874304,109260819,-1,-1
5500,-1,-1,1733414981186603776,136725316
5501,31684864,136958728,-1,-1
5502,-1,-1,1733414981171423744,134819654
5503,44718080,146639081,-1,-1
5504,-1,-1,1733414981225404928,103981079
5505,33167616,90064142,-1,-1
5506,-1,-1,1733414981214173952,38768851
5507,36846080,42531495,-1,-1
5508,-1,-1,1733414981286645504,122471261
5509,33094400,121010185,-1,-1
5510,-1,-1,1733414981325616128,138970381
5511,31193600,137852058,-1,-1
5512,-1,-1,1733414981363503360,137886991
5513,44915712,149501661,-1,-1
5514,-1,-1,1733414981343188992,129685607
5515,42849024,126719418,-1,-1
5516,-1,-1,1733414981379003648,135814224
5517,40433152,129611331,-1,-1
5518,-1,-1,1733414981447700480,118696934
5519,47419648,130694832,-1,-1
5520,-1,-1,1733414981445281792,97580999
5521,32853248,82883624,-1,-1
5522,-1,-1,1733414981483736832,38454658
5523,32712192,38025197,-1,-1
5524,-1,-1,1733414981511218432,127481724
5525,32796160,129670416,-1,-1
5526,-1,-1,1733414981549189376,137970948
5527,32472064,137403246,-1,-1
5528,-1,-1,1733414981565603328,166413533
5529,40758784,164952802,-1,-1
5530,-1,-1,1733414981571603712,56000213
5531,26886656,58966547,-1,-1
5532,-1,-1,1733414981621582592,99978866
5533,31451648,96314726,-1,-1
5534,-1,-1,1733414981609698048,38115321
5535,36718336,41429989,-1,-1
5536,-1,-1,1733414981662818560,153120101
5537,33949952,150692646,-1,-1
5538,-1,-1,1733414981654735616,41916949
5539,34115328,41813091,-1,-1
5540,-1,-1,1733414981711950592,107214900
5541,41992448,117996751,-1,-1
5542,-1,-1,1733414981713440512,201489826
5543,28752384,193546212,-1,-1
5544,-1,-1,1733414981732761856,69320846
5545,30738944,66634840,-1,-1
5546,-1,-1,1733414981792357376,109595456
5547,34376704,109760719,-1,-1
5548,-1,-1,1733414981794660864,52303206
5549,32222720,51871363,-1,-1
5550,-1,-1,1733414981793101824,198440872
5551,39983616,201774424,-1,-1
5552,-1,-1,1733414981804947712,111845959
5553,43103488,120648446,-1,-1
5554,-1,-1,1733414981855651328,100703543
5555,31812352,88685307,-1,-1
5556,-1,-1,1733414981831197440,25546065
5557,30936320,36044621,-1,-1
5558,-1,-1,1733414981861499648,130301929
5559,42780672,121670894,-1,-1
5560,-1,-1,1733414981867603712,106103931
5561,40981760,116939774,-1,-1
5562,-1,-1,1733414981901833984,134230370
5563,44663040,121558683,-1,-1
5564,-1,-1,1733414981968543232,116708731
5565,44935680,127956536,-1,-1
5566,-1,-1,1733414981967773696,49230297
5567,31204352,38197403,-1,-1
5568,-1,-1,1733414981971097856,153324051
5569,14760960,153229669,-1,-1
5570,-1,-1,1733414982007217408,36119217
5571,31014656,36076660,-1,-1
5572,-1,-1,1733414982001855744,144638494
5573,38717952,147533225,-1,-1
5574,-1,-1,1733414982034564608,132708590
5575,38746112,129708856,-1,-1
5576,-1,-1,1733414982037340928,102776044
5577,39887104,114896076,-1,-1
5578,-1,-1,1733414982087091712,49750823
5579,34264064,39221590,-1,-1
5580,-1,-1,1733414982105012736,117920846
5581,31902464,116399802,-1,-1
5582,-1,-1,1733414982125733888,120720924
5583,37169664,120862750,-1,-1
5584,-1,-1,1733414982107460608,81726531
5585,42933248,91791083,-1,-1
5586,-1,-1,1733414982157613568,100152640
5587,33345280,90245168,-1,-1
5588,-1,-1,1733414982136503040,28889510
5589,35924480,40487819,-1,-1
5590,-1,-1,1733414982169043968,132540838
5591,40768512,124604177,-1,-1
5592,-1,-1,1733414982213018112,43973843
5593,35866112,40961921,-1,-1
5594,-1,-1,1733414982218356736,105338608
5595,34981888,104861277,-1,-1
5596,-1,-1,1733414982222693888,54336621
5597,33911552,55063605,-1,-1
5598,-1,-1,1733414982206698240,34004234
5599,29823744,35659597,-1,-1
5600,-1,-1,1733414982230334208,123635745
5601,35791360,120708046,-1,-1
5602,-1,-1,1733414982266361856,36027587
5603,35204096,40287454,-1,-1
5604,-1,-1,1733414982276070144,109708038
5605,31012608,105550345,-1,-1
5606,-1,-1,1733414982245230080,19159832
5607,17903616,22895959,-1,-1
5608,-1,-1,1733414982301879296,106648912
5609,35331840,106174721,-1,-1
5610,-1,-1,1733414982274707968,22828530
5611,14539776,19505752,-1,-1
5612,-1,-1,1733414982344547072,119839025
5613,35269376,123374368,-1,-1
5614,-1,-1,1733414982324178944,129631493
5615,32766720,129150291,-1,-1
5616,-1,-1,1733414982371859968,97681012
5617,32595712,95470760,-1,-1
5618,-1,-1,1733414982346872832,25012597
5619,14552064,24060489,-1,-1
5620,-1,-1,1733414982366837760,119964806
5621,35905280,122890777,-1,-1
5622,-1,-1,1733414982413927168,97089284
5623,33400576,94731996,-1,-1
5624,-1,-1,1733414982390355200,26427921
5625,15970816,25897897,-1,-1
5626,-1,-1,1733414982417908224,177552922
5627,34461696,180532945,-1,-1
5628,-1,-1,1733414982430819072,112910556
5629,40607488,113725957,-1,-1
5630,-1,-1,1733414982471800576,40981480
5631,31848448,37032511,-1,-1
5632,-1,-1,1733414982485440512,113639684
5633,30882816,113786869,-1,-1
5634,-1,-1,1733414982490672640,55231985
5635,31105792,55303550,-1,-1
5636,-1,-1,1733414982485067264,44394521
5637,38725120,44309353,-1,-1
5638,-1,-1,1733414982504785408,119717888
5639,44821760,119824661,-1,-1
5640,-1,-1,1733414982518559232,113773788
5641,41742592,116679461,-1,-1
5642,-1,-1,1733414982569221632,150662139
5643,34346240,146711195,-1,-1
5644,-1,-1,1733414982569652992,50431100
5645,34773760,52827419,-1,-1
5646,-1,-1,1733414982563891200,94238178
5647,14421760,92929542,-1,-1
5648,-1,-1,1733414982602738688,88847446
5649,33862656,89753335,-1,-1
5650,-1,-1,1733414982572700416,19961491
5651,16883456,22032866,-1,-1
5652,-1,-1,1733414982625348352,102647692
5653,31239936,97097839,-1,-1
5654,-1,-1,1733414982595480320,20131850
5655,21013760,25645937,-1,-1
5656,-1,-1,1733414982613313792,67833553
5657,32812544,64804460,-1,-1
5658,-1,-1,1733414982627278848,113964853
5659,42949120,116888245,-1,-1
5660,-1,-1,1733414982670910976,93631748
5661,33461760,91260653,-1,-1
5662,-1,-1,1733414982655775744,34864647
5663,32812288,37364353,-1,-1
5664,-1,-1,1733414982723507456,117731423
5665,33467904,116892405,-1,-1
5666,-1,-1,1733414982723648768,50141430
5667,31010048,47786613,-1,-1
5668,-1,-1,1733414982742298880,118649822
5669,33352960,119112726,-1,-1
5670,-1,-1,1733414982731344128,39044863
5671,36161280,41791642,-1,-1
5672,-1,-1,1733414982782546944,101202913
5673,30998016,96569415,-1,-1
5674,-1,-1,1733414982753653760,21106495
5675,16669696,21831985,-1,-1
5676,-1,-1,1733414982804643328,100989426
5677,33948416,101868168,-1,-1
5678,-1,-1,1733414982780504832,25861257
5679,18648576,25818435,-1,-1
5680,-1,-1,1733414982871115264,190610607
5681,47855360,195728140,-1,-1
5682,-1,-1,1733414982869684736,198568964
5683,15882496,193550950,-1,-1
5684,-1,-1,1733414982910635520,140950646
5685,32966656,140811298,-1,-1
5686,-1,-1,1733414982902393856,41758496
5687,36762624,42654121,-1,-1
5688,-1,-1,1733414982951206400,148812207
5689,40342528,150357588,-1,-1
5690,-1,-1,1733414982972112128,120905469
5691,31223296,118452771,-1,-1
5692,-1,-1,1733414982946962176,24849811
5693,21944576,27724277,-1,-1
5694,-1,-1,1733414982999456512,102494574
5695,31095552,99899571,-1,-1
5696,-1,-1,1733414982984070656,34613606
5697,29545984,35613140,-1,-1
5698,-1,-1,1733414983035618048,101547472
5699,33863424,99761832,-1,-1
5700,-1,-1,1733414983009954048,24335713
5701,15376896,24986663,-1,-1
5702,-1,-1,1733414983081218048,171263549
5703,34984960,174481349,-1,-1
5704,-1,-1,1733414983104292352,173074214
5705,31904768,170691597,-1,-1
5706,-1,-1,1733414983081227520,26934818
5707,14504192,25937475,-1,-1
5708,-1,-1,1733414983127557376,196329828
5709,44183040,196481761,-1,-1
5710,-1,-1,1733414983146371840,118814262
5711,41790208,118722894,-1,-1
5712,-1,-1,1733414983166137856,119766066
5713,43896576,121850098,-1,-1
5714,-1,-1,1733414983209149696,143011655
5715,38705664,142079691,-1,-1
5716,-1,-1,1733414983204618496,95468607
5717,39767040,94297169,-1,-1
5718,-1,-1,1733414983208541952,53922932
5719,21734912,53859570,-1,-1
5720,-1,-1,1733414983261442560,102900606
5721,34926592,103934263,-1,-1
5722,-1,-1,1733414983268492544,57049737
5723,31817216,56844123,-1,-1
5724,-1,-1,1733414983265077504,46584804
5725,39971840,45927791,-1,-1
5726,-1,-1,1733414983286746368,121668976
5727,44615424,121552530,-1,-1
5728,-1,-1,1733414983329048576,92301648
5729,32268032,93292436,-1,-1
5730,-1,-1,1733414983362525184,33476469
5731,29800960,35521955,-1,-1
5732,-1,-1,1733414983366330112,153804737
5733,31883520,147666641,-1,-1
5734,-1,-1,1733414983332529152,16198990
5735,17029376,22027714,-1,-1
5736,-1,-1,1733414983386945024,104415650
5737,33934080,101769549,-1,-1
5738,-1,-1,1733414983359827968,22882836
5739,15203840,22807898,-1,-1
5740,-1,-1,1733414983385444352,125616162
5741,34499072,125696780,-1,-1
5742,-1,-1,1733414983448731648,113287505
5743,31825408,112753948,-1,-1
5744,-1,-1,1733414983422256384,23523898
5745,16023552,24017214,-1,-1
5746,-1,-1,1733414983481682688,159426046
5747,33710848,159515839,-1,-1
5748,-1,-1,1733414983468877312,37194528
5749,31797504,37070150,-1,-1
5750,-1,-1,1733414983509229056,90351574
5751,34576896,93635115,-1,-1
5752,-1,-1,1733414983549627392,40398163
5753,31785728,37097195,-1,-1
5754,-1,-1,1733414983541285376,141657766
5755,30878720,140806264,-1,-1
5756,-1,-1,1733414983522228480,30942964
5757,26806528,31841427,-1,-1
5758,-1,-1,1733414983565102080,92873462
5759,34524672,92477283,-1,-1
5760,-1,-1,1733414983535364352,20262067
5761,18907136,23375882,-1,-1
5762,-1,-1,1733414983585101824,99737433
5763,32090880,96040761,-1,-1
5764,-1,-1,1733414983557677824,22575846
5765,20989952,25851651,-1,-1
5766,-1,-1,1733414983616449024,158770754
5767,33664256,157993568,-1,-1
5768,-1,-1,1733414983605505536,39056453
5769,31506432,37517388,-1,-1
5770,-1,-1,1733414983671804160,116298616
5771,45913600,130839160,-1,-1
5772,-1,-1,1733414983688286464,166482152
5773,32925696,149641781,-1,-1
5774,-1,-1,1733414983662785792,24499056
5775,17845504,26900331,-1,-1
5776,-1,-1,1733414983703698944,140913025
5777,33922816,141844135,-1,-1
5778,-1,-1,1733414983686466816,32767801
5779,30348032,34795657,-1,-1
5780,-1,-1,1733414983697769472,111302528
5781,43779328,119810363,-1,-1
5782,-1,-1,1733414983747233536,49463818
5783,32362240,37440158,-1,-1
5784,-1,-1,1733414983755051776,107818057
5785,35039232,110425520,-1,-1
5786,-1,-1,1733414983761832448,56780652
5787,31254016,55095416,-1,-1
5788,-1,-1,1733414983763816704,51983887
5789,46886400,51641053,-1,-1
5790,-1,-1,1733414983827642880,113826162
5791,47846912,127730022,-1,-1
5792,-1,-1,1733414983809570048,181927233
5793,32850944,173796295,-1,-1
5794,-1,-1,1733414983861466880,101896507
5795,36613888,99423497,-1,-1
5796,-1,-1,1733414983860102400,48635684
5797,34937088,45352436,-1,-1
5798,-1,-1,1733414983855938048,145835016
5799,41786880,148712225,-1,-1
5800,-1,-1,1733414983919179008,113241071
5801,49805312,124838153,-1,-1
5802,-1,-1,1733414983917452800,248273331
5803,45665280,233551823,-1,-1
5804,-1,-1,1733414983933148416,115695478
5805,41325568,115716178,-1,-1
5806,-1,-1,1733414983995060992,111912637
5807,48932864,125984726,-1,-1
5808,-1,-1,1733414983994920960,99859703
5809,32008192,86897974,-1,-1
5810,-1,-1,1733414983992776448,47855289
5811,41905152,46903328,-1,-1
5812,-1,-1,1733414984033500672,140724288
5813,33828864,140648060,-1,-1
5814,-1,-1,1733414984009354752,25853983
5815,15617536,24966797,-1,-1
5816,-1,-1,1733414984052160256,142805716
5817,33586944,144446879,-1,-1
5818,-1,-1,1733414984044032768,41871923
5819,35812608,41194645,-1,-1
5820,-1,-1,1733414984089968896,145935873
5821,32735488,146650375,-1,-1
5822,-1,-1,1733414984066878208,26909159
5823,20501760,26146147,-1,-1
5824,-1,-1,1733414984111141632,94263100
5825,30911488,93775037,-1,-1
5826,-1,-1,1733414984086505216,25363679
5827,16261632,25862328,-1,-1
5828,-1,-1,1733414984119203328,182697735
5829,44697856,182653166,-1,-1
5830,-1,-1,1733414984169014528,149811168
5831,33988096,149957239,-1,-1
5832,-1,-1,1733414984144155904,25141394
5833,19909376,24787627,-1,-1
5834,-1,-1,1733414984189124608,94968410
5835,30798336,94758363,-1,-1
5836,-1,-1,1733414984160101632,20977057
5837,19027968,24097346,-1,-1
5838,-1,-1,1733414984225700352,65598272
5839,38779648,70893590,-1,-1
5840,-1,-1,1733414984241582848,165882430
5841,31123456,157811766,-1,-1
5842,-1,-1,1733414984217216768,25633859
5843,23328512,29085691,-1,-1
5844,-1,-1,1733414984266286848,99069819
5845,31047680,95596055,-1,-1
5846,-1,-1,1733414984252175616,35888774
5847,32897280,38769271,-1,-1
5848,-1,-1,1733414984304641792,102465883
5849,34329856,99754028,-1,-1
5850,-1,-1,1733414984279653376,25011872
5851,17936384,24988897,-1,-1
5852,-1,-1,1733414984329669888,150015898
5853,36199936,153438198,-1,-1
5854,-1,-1,1733414984315323392,35653338
5855,28823296,32185396,-1,-1
5856,-1,-1,1733414984346253824,80930318
5857,34223872,82594054,-1,-1
5858,-1,-1,1733414984386034688,89780637
5859,31889408,89106612,-1,-1
5860,-1,-1,1733414984399881984,63847239
5861,30897408,63000116,-1,-1
5862,-1,-1,1733414984447894272,48012083
5863,42795776,47802539,-1,-1
5864,-1,-1,1733414984416601088,118706616
5865,42769408,118733502,-1,-1
5866,-1,-1,1733414984473380864,106779732
5867,32849408,108793555,-1,-1
5868,-1,-1,1733414984492283648,168902572
5869,31144192,167026528,-1,-1
5870,-1,-1,1733414984476690944,34407191
5871,32047616,36804630,-1,-1
5872,-1,-1,1733414984527856640,151165551
5873,33359360,149038117,-1,-1
5874,-1,-1,1733414984515595008,37738205
5875,32713728,37445348,-1,-1
5876,-1,-1,1733414984525493760,109898543
5877,41533184,121809521,-1,-1
5878,-1,-1,1733414984594342400,118848632
5879,30998016,107018988,-1,-1
5880,-1,-1,1733414984626951424,182608590
5881,33345536,182458764,-1,-1
5882,-1,-1,1733414984598008832,21057357
5883,18998016,24027110,-1,-1
5884,-1,-1,1733414984647820288,99811302
5885,37824768,99702995,-1,-1
5886,-1,-1,1733414984621602048,23781680
5887,16832768,21021317,-1,-1
5888,-1,-1,1733414984660308480,138706317
5889,31836416,137793573,-1,-1
5890,-1,-1,1733414984696549888,36241309
5891,42063616,47048896,-1,-1
5892,-1,-1,1733414984681119232,134569011
5893,42566400,124575225,-1,-1
5894,-1,-1,1733414984697909760,116790397
5895,32705536,116774576,-1,-1
5896,-1,-1,1733414984754010880,106100840
5897,45647872,120847436,-1,-1
5898,-1,-1,1733414984782778624,178767645
5899,31347968,164077399,-1,-1
5900,-1,-1,1733414984761825792,29047145
5901,24459776,29008856,-1,-1
5902,-1,-1,1733414984831104256,119278280
5903,31982336,120373196,-1,-1
5904,-1,-1,1733414984851137536,120033023
5905,32089088,116726295,-1,-1
5906,-1,-1,1733414984823041536,21904214
5907,21894912,26808326,-1,-1
5908,-1,-1,1733414984872268032,99225920
5909,31984640,96962417,-1,-1
5910,-1,-1,1733414984844625408,22357303
5911,16567040,21753093,-1,-1
5912,-1,-1,1733414984886916096,92290520
5913,31007488,92010307,-1,-1
5914,-1,-1,1733414984858454016,21537930
5915,20028160,24899656,-1,-1
5916,-1,-1,1733414984910896128,102441500
5917,32939008,98658480,-1,-1
5918,-1,-1,1733414984883879936,22983917
5919,15768576,23858662,-1,-1
5920,-1,-1,1733414984920535040,186654802
5921,39756032,186595507,-1,-1
5922,-1,-1,1733414984949329920,128794860
5923,41893632,131841981,-1,-1
5924,-1,-1,1733414984989022976,139692818
5925,43850752,136754645,-1,-1
5926,-1,-1,1733414984990945536,51922678
5927,21847552,53856855,-1,-1
5928,-1,-1,1733414985039882496,98936619
5929,33559040,95963019,-1,-1
5930,-1,-1,1733414985014811904,24929446
5931,23011584,29823232,-1,-1
5932,-1,-1,1733414985071208192,156395982
5933,32775168,152553517,-1,-1
5934,-1,-1,1733414985109265664,38057413
5935,44954880,50150581,-1,-1
5936,-1,-1,1733414985089980928,130714727
5937,41955840,121736753,-1,-1
5938,-1,-1,1733414985152358144,112377225
5939,33211904,110006156,-1,-1
5940,-1,-1,1733414985180204544,127846116
5941,34854400,130503606,-1,-1
5942,-1,-1,1733414985209648128,129443381
5943,33406464,127812691,-1,-1
5944,-1,-1,1733414985199660032,140011696
5945,41774592,137632588,-1,-1
5946,-1,-1,1733414985210040576,110380324
5947,38800640,122768093,-1,-1
5948,-1,-1,1733414985258845440,48804885
5949,33676032,38742244,-1,-1
5950,-1,-1,1733414985272474368,113628681
5951,39372288,112977588,-1,-1
5952,-1,-1,1733414985300601856,178127368
5953,32877568,176594661,-1,-1
5954,-1,-1,1733414985294131712,43529770
5955,34860544,44015644,-1,-1
5956,-1,-1,1733414985312856576,118724717
5957,40772096,118637685,-1,-1
5958,-1,-1,1733414985321523968,108667258
5959,38940416,119903230,-1,-1
5960,-1,-1,1733414985375529216,104005177
5961,34068736,94003543,-1,-1
5962,-1,-1,1733414985377433856,51904244
5963,47809280,52649930,-1,-1
5964,-1,-1,1733414985387673600,110239796
5965,41924608,119848373,-1,-1
5966,-1,-1,1733414985458865408,121191649
5967,31587584,110379996,-1,-1
5968,-1,-1,1733414985475517696,216652133
5969,14691328,216014350,-1,-1
5970,-1,-1,1733414985492403712,166885759
5971,38787584,169688858,-1,-1
5972,-1,-1,1733414985506232320,113828361
5973,40769792,113733290,-1,-1
5974,-1,-1,1733414985528003584,121771087
5975,42695680,118901146,-1,-1
5976,-1,-1,1733414985565405184,37401381
5977,32476928,37544874,-1,-1
5978,-1,-1,1733414985559662848,44257555
5979,35565312,44036661,-1,-1
5980,-1,-1,1733414985582231296,122568471
5981,32832512,122079997,-1,-1
5982,-1,-1,1733414985571411712,89180293
5983,24744192,92976813,-1,-1
5984,-1,-1,1733414985621094912,99682863
5985,31011072,95801043,-1,-1
5986,-1,-1,1733414985591085312,19990467
5987,17908224,22905429,-1,-1
5988,-1,-1,1733414985642285568,101199983
5989,32028928,97985812,-1,-1
5990,-1,-1,1733414985613151232,20865487
5991,19018752,24721395,-1,-1
5992,-1,-1,1733414985657123584,93972052
5993,32809728,92310016,-1,-1
5994,-1,-1,1733414985634960640,27837066
5995,24056576,29640379,-1,-1
5996,-1,-1,1733414985680312064,95351050
5997,33972480,92905309,-1,-1
5998,-1,-1,1733414985662922496,32610539
5999,30736128,34794205,-1,-1
6000,-1,-1,1733414985677412608,114489896
6001,30872064,111864544,-1,-1
6002,-1,-1,1733414985725078272,97665651
6003,31181056,97036970,-1,-1
6004,-1,-1,1733414985708168704,33090088
6005,28455680,33663478,-1,-1
6006,-1,-1,1733414985772394240,114225229
6007,31742208,114650842,-1,-1
6008,-1,-1,1733414985743312896,20918450
6009,18611968,23249626,-1,-1
6010,-1,-1,1733414985792850944,99537913
6011,31054080,95823125,-1,-1
6012,-1,-1,1733414985762805760,19954679
6013,18976256,23786336,-1,-1
6014,-1,-1,1733414985815401472,102595314
6015,32588544,100477934,-1,-1
6016,-1,-1,1733414985794798080,29396884
6017,26850304,31155698,-1,-1
6018,-1,-1,1733414985849236480,104437777
6019,32999680,101888285,-1,-1
6020,-1,-1,1733414985830077184,30840503
6021,25815040,30861897,-1,-1
6022,-1,-1,1733414985874537216,144459997
6023,31535360,143494252,-1,-1
6024,-1,-1,1733414985912762112,38224782
6025,45403648,51202150,-1,-1
6026,-1,-1,1733414985892411904,179649586
6027,27313664,171415237,-1,-1
6028,-1,-1,1733414985960570368,168158176
6029,36126208,163951802,-1,-1
6030,-1,-1,1733414985950859008,40288746
6031,39694848,46655726,-1,-1
6032,-1,-1,1733414985977482752,126623646
6033,42523904,120571084,-1,-1
6034,-1,-1,1733414985992198400,114715596
6035,40710656,114791359,-1,-1
6036,-1,-1,1733414986009898496,117699789
6037,44680192,117722299,-1,-1
6038,-1,-1,1733414986048076544,38177967
6039,33862400,39045062,-1,-1
6040,-1,-1,1733414986025848832,27771944
6041,16164352,26846390,-1,-1
6042,-1,-1,1733414986069583104,143733855
6043,34489088,143917159,-1,-1
6044,-1,-1,1733414986059414784,39831930
6045,34765568,39654336,-1,-1
6046,-1,-1,1733414986117218816,107803682
6047,33398016,110371329,-1,-1
6048,-1,-1,1733414986135052800,167833979
6049,31578368,165811488,-1,-1
6050,-1,-1,1733414986106013696,20960668
6051,18150912,23523365,-1,-1
6052,-1,-1,1733414986159755264,103741494
6053,31088384,100786376,-1,-1
6054,-1,-1,1733414986146479360,36723684
6055,28888064,36614695,-1,-1
6056,-1,-1,1733414986202221824,155742322
6057,33395200,156131732,-1,-1
6058,-1,-1,1733414986198029056,45807344
6059,40663808,45234151,-1,-1
6060,-1,-1,1733414986216660224,118630845
6061,42725632,118803006,-1,-1
6062,-1,-1,1733414986235477248,118816821
6063,34178816,118774981,-1,-1
6064,-1,-1,1733414986255231488,119754279
6065,42797056,119709830,-1,-1
6066,-1,-1,1733414986293939456,38707653
6067,31809536,36881961,-1,-1
6068,-1,-1,1733414986282946048,39006302
6069,32635904,41063604,-1,-1
6070,-1,-1,1733414986288686080,155740099
6071,39652608,158548938,-1,-1
6072,-1,-1,1733414986352383232,113697025
6073,32090880,111048137,-1,-1
6074,-1,-1,1733414986387730432,135346931
6075,32070144,133732260,-1,-1
6076,-1,-1,1733414986390014976,152284368
6077,47537920,153451052,-1,-1
6078,-1,-1,1733414986440889856,150874805
6079,38167040,152325008,-1,-1
6080,-1,-1,1733414986436545024,95654987
6081,43838208,97368429,-1,-1
6082,-1,-1,1733414986456337408,119792323
6083,39812096,116714733,-1,-1
6084,-1,-1,1733414986495633408,89295657
6085,33204736,89157323,-1,-1
6086,-1,-1,1733414986483034624,37401251
6087,29901056,37543584,-1,-1
6088,-1,-1,1733414986502769408,119734657
6089,45379072,119757089,-1,-1
6090,-1,-1,1733414986546540032,143770374
6091,31651584,144868558,-1,-1
6092,-1,-1,1733414986533490432,36950107
6093,34875392,38723534,-1,-1
6094,-1,-1,1733414986590045440,106554968
6095,31051776,102914165,-1,-1
6096,-1,-1,1733414986565113856,25068182
6097,16087552,25749327,-1,-1
6098,-1,-1,1733414986576533760,111419599
6099,19988224,113940217,-1,-1
6100,-1,-1,1733414986624798208,98264281
6101,31069184,95823886,-1,-1
6102,-1,-1,1733414986637746432,62947877
6103,33006592,61838633,-1,-1
6104,-1,-1,1733414986629413376,41666905
6105,37708288,42766881,-1,-1
6106,-1,-1,1733414986651188992,121775612
6107,42777088,123791405,-1,-1
6108,-1,-1,1733414986695935744,144746746
6109,31284224,143058812,-1,-1
6110,-1,-1,1733414986669627392,23691084
6111,13499904,23444977,-1,-1
6112,-1,-1,1733414986680731392,111103951
6113,22877952,113791965,-1,-1
6114,-1,-1,1733414986725303808,94572392
6115,31991040,92857963,-1,-1
6116,-1,-1,1733414986739908352,64604158
6117,30696448,63670239,-1,-1
6118,-1,-1,1733414986740833536,50925298
6119,44204800,50873710,-1,-1
6120,-1,-1,1733414986797555456,106721556
6121,31437312,107392192,-1,-1
6122,-1,-1,1733414986798908672,51353248
6123,37478400,50429268,-1,-1
6124,-1,-1,1733414986785751040,136842099
6125,26825472,139602125,-1,-1
6126,-1,-1,1733414986833157120,97405889
6127,32942080,96844030,-1,-1
6128,-1,-1,1733414986809948672,26791462
6129,14735104,24754259,-1,-1
6130,-1,-1,1733414986825684992,115735942
6131,22875392,118803084,-1,-1
6132,-1,-1,1733414986879224320,103539576
6133,32285440,101280817,-1,-1
6134,-1,-1,1733414986855403776,26179088
6135,19784448,25386686,-1,-1
6136,-1,-1,1733414986908214784,102810935
6137,32994816,103436807,-1,-1
6138,-1,-1,1733414986888401408,30186231
6139,26440704,32414557,-1,-1
6140,-1,-1,1733414986942039296,103638191
6141,31984384,101845355,-1,-1
6142,-1,-1,1733414986915956480,23916645
6143,20987904,25903580,-1,-1
6144,-1,-1,1733414986982962176,117005794
6145,31210752,114061295,-1,-1
6146,-1,-1,1733414986998198016,115235493
6147,31689472,115097422,-1,-1
6148,-1,-1,1733414986973296896,25098579
6149,20840448,25159065,-1,-1
6150,-1,-1,1733414987016990976,143693973
6151,32810496,143811963,-1,-1
6152,-1,-1,1733414987007862016,40871217
6153,35789312,40761584,-1,-1
6154,-1,-1,1733414987068686848,110824298
6155,44517632,122866363,-1,-1
6156,-1,-1,1733414987077389824,158702876
6157,33152512,147480496,-1,-1
6158,-1,-1,1733414987052308480,24918650
6159,14846720,24129780,-1,-1
6160,-1,-1,1733414987092306688,139997870
6161,34694656,141759964,-1,-1
6162,-1,-1,1733414987114991616,72684855
6163,39985408,71074816,-1,-1
6164,-1,-1,1733414987119764224,54772332
6165,33459456,55342064,-1,-1
6166,-1,-1,1733414987116912640,47148464
6167,41774592,46322225,-1,-1
6168,-1,-1,1733414987139131648,122218927
6169,42294784,121785981,-1,-1
6170,-1,-1,1733414987155533312,116401520
6171,43778304,118840732,-1,-1
6172,-1,-1,1733414987217336576,111802960
6173,32974080,111963658,-1,-1
6174,-1,-1,1733414987229937664,162600928
6175,35425024,161538140,-1,-1
6176,-1,-1,1733414987203964160,24026232
6177,14811904,22955622,-1,-1
6178,-1,-1,1733414987214483456,110519112
6179,29171712,114174893,-1,-1
6180,-1,-1,1733414987263422464,98939007
6181,31032832,95597596,-1,-1
6182,-1,-1,1733414987246038272,32615494
6183,29739264,34764754,-1,-1
6184,-1,-1,1733414987293365760,97327511
6185,31024640,94981803,-1,-1
6186,-1,-1,1733414987271346176,27980155
6187,25956864,30838000,-1,-1
6188,-1,-1,1733414987325939712,154593465
6189,32840960,151610880,-1,-1
6190,-1,-1,1733414987345470464,169530613
6191,34758656,169532244,-1,-1
6192,-1,-1,1733414987380774400,85303933
6193,33089792,84946461,-1,-1
6194,-1,-1,1733414987406459392,75684934
6195,32506624,76039162,-1,-1
6196,-1,-1,1733414987380157696,23697784
6197,17404416,23820642,-1,-1
6198,-1,-1,1733414987397336576,117178695
6199,27636992,120806552,-1,-1
6200,-1,-1,1733414987452614400,155277844
6201,32795392,151682515,-1,-1
6202,-1,-1,1733414987492522240,39907595
6203,45761536,50966256,-1,-1
6204,-1,-1,1733414987518520576,125998261
6205,44566016,126673877,-1,-1
6206,-1,-1,1733414987586507520,217986892
6207,33870080,208660803,-1,-1
6208,-1,-1,1733414987572748032,136240074
6209,28942592,136972734,-1,-1
6210,-1,-1,1733414987624897024,102149061
6211,33918976,98690063,-1,-1
6212,-1,-1,1733414987595632128,20734822
6213,19041792,24009194,-1,-1
6214,-1,-1,1733414987651796224,106164009
6215,33314560,105133124,-1,-1
6216,-1,-1,1733414987661350144,59553829
6217,33965568,57544855,-1,-1
6218,-1,-1,1733414987653218304,41868086
6219,38795264,43863940,-1,-1
6220,-1,-1,1733414987723006208,119787426
6221,33225728,120131132,-1,-1
6222,-1,-1,1733414987725042176,52035844
6223,31996928,48645527,-1,-1
6224,-1,-1,1733414987769867776,144825432
6225,33687808,146594070,-1,-1
6226,-1,-1,1733414987761561600,141693825
6227,28366336,144887278,-1,-1
6228,-1,-1,1733414987811262720,99701124
6229,33904640,95668777,-1,-1
6230,-1,-1,1733414987782344960,21081787
6231,19195904,24175650,-1,-1
6232,-1,-1,1733414987829686784,97341934
6233,31841280,94510167,-1,-1
6234,-1,-1,1733414987800964096,21276947
6235,18129920,24209502,-1,-1
6236,-1,-1,1733414987861371392,160407126
6237,32122368,158706976,-1,-1
6238,-1,-1,1733414987849423872,38052588
6239,35913216,39654715,-1,-1
6240,-1,-1,1733414987910288128,110863843
6241,34973696,109923009,-1,-1
6242,-1,-1,1733414987909051392,148763220
6243,45765632,146562524,-1,-1
6244,-1,-1,1733414987923688192,114636776
6245,39162624,114860412,-1,-1
6246,-1,-1,1733414987960736000,87047445
6247,31148288,87022837,-1,-1
6248,-1,-1,1733414987961466368,50730473
6249,44451072,50635131,-1,-1
6250,-1,-1,1733414987986116864,124650119
6251,45735936,124821180,-1,-1
6252,-1,-1,1733414988038918656,152801796
6253,38355968,152750054,-1,-1
6254,-1,-1,1733414988039709440,100790727
6255,44723456,100709567,-1,-1
6256,-1,-1,1733414988072887296,133177490
6257,43770112,132714770,-1,-1
6258,-1,-1,1733414988115281152,92393940
6259,33176832,93294260,-1,-1
6260,-1,-1,1733414988101291008,36009618
6261,33839872,38498696,-1,-1
6262,-1,-1,1733414988124046080,122754643
6263,40766464,119934474,-1,-1
6264,-1,-1,1733414988146990848,122944878
6265,36821760,122829754,-1,-1
6266,-1,-1,1733414988183708416,36717196
6267,30909696,35919321,-1,-1
6268,-1,-1,1733414988215678464,131970111
6269,37469440,131801337,-1,-1
6270,-1,-1,1733414988229798144,114119521
6271,32333824,116250992,-1,-1
6272,-1,-1,1733414988201429248,21631157
6273,20076800,24623031,-1,-1
6274,-1,-1,1733414988252616448,101186808
6275,31012608,96811664,-1,-1
6276,-1,-1,1733414988228175872,25559255
6277,22865152,28836087,-1,-1
6278,-1,-1,1733414988278378240,100202291
6279,37669888,97218749,-1,-1
6280,-1,-1,1733414988251075584,22697102
6281,21048320,25717321,-1,-1
6282,-1,-1,1733414988274712320,123636589
6283,14905856,120654388,-1,-1
6284,-1,-1,1733414988310754304,36041949
6285,31858176,36899417,-1,-1
6286,-1,-1,1733414988338445056,127690402
6287,45903360,138956740,-1,-1
6288,-1,-1,1733414988324401920,135956830
6289,43829248,123788912,-1,-1
6290,-1,-1,1733414988372062976,147660768
6291,37486848,146881446,-1,-1
6292,-1,-1,1733414988364048640,91985449
6293,43761408,92662497,-1,-1
6294,-1,-1,1733414988383834112,119785249
6295,46819584,124799953,-1,-1
6296,-1,-1,1733414988433983744,150149609
6297,30812416,144720839,-1,-1
6298,-1,-1,1733414988409612800,25628982
6299,14216192,26066118,-1,-1
6300,-1,-1,1733414988424780288,115167290
6301,25741056,117929138,-1,-1
6302,-1,-1,1733414988474297856,99517341
6303,33005056,96832597,-1,-1
6304,-1,-1,1733414988447139072,22841258
6305,15863552,22831371,-1,-1
6306,-1,-1,1733414988488358656,141219266
6307,33972736,141096955,-1,-1
6308,-1,-1,1733414988477901056,39542122
6309,36826880,41630778,-1,-1
6310,-1,-1,1733414988519540992,141639990
6311,32232960,140152962,-1,-1
6312,-1,-1,1733414988506361856,36820432
6313,30878976,37659592,-1,-1
6314,-1,-1,1733414988548845568,92483508
6315,31303936,91151772,-1,-1
6316,-1,-1,1733414988527598336,28752710
6317,22844416,28565062,-1,-1
6318,-1,-1,1733414988569232896,91634068
6319,30945536,91961088,-1,-1
6320,-1,-1,1733414988542334464,23101628
6321,18050304,22979006,-1,-1
6322,-1,-1,1733414988586954752,94619919
6323,31010304,93825095,-1,-1
6324,-1,-1,1733414988561289216,24334489
6325,22968832,27973418,-1,-1
6326,-1,-1,1733414988613812736,102523304
6327,37989632,101882076,-1,-1
6328,-1,-1,1733414988605828864,42015852
6329,32975360,39868002,-1,-1
6330,-1,-1,1733414988614640896,158812051
6331,43694080,158655462,-1,-1
6332,-1,-1,1733414988654395136,89754173
6333,31126528,90123311,-1,-1
6334,-1,-1,1733414988643469824,39074299
6335,33945600,38680973,-1,-1
6336,-1,-1,1733414988662146048,118676104
6337,41767424,118711770,-1,-1
6338,-1,-1,1733414988719900416,107754304
6339,31439616,108529263,-1,-1
6340,-1,-1,1733414988732859648,162959018
6341,32048640,163235471,-1,-1
6342,-1,-1,1733414988706943744,24083915
6343,21142272,25967739,-1,-1
6344,-1,-1,1733414988753420544,96476614
6345,31054848,93778200,-1,-1
6346,-1,-1,1733414988734437632,31017168
6347,29501952,34825756,-1,-1
6348,-1,-1,1733414988782172160,97734227
6349,32236544,95233915,-1,-1
6350,-1,-1,1733414988758315008,26142714
6351,22025216,27664028,-1,-1
6352,-1,-1,1733414988811020800,102705953
6353,32327168,99673754,-1,-1
6354,-1,-1,1733414988789878016,28856854
6355,19310848,27995977,-1,-1
6356,-1,-1,1733414988833712128,143833902
6357,33718784,145114244,-1,-1
6358,-1,-1,1733414988820688896,36976370
6359,31974656,36666373,-1,-1
6360,-1,-1,1733414988831573248,110884329
6361,40818688,114723430,-1,-1
6362,-1,-1,1733414988893497344,111923975
6363,44730624,119801368,-1,-1
6364,-1,-1,1733414988889511424,96014093
6365,35725824,86737093,-1,-1
6366,-1,-1,1733414988877073408,37561687
6367,29942016,35077269,-1,-1
6368,-1,-1,1733414988895860992,118787377
6369,43788032,120727492,-1,-1
6370,-1,-1,1733414988944050688,148189586
6371,30942976,146173336,-1,-1
6372,-1,-1,1733414988917561600,23510837
6373,16635136,23842580,-1,-1
6374,-1,-1,1733414988966253312,148691552
6375,33047040,148619692,-1,-1
6376,-1,-1,1733414988950272768,34019399
6377,27764992,33695121,-1,-1
6378,-1,-1,1733414988970013952,119740672
6379,42729216,119819011,-1,-1
6380,-1,-1,1733414989027895040,107881104
6381,47543808,122812020,-1,-1
6382,-1,-1,1733414989041903872,164016922
6383,34935808,150181584,-1,-1
6384,-1,-1,1733414989019494656,27582457
6385,23886080,29436181,-1,-1
6386,-1,-1,1733414989074077184,154582393
6387,33284608,152167151,-1,-1
6388,-1,-1,1733414989060065280,35987654
6389,29831680,35400350,-1,-1
6390,-1,-1,1733414989076766464,116700896
6391,40760576,116829084,-1,-1
6392,-1,-1,1733414989096420864,119654303
6393,46395648,119697828,-1,-1
6394,-1,-1,1733414989132846848,36425662
6395,31408640,36408869,-1,-1
6396,-1,-1,1733414989127083008,44236310
6397,32754944,43686920,-1,-1
6398,-1,-1,1733414989172083712,145000457
6399,45816832,158378906,-1,-1
6400,-1,-1,1733414989197724672,125640923
6401,45485056,124795806,-1,-1
6402,-1,-1,1733414989207898368,160173350
6403,34263808,148987745,-1,-1
6404,-1,-1,1733414989195483136,37584740
6405,32038144,36692480,-1,-1
6406,-1,-1,1733414989240228864,94745459
6407,32569088,96358754,-1,-1
6408,-1,-1,1733414989219042304,28813286
6409,22928384,27474022,-1,-1
6410,-1,-1,1733414989266038528,96995928
6411,31937536,97643868,-1,-1
6412,-1,-1,1733414989242935552,26897108
6413,19164672,25850319,-1,-1
6414,-1,-1,1733414989315023872,222087965
6415,39380224,221743033,-1,-1
6416,-1,-1,1733414989328225024,113200868
6417,33005312,112852775,-1,-1
6418,-1,-1,1733414989349098496,120873515
6419,31164160,121905343,-1,-1
6420,-1,-1,1733414989322956544,23857842
6421,17488128,23998251,-1,-1
6422,-1,-1,1733414989354537472,181580746
6423,33779456,181240951,-1,-1
6424,-1,-1,1733414989412195584,107658204
6425,46873600,120888766,-1,-1
6426,-1,-1,1733414989415362816,53166882
6427,35035136,40106911,-1,-1
6428,-1,-1,1733414989392185600,126822832
6429,22851072,126567125,-1,-1
6430,-1,-1,1733414989439852032,97666269
6431,31168512,98062197,-1,-1
6432,-1,-1,1733414989443945472,54093112
6433,34096896,53829244,-1,-1
6434,-1,-1,1733414989435689472,41743998
6435,36400384,41702642,-1,-1
6436,-1,-1,1733414989453649664,117959882
6437,41746176,117813252,-1,-1
6438,-1,-1,1733414989494025216,140375290
6439,33861120,139850343,-1,-1
6440,-1,-1,1733414989487112448,93087062
6441,20708352,95134352,-1,-1
6442,-1,-1,1733414989476054016,38941533
6443,31856896,37635560,-1,-1
6444,-1,-1,1733414989528402432,102348162
6445,37310720,106667100,-1,-1
6446,-1,-1,1733414989521821952,43419532
6447,30756096,39063993,-1,-1
6448,-1,-1,1733414989559596544,137774620
6449,31824128,137823400,-1,-1
6450,-1,-1,1733414989553478144,143881169
6451,36909568,143722604,-1,-1
6452,-1,-1,1733414989595346688,141868358
6453,38208000,141717259,-1,-1
6454,-1,-1,1733414989614983424,119636584
6455,35582208,122067446,-1,-1
6456,-1,-1,1733414989587863040,22879426
6457,14851072,20691166,-1,-1
6458,-1,-1,1733414989658651392,170788373
6459,32853248,173707261,-1,-1
6460,-1,-1,1733414989647643904,38992131
6461,31739392,36760419,-1,-1
6462,-1,-1,1733414989625555968,127912222
6463,23888896,129892806,-1,-1
6464,-1,-1,1733414989668163072,142754317
6465,18000384,139845312,-1,-1
6466,-1,-1,1733414989719744768,101433713
6467,41108736,104385461,-1,-1
6468,-1,-1,1733414989716347648,146602845
6469,14628608,143899972,-1,-1
6470,-1,-1,1733414989742622976,176274948
6471,41873920,179714983,-1,-1
6472,-1,-1,1733414989762770432,120147471
6473,42362880,116742002,-1,-1
6474,-1,-1,1733414989808430848,145660430
6475,37536768,146813128,-1,-1
6476,-1,-1,1733414989829292288,170861117
6477,34383104,171020523,-1,-1
6478,-1,-1,1733414989872800512,143508223
6479,33941504,143547670,-1,-1
6480,-1,-1,1733414989886305536,213504771
6481,32617216,212073352,-1,-1
6482,-1,-1,1733414989861149184,24843853
6483,31417856,36964694,-1,-1
6484,-1,-1,1733414989880990976,119841480
6485,40595968,119760834,-1,-1
6486,-1,-1,1733414989974960640,93969304
6487,30738432,80731180,-1,-1
6488,-1,-1,1733414989929942528,104981787
6489,34242048,107090166,-1,-1
6490,-1,-1,1733414989923221760,93278913
6491,14836224,92450468,-1,-1
6492,-1,-1,1733414989959157760,35936050
6493,30990336,36030186,-1,-1
6494,-1,-1,1733414989947958784,138800993
6495,44866560,138630400,-1,-1
6496,-1,-1,1733414989987556352,139597386
6497,38233088,139629923,-1,-1
6498,-1,-1,1733414990016373504,78816705
6499,31157760,79177514,-1,-1
6500,-1,-1,1733414990003298560,186925033
6501,27779328,189122341,-1,-1
6502,-1,-1,1733414990011995648,58697063
6503,35220224,68002128,-1,-1
6504,-1,-1,1733414990065781248,153785372
6505,37299712,141632758,-1,-1
6506,-1,-1,1733414990040839680,75058179
6507,37872128,86946971,-1,-1
6508,-1,-1,1733414990056201472,115361823
6509,40904960,116773581,-1,-1
6510,-1,-1,1733414990080028672,123826981
6511,33502720,110620164,-1,-1
6512,-1,-1,1733414990123347200,93318234
6513,34013696,93493430,-1,-1
6514,-1,-1,1733414990134483200,111135724
6515,33861888,112091300,-1,-1
6516,-1,-1,1733414990112525568,28042257
6517,32950016,38085577,-1,-1
6518,-1,-1,1733414990146208768,133683280
6519,32797184,122589538,-1,-1
6520,-1,-1,1733414990185299712,39090596
6521,33171200,39233617,-1,-1
6522,-1,-1,1733414990191856384,106556624
6523,37972736,107292186,-1,-1
6524,-1,-1,1733414990162880256,71023589
6525,37815808,82017520,-1,-1
6526,-1,-1,1733414990185689344,122809043
6527,47688960,125783824,-1,-1
6528,-1,-1,1733414990201450752,65760967
6529,15343872,50788299,-1,-1
6530,-1,-1,1733414990217216512,165765922
6531,41744896,176790524,-1,-1
6532,-1,-1,1733414990232126464,114909786
6533,38781184,115817817,-1,-1
6534,-1,-1,1733414990279969792,47843057
6535,31924480,36882460,-1,-1
6536,-1,-1,1733414990287646464,57676625
6537,36632320,59595021,-1,-1
6538,-1,-1,1733414990291493376,103846741
6539,17058304,101199588,-1,-1
6540,-1,-1,1733414990327260672,35766982
6541,30860544,35765088,-1,-1
6542,-1,-1,1733414990351924736,124664059
6543,31080960,124965608,-1,-1
6544,-1,-1,1733414990324328960,22404059
6545,28933120,33725040,-1,-1
6546,-1,-1,1733414990374686464,150357334
6547,37293568,138665662,-1,-1
6548,-1,-1,1733414990360445440,85751037
6549,39765760,88812979,-1,-1
6550,-1,-1,1733414990376602112,116156516
6551,33957888,115804937,-1,-1
6552,-1,-1,1733414990416140288,39538085
6553,34664960,39701463,-1,-1
6554,-1,-1,1733414990429005824,112865579
6555,33906432,111484047,-1,-1
6556,-1,-1,1733414990432137216,53130833
6557,34391552,51019089,-1,-1
6558,-1,-1,1733414990416354560,34217113
6559,40738048,46285982,-1,-1
6560,-1,-1,1733414990472129280,105774806
6561,34423808,91977336,-1,-1
6562,-1,-1,1733414990501654528,29524762
6563,26976512,31913223,-1,-1
6564,-1,-1,1733414990478159360,176504602
6565,28247808,179697288,-1,-1
6566,-1,-1,1733414990488590336,60430974
6567,31881216,65825416,-1,-1
6568,-1,-1,1733414990551970816,113380296
6569,33614848,107491060,-1,-1
6570,-1,-1,1733414990552994048,51023195
6571,31952128,48201990,-1,-1
6572,-1,-1,1733414990567657216,214663081
6573,44716288,214524345,-1,-1
6574,-1,-1,1733414990574370304,106712901
6575,41923072,118957201,-1,-1
6576,-1,-1,1733414990602994944,128624372
6577,43792128,119621973,-1,-1
6578,-1,-1,1733414990620884480,117889618
6579,42323712,117777438,-1,-1
6580,-1,-1,1733414990683495168,162610360
6581,37955328,160770090,-1,-1
6582,-1,-1,1733414990704122112,120626626
6583,35323392,121093666,-1,-1
6584,-1,-1,1733414990740126720,136004469
6585,41235712,137675114,-1,-1
6586,-1,-1,1733414990716884736,26757836
6587,16835840,24478620,-1,-1
6588,-1,-1,1733414990740583424,173698813
6589,41790208,173687867,-1,-1
6590,-1,-1,1733414990793324800,152741116
6591,43078400,153407992,-1,-1
6592,-1,-1,1733414990800423168,57098040
6593,35014144,55322103,-1,-1
6594,-1,-1,1733414990794606336,144183164
6595,33907968,151487967,-1,-1
6596,-1,-1,1733414990848634880,154028330
6597,39813376,148224381,-1,-1
6598,-1,-1,1733414990857289984,108654943
6599,39675904,108235035,-1,-1
6600,-1,-1,1733414990900107776,92817485
6601,34096384,94120308,-1,-1
6602,-1,-1,1733414990878041856,27933872
6603,34025472,38789336,-1,-1
6604,-1,-1,1733414990938198784,160156924
6605,34911488,147654735,-1,-1
6606,-1,-1,1733414990919517440,31318575
6607,20709120,31894204,-1,-1
6608,-1,-1,1733414990932376320,162858639
6609,36006912,174744727,-1,-1
6610,-1,-1,1733414990995943424,163567092
6611,40892672,153219833,-1,-1
6612,-1,-1,1733414990997118720,51174769
6613,37774336,49734004,-1,-1
6614,-1,-1,1733414991028657664,131538982
6615,37804544,132000079,-1,-1
6616,-1,-1,1733414991028741120,100083317
6617,32844544,99204800,-1,-1
6618,-1,-1,1733414991074336768,95595512
6619,32944128,95821697,-1,-1
6620,-1,-1,1733414991050283520,25946527
6621,18166528,25832954,-1,-1
6622,-1,-1,1733414991094259968,143976291
6623,35408128,144383744,-1,-1
6624,-1,-1,1733414991118191104,123930895
6625,34993664,123352763,-1,-1
6626,-1,-1,1733414991136748544,118557285
6627,33182208,119269478,-1,-1
6628,-1,-1,1733414991130455296,43706579
6629,36311040,43280378,-1,-1
6630,-1,-1,1733414991176276224,145820836
6631,35482624,147285465,-1,-1
6632,-1,-1,1733414991174139648,47863161
6633,35419136,46466620,-1,-1
6634,-1,-1,1733414991170775552,146636045
6635,43777024,152583660,-1,-1
6636,-1,-1,1733414991199223040,128447275
6637,43360256,133844305,-1,-1
6638,-1,-1,1733414991219435520,170212174
6639,25110272,161896837,-1,-1
6640,-1,-1,1733414991232160768,62725118
6641,38760448,72718894,-1,-1
6642,-1,-1,1733414991290999040,158838134
6643,35749376,148498369,-1,-1
6644,-1,-1,1733414991268818432,27819310
6645,17328640,25079110,-1,-1
6646,-1,-1,1733414991278703616,109884925
6647,23966464,109895443,-1,-1
6648,-1,-1,1733414991327426048,148722294
6649,37451520,151249337,-1,-1
6650,-1,-1,1733414991342141952,114715820
6651,35358720,112709659,-1,-1
6652,-1,-1,1733414991320220928,28079058
6653,33863680,39308504,-1,-1
6654,-1,-1,1733414991384881664,164660401
6655,39281920,156037846,-1,-1
6656,-1,-1,1733414991362530048,27647989
6657,18237440,24938586,-1,-1
6658,-1,-1,1733414991369456128,106925906
6659,19564544,109434346,-1,-1
6660,-1,-1,1733414991420994560,101538198
6661,38022912,98863763,-1,-1
6662,-1,-1,1733414991415905536,44910732
6663,35136768,45003186,-1,-1
6664,-1,-1,1733414991414564864,148659563
6665,39786240,151309482,-1,-1
6666,-1,-1,1733414991461523968,146958373
6667,34926080,140715769,-1,-1
6668,-1,-1,1733414991438183424,26659428
6669,21798144,29878775,-1,-1
6670,-1,-1,1733414991480016384,91832800
6671,33621504,92552723,-1,-1
6672,-1,-1,1733414991475497472,45480796
6673,36572416,45834101,-1,-1
6674,-1,-1,1733414991482545408,157048064
6675,35890432,155952849,-1,-1
6676,-1,-1,1733414991522528000,89982444
6677,34584576,89817540,-1,-1
6678,-1,-1,1733414991543476224,70947779
6679,35057408,69968589,-1,-1
6680,-1,-1,1733414991522014720,28538577
6681,20789760,29723562,-1,-1
6682,-1,-1,1733414991563887360,141872608
6683,36883968,141843041,-1,-1
6684,-1,-1,1733414991547762176,33874370
6685,26895360,34395724,-1,-1
6686,-1,-1,1733414991604666368,156904227
6687,43134464,156467570,-1,-1
6688,-1,-1,1733414991599345664,44678979
6689,36873216,44640572,-1,-1
6690,-1,-1,1733414991623338240,123992530
6691,33903104,124725178,-1,-1
6692,-1,-1,1733414991611770624,138432229
6693,43164672,150089069,-1,-1
6694,-1,-1,1733414991666924800,155153903
6695,32931840,142345829,-1,-1
6696,-1,-1,1733414991642407424,25482510
6697,17369856,26565267,-1,-1
6698,-1,-1,1733414991685016576,192609144
6699,41862144,197992027,-1,-1
6700,-1,-1,1733414991741183744,156167039
6701,38438656,152685435,-1,-1
6702,-1,-1,1733414991716780032,25596168
6703,15747584,21937247,-1,-1
6704,-1,-1,1733414991759558656,142778383
6705,36620032,145713281,-1,-1
6706,-1,-1,1733414991736430080,26871129
6707,31987200,37024816,-1,-1
6708,-1,-1,1733414991772082944,135652645
6709,45781248,123693375,-1,-1
6710,-1,-1,1733414991820747264,148664357
6711,37493504,153300931,-1,-1
6712,-1,-1,1733414991796900864,26153397
6713,17525248,21285556,-1,-1
6714,-1,-1,1733414991815972096,169070943
6715,45902336,180804260,-1,-1
6716,-1,-1,1733414991870422784,104450769
6717,39617024,97630530,-1,-1
6718,-1,-1,1733414991892115200,71692015
6719,37027840,68067417,-1,-1
6720,-1,-1,1733414991888012032,45896750
6721,35596544,45078160,-1,-1
6722,-1,-1,1733414991938748416,150736264
6723,46713600,162455107,-1,-1
6724,-1,-1,1733414991920352256,131603664
6725,42644992,119588248,-1,-1
6726,-1,-1,1733414991968687616,148335229
6727,37539328,151376408,-1,-1
6728,-1,-1,1733414991985676032,116988150
6729,33218304,113433284,-1,-1
6730,-1,-1,1733414991962714368,27038281
6731,19237632,27617627,-1,-1
6732,-1,-1,1733414991990377728,177663028
6733,43861248,177779512,-1,-1
6734,-1,-1,1733414992023135744,132757818
6735,46687232,132589378,-1,-1
6736,-1,-1,1733414992071925504,148789837
6737,37412864,149701934,-1,-1
6738,-1,-1,1733414992067908608,45982929
6739,35008256,45110366,-1,-1
6740,-1,-1,1733414992063044608,95135943
6741,21717248,93607933,-1,-1
6742,-1,-1,1733414992111614208,148569414
6743,36084736,150841748,-1,-1
6744,-1,-1,1733414992102125568,40510976
6745,33780992,39681477,-1,-1
6746,-1,-1,1733414992141734656,139609136
6747,23693568,139876795,-1,-1
6748,-1,-1,1733414992181825024,40090051
6749,32997120,38959280,-1,-1
6750,-1,-1,1733414992192802560,110977357
6751,38573824,114315210,-1,-1
6752,-1,-1,1733414992189434624,46632021
6753,34880512,44308888,-1,-1
6754,-1,-1,1733414992184382976,94948132
6755,29733376,98652390,-1,-1
6756,-1,-1,1733414992238442240,104059180
6757,33846784,100812164,-1,-1
6758,-1,-1,1733414992216234752,27792277
6759,19126272,26946621,-1,-1
6760,-1,-1,1733414992227858432,111623613
6761,29872384,114843627,-1,-1
6762,-1,-1,1733414992289847808,111989021
6763,34973184,108710382,-1,-1
6764,-1,-1,1733414992268325120,28477475
6765,17841152,28936560,-1,-1
6766,-1,-1,1733414992280842240,112516749
6767,24953600,114794046,-1,-1
6768,-1,-1,1733414992330574080,99731736
6769,34876928,96665919,-1,-1
6770,-1,-1,1733414992303843072,23268865
6771,19466240,26968411,-1,-1
6772,-1,-1,1733414992349821952,95978541
6773,34857216,92761175,-1,-1
6774,-1,-1,1733414992327589888,27767893
6775,18416128,27868767,-1,-1
6776,-1,-1,1733414992341360128,163770145
6777,40268288,174699609,-1,-1
6778,-1,-1,1733414992406002176,164641750
6779,34002176,153701308,-1,-1
6780,-1,-1,1733414992419569920,113567569
6781,32595456,114468449,-1,-1
6782,-1,-1,1733414992442540288,122970144
6783,30898944,121042055,-1,-1
6784,-1,-1,1733414992412619520,20079215
6785,16753920,22834774,-1,-1
6786,-1,-1,1733414992470900480,158281121
6787,33331968,155743624,-1,-1
6788,-1,-1,1733414992457809408,36908436
6789,33786112,38803159,-1,-1
6790,-1,-1,1733414992467838464,110028602
6791,44835328,119849190,-1,-1
6792,-1,-1,1733414992498311168,130472548
6793,43623680,118673580,-1,-1
6794,-1,-1,1733414992521109760,122798820
6795,42316544,122771212,-1,-1
6796,-1,-1,1733414992536680704,115570508
6797,44861952,127671583,-1,-1
6798,-1,-1,1733414992585644288,48963772
6799,33216000,38206851,-1,-1
6800,-1,-1,1733414992601344512,115699725
6801,32329216,114368628,-1,-1
6802,-1,-1,1733414992620285696,118941006
6803,31426048,118840269,-1,-1
6804,-1,-1,1733414992608095744,37809958
6805,30378752,37863430,-1,-1
6806,-1,-1,1733414992649533696,91437697
6807,31843840,90800439,-1,-1
6808,-1,-1,1733414992620397056,20863492
6809,18857216,23896588,-1,-1
6810,-1,-1,1733414992669808128,99410772
6811,31934976,96946372,-1,-1
6812,-1,-1,1733414992641480960,21672760
6813,20345344,25281213,-1,-1
6814,-1,-1,1733414992689629440,98148058
6815,32788736,96195679,-1,-1
6816,-1,-1,1733414992704511488,64882015
6817,31142144,63228175,-1,-1
6818,-1,-1,1733414992677180928,22669338
6819,30052864,34795507,-1,-1
6820,-1,-1,1733414992747178752,119997536
6821,48712448,122592645,-1,-1
6822,-1,-1,1733414992736510976,189332110
6823,33314816,179666936,-1,-1
6824,-1,-1,1733414992758212352,71701189
6825,33650176,66699329,-1,-1
6826,-1,-1,1733414992819106304,110893926
6827,44775936,122889284,-1,-1
6828,-1,-1,1733414992827510016,158403269
6829,31350528,147060566,-1,-1
6830,-1,-1,1733414992806077952,28568358
6831,25883392,30539024,-1,-1
6832,-1,-1,1733414992853539584,97460737
6833,30839040,94696678,-1,-1
6834,-1,-1,1733414992822387456,18848036
6835,16892928,21919357,-1,-1
6836,-1,-1,1733414992873089536,100701771
6837,30947584,97803013,-1,-1
6838,-1,-1,1733414992846938368,23848733
6839,18607872,25884169,-1,-1
6840,-1,-1,1733414992890288384,93349661
6841,30969600,90888043,-1,-1
6842,-1,-1,1733414992906211840,115923266
6843,33708288,116493942,-1,-1
6844,-1,-1,1733414992884418816,28207077
6845,16556800,28120296,-1,-1
6846,-1,-1,1733414992953413376,118994119
6847,33151232,119113254,-1,-1
6848,-1,-1,1733414992926021632,122608179
6849,25872640,125305993,-1,-1
6850,-1,-1,1733414992973661184,97639419
6851,32992000,93857082,-1,-1
6852,-1,-1,1733414992977305088,53643771
6853,33892864,52796915,-1,-1
6854,-1,-1,1733414992961241600,33936708
6855,30868480,35834078,-1,-1
6856,-1,-1,1733414992976296448,115054284
6857,42862080,120819462,-1,-1
6858,-1,-1,1733414993008920576,132624051
6859,41784832,126603322,-1,-1
6860,-1,-1,1733414993065708800,106788033
6861,30808320,106881839,-1,-1
6862,-1,-1,1733414993075743488,60034357
6863,30899456,58968190,-1,-1
6864,-1,-1,1733414993089715712,113972242
6865,33045504,114777843,-1,-1
6866,-1,-1,1733414993059793152,20077103
6867,14913792,19867459,-1,-1
6868,-1,-1,1733414993117056256,107263023
6869,37932032,109760056,-1,-1
6870,-1,-1,1733414993094897408,27840926
6871,23300352,30258997,-1,-1
6872,-1,-1,1733414993151438592,106541028
6873,32041216,102598325,-1,-1
6874,-1,-1,1733414993123633408,22194599
6875,17092352,22237078,-1,-1
6876,-1,-1,1733414993171685888,98052234
6877,31088896,97431094,-1,-1
6878,-1,-1,1733414993148061440,26375782
6879,23905280,28821752,-1,-1
6880,-1,-1,1733414993195619328,97557402
6881,30871296,94832393,-1,-1
6882,-1,-1,1733414993170150144,24530788
6883,22782464,27904593,-1,-1
6884,-1,-1,1733414993221974784,101824411
6885,32862208,98830101,-1,-1
6886,-1,-1,1733414993191357952,19382967
6887,17221632,22240231,-1,-1
6888,-1,-1,1733414993245131008,103772885
6889,33788672,101598972,-1,-1
6890,-1,-1,1733414993214859264,19728103
6891,14513152,19460343,-1,-1
6892,-1,-1,1733414993274383104,109523575
6893,37945088,111297881,-1,-1
6894,-1,-1,1733414993251451904,27068850
6895,18369024,24840942,-1,-1
6896,-1,-1,1733414993295628288,94176015
6897,32988416,93944035,-1,-1
6898,-1,-1,1733414993265206272,19577757
6899,17864960,22743580,-1,-1
6900,-1,-1,1733414993320191744,104985333
6901,32504832,102509211,-1,-1
6902,-1,-1,1733414993302402304,32210471
6903,26057984,34408020,-1,-1
6904,-1,-1,1733414993357276416,104873864
6905,31893760,101734959,-1,-1
6906,-1,-1,1733414993326653440,19376880
6907,18762496,23899643,-1,-1
6908,-1,-1,1733414993378607872,101954505
6909,32661504,98618059,-1,-1
6910,-1,-1,1733414993355408128,26799857
6911,19071488,26155743,-1,-1
6912,-1,-1,1733414993387041024,131632838
6913,16395008,131649956,-1,-1
6914,-1,-1,1733414993417660416,180619524
6915,41649920,180539542,-1,-1
6916,-1,-1,1733414993440572416,122911644
6917,44483072,122747900,-1,-1
6918,-1,-1,1733414993480513280,139940711
6919,31168256,140021433,-1,-1
6920,-1,-1,1733414993453184768,22671202
6921,19931648,25655219,-1,-1
6922,-1,-1,1733414993508387328,105202591
6923,34565376,101991770,-1,-1
6924,-1,-1,1733414993480892160,22504456
6925,20980480,26816446,-1,-1
6926,-1,-1,1733414993551844864,120952868
6927,31272704,117024158,-1,-1
6928,-1,-1,1733414993564173312,112328243
6929,31955968,113429985,-1,-1
6930,-1,-1,1733414993535206656,21032985
6931,18077440,22991941,-1,-1
6932,-1,-1,1733414993585993472,100786769
6933,31877120,97665277,-1,-1
6934,-1,-1,1733414993560920832,24927199
6935,16313344,25941057,-1,-1
6936,-1,-1,1733414993613624320,152703250
6937,33660416,152649027,-1,-1
6938,-1,-1,1733414993606528512,42904115
6939,37748736,41935637,-1,-1
6940,-1,-1,1733414993646105088,89576363
6941,33353984,88841700,-1,-1
6942,-1,-1,1733414993640160768,44055767
6943,38603520,44824686,-1,-1
6944,-1,-1,1733414993700448256,110287119
6945,46728704,124802520,-1,-1
6946,-1,-1,1733414993718993152,168544840
6947,32024832,153902135,-1,-1
6948,-1,-1,1733414993702862848,33869398
6949,31886848,36766065,-1,-1
6950,-1,-1,1733414993757518336,104655179
6951,31845376,99860840,-1,-1
6952,-1,-1,1733414993728335104,20816495
6953,20896512,25877985,-1,-1
6954,-1,-1,1733414993782680576,104345521
6955,33965824,101928538,-1,-1
6956,-1,-1,1733414993762897152,30216293
6957,21193984,28703324,-1,-1
6958,-1,-1,1733414993774751744,111854443
6959,27213056,116298007,-1,-1
6960,-1,-1,1733414993826799616,102047827
6961,32933888,98461448,-1,-1
6962,-1,-1,1733414993802593024,25793141
6963,21153024,26099102,-1,-1
6964,-1,-1,1733414993854268416,101675227
6965,34133504,100850477,-1,-1
6966,-1,-1,1733414993827419648,23151010
6967,16252672,23598490,-1,-1
6968,-1,-1,1733414993876612864,99193215
6969,33321216,99333400,-1,-1
6970,-1,-1,1733414993853662976,27049878
6971,22018048,27586446,-1,-1
6972,-1,-1,1733414993881917696,128254441
6973,16029952,127801060,-1,-1
6974,-1,-1,1733414993917827584,35909642
6975,30846464,35767761,-1,-1
6976,-1,-1,1733414993937443584,169616217
6977,38582272,169677235,-1,-1
6978,-1,-1,1733414993999349760,111905869
6979,45915136,123906475,-1,-1
6980,-1,-1,1733414994012201728,162851847
6981,32880384,149694831,-1,-1
6982,-1,-1,1733414993991033856,28832103
6983,25663744,30659411,-1,-1
6984,-1,-1,1733414994043604480,102570182
6985,32725760,100474273,-1,-1
6986,-1,-1,1733414994013722368,20117657
6987,20117760,24732161,-1,-1
6988,-1,-1,1733414994065273344,101550860
6989,30895360,97643062,-1,-1
6990,-1,-1,1733414994035519744,20245978
6991,19098368,24117441,-1,-1
6992,-1,-1,1733414994089476864,103957019
6993,31221504,100825767,-1,-1
6994,-1,-1,1733414994062352640,22875692
6995,20887040,25683127,-1,-1
6996,-1,-1,1733414994118746624,156393750
6997,31412480,153657163,-1,-1
6998,-1,-1,1733414994103550208,34803508
6999,32222720,37160735,-1,-1
7000,-1,-1,1733414994135337728,131787405
7001,37703680,132367586,-1,-1
7002,-1,-1,1733414994188816640,103478682
7003,32617984,100656582,-1,-1
7004,-1,-1,1733414994172113664,33296764
7005,28335872,33094496,-1,-1
7006,-1,-1,1733414994247894272,125780447
7007,44923136,128832134,-1,-1
7008,-1,-1,1733414994268265984,220371534
7009,33990656,217575521,-1,-1
7010,-1,-1,1733414994306203648,37937544
7011,45877760,49759064,-1,-1
7012,-1,-1,1733414994330521856,124317972
7013,44896000,123769210,-1,-1
7014,-1,-1,1733414994353690880,123168630
7015,47909632,126752106,-1,-1
7016,-1,-1,1733414994359327488,205636451
7017,30245888,194510701,-1,-1
7018,-1,-1,1733414994412265472,102938122
7019,31215104,99043627,-1,-1
7020,-1,-1,1733414994383937024,21671220
7021,19459072,25110476,-1,-1
7022,-1,-1,1733414994438824704,104887613
7023,32843264,101768787,-1,-1
7024,-1,-1,1733414994421647104,32822094
7025,30271232,35935125,-1,-1
7026,-1,-1,1733414994462660864,141013601
7027,14962176,137339182,-1,-1
7028,-1,-1,1733414994498858240,36197123
7029,32580352,37579931,-1,-1
7030,-1,-1,1733414994518846720,119988514
7031,33980928,119143022,-1,-1
7032,-1,-1,1733414994521287424,52440653
7033,46692352,51689270,-1,-1
7034,-1,-1,1733414994584620800,113333047
7035,33354240,114810664,-1,-1
7036,-1,-1,1733414994631703808,147082809
7037,33700352,146586778,-1,-1
7038,-1,-1,1733414994679976960,198273253
7039,31423232,198317134,-1,-1
7040,-1,-1,1733414994719464448,139487365
7041,34689536,141924470,-1,-1
7042,-1,-1,1733414994698657792,29192864
7043,22466560,29689191,-1,-1
7044,-1,-1,1733414994752633600,103976003
7045,33319424,102566873,-1,-1
7046,-1,-1,1733414994737294592,34660628
7047,25886720,32511018,-1,-1
7048,-1,-1,1733414994825993728,138698961
7049,37716224,142633095,-1,-1
7050,-1,-1,1733414994844364800,118370999
7051,34392576,115920494,-1,-1
7052,-1,-1,1733414994876508672,132143624
7053,33360128,131244935,-1,-1
7054,-1,-1,1733414994914343680,37835024
7055,33803264,38293153,-1,-1
7056,-1,-1,1733414994953435136,139091180
7057,33911296,139091402,-1,-1
7058,-1,-1,1733414994950007808,146572573
7059,32868096,145595033,-1,-1
7060,-1,-1,1733414995001332480,101324247
7061,31668224,101541284,-1,-1
7062,-1,-1,1733414994979687936,28355206
7063,27021312,31224844,-1,-1
7064,-1,-1,1733414995048463616,168775748
7065,34404608,167166553,-1,-1
7066,-1,-1,1733414995049449472,50985595
7067,43811840,49442799,-1,-1
7068,-1,-1,1733414995111249152,111799555
7069,30983936,111977186,-1,-1
7070,-1,-1,1733414995160819456,249569969
7071,33264896,249772959,-1,-1
7072,-1,-1,1733414995197600768,186781268
7073,28723456,186408228,-1,-1
7074,-1,-1,1733414995202592768,54991717
7075,24767488,57809329,-1,-1
7076,-1,-1,1733414995261277440,108684661
7077,35326720,106722709,-1,-1
7078,-1,-1,1733414995238258432,26980618
7079,24199168,29233640,-1,-1
7080,-1,-1,1733414995294444032,106185568
7081,32045312,102727105,-1,-1
7082,-1,-1,1733414995268850176,24405900
7083,23796736,28636000,-1,-1
7084,-1,-1,1733414995323961088,105110967
7085,31876096,101937828,-1,-1
7086,-1,-1,1733414995312790784,38829467
7087,33909248,38060530,-1,-1
7088,-1,-1,1733414995361953024,99162238
7089,31485440,99321783,-1,-1
7090,-1,-1,1733414995338442240,26488750
7091,24538624,30094878,-1,-1
7092,-1,-1,1733414995394103552,105661531
7093,33980160,101134864,-1,-1
7094,-1,-1,1733414995379684352,35580434
7095,31110400,36124624,-1,-1
7096,-1,-1,1733414995435982592,106298015
7097,32356608,106501216,-1,-1
7098,-1,-1,1733414995406956800,20974091
7099,17731072,24006888,-1,-1
7100,-1,-1,1733414995497681152,140724328
7101,34208768,140133355,-1,-1
7102,-1,-1,1733414995481634560,83953133
7103,43459840,81583810,-1,-1
7104,-1,-1,1733414995557241856,125607017
7105,48787968,141631694,-1,-1
7106,-1,-1,1733414995549930496,142688776
7107,42656512,126561913,-1,-1
7108,-1,-1,1733414995587651328,87720814
7109,33875712,87846968,-1,-1
7110,-1,-1,1733414995626542592,38890749
7111,46949376,52067696,-1,-1
7112,-1,-1,1733414995652633856,126091159
7113,30923776,111720903,-1,-1
7114,-1,-1,1733414995686164992,133531187
7115,31810048,135622437,-1,-1
7116,-1,-1,1733414995724985600,138820437
7117,32612096,138567349,-1,-1
7118,-1,-1,1733414995798325504,223339505
7119,36868608,225765231,-1,-1
7120,-1,-1,1733414995834169344,135843873
7121,35955712,135824798,-1,-1
7122,-1,-1,1733414995819785728,135616030
7123,34904576,136956535,-1,-1
7124,-1,-1,1733414995874624768,104839031
7125,31154688,100734438,-1,-1
7126,-1,-1,1733414995854607360,29982182
7127,23850752,29719468,-1,-1
7128,-1,-1,1733414995908291584,103684316
7129,32884480,103767976,-1,-1
7130,-1,-1,1733414995885279744,26987875
7131,20964864,26939523,-1,-1
7132,-1,-1,1733414995939648768,104368961
7133,30919424,103831852,-1,-1
7134,-1,-1,1733414995926227712,36578685
7135,32019712,36982486,-1,-1
7136,-1,-1,1733414995975043584,98815834
7137,31496192,99402171,-1,-1
7138,-1,-1,1733414996016404224,41360547
7139,37988608,42356571,-1,-1
7140,-1,-1,1733414996060435712,244031196
7141,30847232,242468594,-1,-1
7142,-1,-1,1733414996103201024,92764928
7143,33405952,94135424,-1,-1
7144,-1,-1,1733414996119464704,216263568
7145,26277888,218993750,-1,-1
7146,-1,-1,1733414996174248448,104784158
7147,30903552,100757812,-1,-1
7148,-1,-1,1733414996152222720,27973540
7149,26021632,31007273,-1,-1
7150,-1,-1,1733414996207901440,105678697
7151,30770688,102612884,-1,-1
7152,-1,-1,1733414996245023232,37121876
7153,32424448,37561583,-1,-1
7154,-1,-1,1733414996293604608,198581299
7155,30895104,198063684,-1,-1
7156,-1,-1,1733414996329377536,135772568
7157,33483008,135828961,-1,-1
7158,-1,-1,1733414996325262592,45884882
7159,40791552,45700699,-1,-1
7160,-1,-1,1733414996363390720,88128018
7161,33881856,88306220,-1,-1
7162,-1,-1,1733414996357763328,44372441
7163,39917568,44418497,-1,-1
7164,-1,-1,1733414996435464960,177701445
7165,41754880,176953846,-1,-1
7166,-1,-1,1733414996471023872,85558902
7167,30328832,85944217,-1,-1
7168,-1,-1,1733414996498663168,227639075
7169,35658496,230847461,-1,-1
7170,-1,-1,1733414996548800256,150136817
7171,16100096,145049494,-1,-1
7172,-1,-1,1733414996583872256,35072019
7173,31759616,37672406,-1,-1
7174,-1,-1,1733414996647788032,163915527
7175,44883456,175618427,-1,-1
7176,-1,-1,1733414996702351872,204563612
7177,34834688,194450717,-1,-1
7178,-1,-1,1733414996721112576,118760525
7179,32411904,117323277,-1,-1
7180,-1,-1,1733414996768998144,147885368
7181,31865088,147183789,-1,-1
7182,-1,-1,1733414996737668352,18669992
7183,16878336,21895068,-1,-1
7184,-1,-1,1733414996803508480,165840405
7185,33110272,162870499,-1,-1
7186,-1,-1,1733414996787307776,33798614
7187,40921600,45699394,-1,-1
7188,-1,-1,1733414996835134208,97826524
7189,33491200,86293408,-1,-1
7190,-1,-1,1733414996875801600,40667357
7191,33433088,39301091,-1,-1
7192,-1,-1,1733414996888163328,212361303
7193,27716864,216169282,-1,-1
7194,-1,-1,1733414996978486016,140322473
7195,35661824,136699570,-1,-1
7196,-1,-1,1733414996994599168,66113312
7197,30770176,66840983,-1,-1
7198,-1,-1,1733414997012301568,117702254
7199,32771840,117623067,-1,-1
7200,-1,-1,1733414997052129536,39827706
7201,46455040,52093823,-1,-1
7202,-1,-1,1733414997063758848,111629239
7203,31660288,99960558,-1,-1
7204,-1,-1,1733414997089372416,125613213
7205,32234496,124079808,-1,-1
7206,-1,-1,1733414997125559808,36187347
7207,31304960,36892982,-1,-1
7208,-1,-1,1733414997144069632,118509659
7209,33803776,119266929,-1,-1
7210,-1,-1,1733414997183336192,39266353
7211,32705280,39457723,-1,-1
7212,-1,-1,1733414997220606464,237270244
7213,14329088,235188566,-1,-1
7214,-1,-1,1733414997306326784,235719771
7215,34875904,237568585,-1,-1
7216,-1,-1,1733414997290492672,34166125
7217,15397376,33740598,-1,-1
7218,-1,-1,1733414997382870016,192377045
7219,46230528,204419514,-1,-1
7220,-1,-1,1733414997413835520,130965360
7221,33285632,120589134,-1,-1
7222,-1,-1,1733414997468947712,205111884
7223,32044800,203643744,-1,-1
7224,-1,-1,1733414997505610240,136662231
7225,44418304,141974834,-1,-1
7226,-1,-1,1733414997485370880,29760634
7227,24771072,27737882,-1,-1
7228,-1,-1,1733414997547187712,111816665
7229,39305472,109772196,-1,-1
7230,-1,-1,1733414997522987776,25799897
7231,23294208,27372552,-1,-1
7232,-1,-1,1733414997594827008,121839119
7233,32328960,117782032,-1,-1
7234,-1,-1,1733414997564778240,19950954
7235,18912000,24460480,-1,-1
7236,-1,-1,1733414997626092800,161314359
7237,33355520,158442300,-1,-1
7238,-1,-1,1733414997629920512,103827629
7239,30909440,106792093,-1,-1
7240,-1,-1,1733414997651865344,71944490
7241,38810880,71164012,-1,-1
7242,-1,-1,1733414997691183872,89318664
7243,31922944,85727335,-1,-1
7244,-1,-1,1733414997728250624,37066280
7245,44992000,49951404,-1,-1
7246,-1,-1,1733414997761969920,133719026
7247,32580864,123201433,-1,-1
7248,-1,-1,1733414997785204480,173234462
7249,30529024,183732147,-1,-1
7250,-1,-1,1733414997805049344,69844689
7251,26018560,58141804,-1,-1
7252,-1,-1,1733414997877931776,122882116
7253,32012032,122426698,-1,-1
7254,-1,-1,1733414997896966144,69034461
7255,33240832,68980879,-1,-1
7256,-1,-1,1733414997935322880,38356657
7257,47147008,51837553,-1,-1
7258,-1,-1,1733414998001506304,266182994
7259,32666880,252701946,-1,-1
7260,-1,-1,1733414998038405376,86898700
7261,33952768,89917652,-1,-1
7262,-1,-1,1733414998075427072,87021852
7263,34726656,84644072,-1,-1
7264,-1,-1,1733414998110507776,135080436
7265,33248512,135026377,-1,-1
7266,-1,-1,1733414998148531200,38023341
7267,33409536,38532100,-1,-1
7268,-1,-1,1733414998218043904,219512329
7269,35038976,218539591,-1,-1
7270,-1,-1,1733414998265241856,147197791
7271,38630400,150224844,-1,-1
7272,-1,-1,1733414998309969664,144727743
7273,33283840,143113185,-1,-1
7274,-1,-1,1733414998386727424,276757573
7275,34077184,275922627,-1,-1
7276,-1,-1,1733414998432942336,146214749
7277,30981632,145438559,-1,-1
7278,-1,-1,1733414998482321152,149378697
7279,34815232,150403068,-1,-1
7280,-1,-1,1733414998455001088,22679678
7281,21446656,26403068,-1,-1
7282,-1,-1,1733414998521777664,166776441
7283,33744640,162906197,-1,-1
7284,-1,-1,1733414998579547648,107769644
7285,32836864,106708553,-1,-1
7286,-1,-1,1733414998626012416,146464629
7287,36976896,149664600,-1,-1
7288,-1,-1,1733414998630136576,154124406
7289,36826880,154335970,-1,-1
7290,-1,-1,1733414998686232576,106095523
7291,33870592,103772696,-1,-1
7292,-1,-1,1733414998678915584,42682969
7293,31474688,40862405,-1,-1
7294,-1,-1,1733414998750634752,121718869
7295,36003072,122328807,-1,-1
7296,-1,-1,1733414998733240832,32606054
7297,25972224,33390447,-1,-1
7298,-1,-1,1733414998798998528,115757623
7299,30945536,115538638,-1,-1
7300,-1,-1,1733414998817601280,68602717
7301,32862976,68624886,-1,-1
7302,-1,-1,1733414998857059840,39458283
7303,45836544,50853118,-1,-1
7304,-1,-1,1733414998904286208,147226114
7305,33978368,135614780,-1,-1
7306,-1,-1,1733414998922530560,118244076
7307,33077760,118744849,-1,-1
7308,-1,-1,1733414998960425728,37894837
7309,44803328,49610888,-1,-1
7310,-1,-1,1733414998988229888,127803751
7311,31552256,116349077,-1,-1
7312,-1,-1,1733414999028448512,140218548
7313,30779904,136721392,-1,-1
7314,-1,-1,1733414999093550592,165102056
7315,45210880,170511308,-1,-1
7316,-1,-1,1733414999113855744,120304794
7317,33067264,116902051,-1,-1
7318,-1,-1,1733414999148500480,134644482
7319,33439232,137863904,-1,-1
7320,-1,-1,1733414999224933376,226432772
7321,32823552,224657198,-1,-1
7322,-1,-1,1733414999286017792,211084438
7323,33894400,210415530,-1,-1
7324,-1,-1,1733414999314568960,128551039
7325,32027136,129769172,-1,-1
7326,-1,-1,1733414999369086976,154517904
7327,33857792,155322684,-1,-1
7328,-1,-1,1733414999407714560,138627329
7329,30920960,136686888,-1,-1
7330,-1,-1,1733414999429943552,222228960
7331,35671552,225243596,-1,-1
7332,-1,-1,1733414999500328192,120384150
7333,31024128,116894315,-1,-1
7334,-1,-1,1733414999487400960,37072758
7335,32872960,37689858,-1,-1
7336,-1,-1,1733414999537914368,150513187
7337,16699904,150571890,-1,-1
7338,-1,-1,1733414999594575872,106661204
7339,37534720,106833384,-1,-1
7340,-1,-1,1733414999635664128,91088429
7341,30818560,90514518,-1,-1
7342,-1,-1,1733414999662858240,127193926
7343,32388096,127750778,-1,-1
7344,-1,-1,1733414999664141824,51283311
7345,45772288,50894487,-1,-1
7346,-1,-1,1733414999703431168,89289185
7347,32874752,89422409,-1,-1
7348,-1,-1,1733414999739419136,35987566
7349,32892928,37971084,-1,-1
7350,-1,-1,1733414999774187776,134768361
7351,35251968,134897696,-1,-1
7352,-1,-1,1733414999863905280,339717301
7353,32900352,337529946,-1,-1
7354,-1,-1,1733414999878504704,64599357
7355,30797824,64632246,-1,-1
7356,-1,-1,1733414999896169728,117664968
7357,32885248,120860168,-1,-1
7358,-1,-1,1733414999973904640,127734505
7359,38009344,124765868,-1,-1
7360,-1,-1,1733414999988493312,64588716
7361,31353600,64429002,-1,-1
7362,-1,-1,1733415000026411264,37917473
7363,45392896,50579977,-1,-1
7364,-1,-1,1733415000061898496,185487166
7365,31067136,172932675,-1,-1
7366,-1,-1,1733415000043647232,31748568
7367,24872448,30820830,-1,-1
7368,-1,-1,1733415000110746368,117099015
7369,31106304,117667144,-1,-1
7370,-1,-1,1733415000128585728,67838944
7371,33665280,68427744,-1,-1
7372,-1,-1,1733415000118677248,40091775
7373,38934784,42142227,-1,-1
7374,-1,-1,1733415000159715072,91037332
7375,32837632,88650272,-1,-1
7376,-1,-1,1733415000198643712,38928574
7377,45816832,50875531,-1,-1
7378,-1,-1,1733415000228642816,129998934
7379,36859136,119642713,-1,-1
7380,-1,-1,1733415000267969792,139326911
7381,35482880,139243705,-1,-1
7382,-1,-1,1733415000290452224,122482147
7383,32887296,121007866,-1,-1
7384,-1,-1,1733415000328407040,37954782
7385,40827904,45758767,-1,-1
7386,-1,-1,1733415000375863552,147455915
7387,44934912,151669122,-1,-1
7388,-1,-1,1733415000410455296,184591781
7389,32937216,172270530,-1,-1
7390,-1,-1,1733415000396037120,35581669
7391,34340352,39307971,-1,-1
7392,-1,-1,1733415000447804672,101767310
7393,30750976,98112026,-1,-1
7394,-1,-1,1733415000431545856,33741062
7395,27898368,34322204,-1,-1
7396,-1,-1,1733415000496441088,114894929
7397,31399936,114760143,-1,-1
7398,-1,-1,1733415000508971520,62530229
7399,31170816,62601733,-1,-1
7400,-1,-1,1733415000547923968,38952421
7401,44913664,50726583,-1,-1
7402,-1,-1,1733415000582865664,134941472
7403,33822720,120497301,-1,-1
7404,-1,-1,1733415000597989632,115123818
7405,32734720,117344295,-1,-1
7406,-1,-1,1733415000635017984,37028083
7407,42647808,47780363,-1,-1
7408,-1,-1,1733415000670695936,135677960
7409,52740352,140894579,-1,-1
7410,-1,-1,1733415000698561024,127864814
7411,33782016,114610566,-1,-1
7412,-1,-1,1733415000828897536,530336597
7413,33411840,528000874,-1,-1
7414,-1,-1,1733415000902814976,223917197
7415,31625472,224435343,-1,-1
7416,-1,-1,1733415000945495808,92680722
7417,33608448,91624547,-1,-1
7418,-1,-1,1733415000984043264,138547149
7419,33637376,139648082,-1,-1
7420,-1,-1,1733415001040553472,206510203
7421,31284992,205456568,-1,-1
7422,-1,-1,1733415001096669440,206115785
7423,31750656,205287584,-1,-1
7424,-1,-1,1733415001130633216,83963545
7425,32178176,86190519,-1,-1
7426,-1,-1,1733415001166434304,85800927
7427,35769088,88310640,-1,-1
7428,-1,-1,1733415001210832128,194397867
7429,39940096,190664685,-1,-1
7430,-1,-1,1733415001218235392,57403079
7431,24860160,56577632,-1,-1
7432,-1,-1,1733415001266798336,148562718
7433,17338624,152833355,-1,-1
7434,-1,-1,1733415001298610944,81812559
7435,45613568,77375048,-1,-1
7436,-1,-1,1733415001338353664,89742678
7437,33049856,90958540,-1,-1
7438,-1,-1,1733415001340359936,52006042
7439,46378240,51712818,-1,-1
7440,-1,-1,1733415001382811648,92451423
7441,33195520,92557691,-1,-1
7442,-1,-1,1733415001419361792,36550024
7443,31655936,36701721,-1,-1
7444,-1,-1,1733415001457764096,138402040
7445,30738432,137836300,-1,-1
7446,-1,-1,1733415001472933888,165169951
7447,32460288,178134711,-1,-1
7448,-1,-1,1733415001501547520,78613333
7449,32585984,65005024,-1,-1
7450,-1,-1,1733415001563797248,62249323
7451,32866816,65004968,-1,-1
7452,-1,-1,1733415001631167488,217370405
7453,36480512,218232024,-1,-1
7454,-1,-1,1733415001622306048,141138176
7455,33782528,141550272,-1,-1
7456,-1,-1,1733415001690058240,117752234
7457,30703872,114596358,-1,-1
7458,-1,-1,1733415001718707712,78649269
7459,31765760,77736669,-1,-1
7460,-1,-1,1733415001756290560,37582596
7461,32949248,38048910,-1,-1
7462,-1,-1,1733415001781273088,124982352
7463,32941824,125774452,-1,-1
7464,-1,-1,1733415001821370368,40097168
7465,46189312,51700896,-1,-1
7466,-1,-1,1733415001866373120,145002463
7467,32034048,132859877,-1,-1
7468,-1,-1,1733415001892498176,126125054
7469,32674304,126466380,-1,-1
7470,-1,-1,1733415001932337664,39839465
7471,47334912,52388107,-1,-1
7472,-1,-1,1733415001965987584,133649662
7473,32430592,122305974,-1,-1
7474,-1,-1,1733415002025899264,159911571
7475,33822720,160423334,-1,-1
7476,-1,-1,1733415002063265024,137365344
7477,31251712,135997291,-1,-1
7478,-1,-1,1733415002094765824,131500793
7479,30925568,131175228,-1,-1
7480,-1,-1,1733415002131074560,36308665
7481,32862464,37957382,-1,-1
7482,-1,-1,1733415002187725824,156650966
7483,33910528,156683606,-1,-1
7484,-1,-1,1733415002254135552,166409587
7485,44890624,176443934,-1,-1
7486,-1,-1,1733415002264513024,110377336
7487,34200320,99097238,-1,-1
7488,-1,-1,1733415002337935104,173422046
7489,31042816,173297763,-1,-1
7490,-1,-1,1733415002367558144,129623009
7491,34732800,129240638,-1,-1
7492,-1,-1,1733415002405204480,37645893
7493,32808704,37903433,-1,-1
7494,-1,-1,1733415002481585664,226381113
7495,35808512,228388197,-1,-1
7496,-1,-1,1733415002529881600,148295826
7497,32011776,145429221,-1,-1
7498,-1,-1,1733415002607867904,277986117
7499,33011968,280516854,-1,-1
7500,-1,-1,1733415002625317376,67449142
7501,30591488,65685326,-1,-1
7502,-1,-1,1733415002699862784,174545441
7503,44853760,186413277,-1,-1
7504,-1,-1,1733415002715969024,116105892
7505,31353088,104098643,-1,-1
7506,-1,-1,1733415002792510720,276541699
7507,15913216,277696665,-1,-1
7508,-1,-1,1733415002885982464,193471430
7509,32935680,192394217,-1,-1
7510,-1,-1,1733415002940792320,104810066
7511,34071296,104870343,-1,-1
7512,-1,-1,1733415002938776832,147984210
7513,33718528,150152641,-1,-1
7514,-1,-1,1733415002998744832,109967856
7515,34582016,107975329,-1,-1
7516,-1,-1,1733415002984155648,35410558
7517,30545152,36603511,-1,-1
7518,-1,-1,1733415003033101824,148946033
7519,15887872,146613222,-1,-1
7520,-1,-1,1733415003129442048,246340150
7521,32996352,247311903,-1,-1
7522,-1,-1,1733415003123537408,44094975
7523,14900224,43844242,-1,-1
7524,-1,-1,1733415003217947392,144410186
7525,35016192,147687556,-1,-1
7526,-1,-1,1733415003300070912,282123362
7527,33779200,279875799,-1,-1
7528,-1,-1,1733415003376406784,226335189
7529,30829824,225432806,-1,-1
7530,-1,-1,1733415003470624512,294217715
7531,30796544,294221663,-1,-1
7532,-1,-1,1733415003574427648,253802917
7533,33085696,255531740,-1,-1
7534,-1,-1,1733415003561049088,36621400
7535,15411712,35193955,-1,-1
7536,-1,-1,1733415003630204160,219154986
7537,27065600,219047773,-1,-1
7538,-1,-1,1733415003640059904,59855639
7539,30736384,62728672,-1,-1
7540,-1,-1,1733415003706672384,116612063
7541,31796992,113798305,-1,-1
7542,-1,-1,1733415003718599168,61926288
7543,31017472,61646102,-1,-1
7544,-1,-1,1733415003756896768,38297661
7545,33046016,38034620,-1,-1
7546,-1,-1,1733415003777868288,120971154
7547,32397824,122100414,-1,-1
7548,-1,-1,1733415003803031552,175163331
7549,27861504,187322827,-1,-1
7550,-1,-1,1733415003828401664,75369815
7551,34845952,67450015,-1,-1
7552,-1,-1,1733415003917954304,139552750
7553,37380608,137476263,-1,-1
7554,-1,-1,1733415003902653696,134698945
7555,35703296,134724095,-1,-1
7556,-1,-1,1733415003952794624,150140749
7557,15512832,146597313,-1,-1
7558,-1,-1,1733415004010865664,158070925
7559,31065856,158702154,-1,-1
7560,-1,-1,1733415004010700032,49834304
7561,43000320,49689519,-1,-1
7562,-1,-1,1733415004074344704,113644192
7563,31405056,113160745,-1,-1
7564,-1,-1,1733415004141739776,217395138
7565,32905472,218952835,-1,-1
7566,-1,-1,1733415004194263296,152523515
7567,32636416,150263662,-1,-1
7568,-1,-1,1733415004173803008,129539683
7569,35796480,136905866,-1,-1
7570,-1,-1,1733415004218491136,144687936
7571,33765376,141622091,-1,-1
7572,-1,-1,1733415004275348480,106856891
7573,33881344,104721964,-1,-1
7574,-1,-1,1733415004249077760,23729409
7575,21476352,25762391,-1,-1
7576,-1,-1,1733415004316597760,167519930
7577,32856320,163579622,-1,-1
7578,-1,-1,1733415004336788224,70190009
7579,33810688,73709342,-1,-1
7580,-1,-1,1733415004313367552,26579375
7581,23941120,27327903,-1,-1
7582,-1,-1,1733415004328062976,64695198
7583,40648192,73504762,-1,-1
7584,-1,-1,1733415004379889408,101826418
7585,33322496,90168602,-1,-1
7586,-1,-1,1733415004418739200,38849465
7587,44123392,50437341,-1,-1
7588,-1,-1,1733415004450936832,132197666
7589,41835520,130581532,-1,-1
7590,-1,-1,1733415004477622272,176685227
7591,31928320,166452141,-1,-1
7592,-1,-1,1733415004456042240,28419825
7593,26902016,31859214,-1,-1
7594,-1,-1,1733415004506863104,150820726
7595,16933120,146788401,-1,-1
7596,-1,-1,1733415004544639488,37776173
7597,33389568,38182307,-1,-1
7598,-1,-1,1733415004596825344,202185596
7599,41421056,202030974,-1,-1
7600,-1,-1,1733415004627447808,80622433
7601,30457856,80663506,-1,-1
7602,-1,-1,1733415004642079488,114631511
7603,34028544,115819375,-1,-1
7604,-1,-1,1733415004639034880,46954995
7605,42469120,46395383,-1,-1
7606,-1,-1,1733415004678510592,139475695
7607,42701568,139899906,-1,-1
7608,-1,-1,1733415004738304000,109793372
7609,32796928,110705872,-1,-1
7610,-1,-1,1733415004738391808,50087610
7611,31995904,49075501,-1,-1
7612,-1,-1,1733415004767301120,128909049
7613,31305728,127942400,-1,-1
7614,-1,-1,1733415004741115648,23814483
7615,20807168,26380184,-1,-1
7616,-1,-1,1733415004809693696,168577912
7617,34192896,166997251,-1,-1
7618,-1,-1,1733415004798498560,38804702
7619,37792512,43620285,-1,-1
7620,-1,-1,1733415004865848320,117349736
7621,32806144,113485756,-1,-1
7622,-1,-1,1733415004891241472,175392660
7623,30836992,173800572,-1,-1
7624,-1,-1,1733415004876145152,34904107
7625,28017920,33876612,-1,-1
7626,-1,-1,1733415004944330752,118184748
7627,31315712,119138391,-1,-1
7628,-1,-1,1733415004955703296,61372637
7629,32832512,61222479,-1,-1
7630,-1,-1,1733415004953739264,48035672
7631,42804480,47848038,-1,-1
7632,-1,-1,1733415005016165888,112426467
7633,46886144,126720306,-1,-1
7634,-1,-1,1733415005041925632,125759748
7635,31987200,111818893,-1,-1
7636,-1,-1,1733415005076581376,134655412
7637,45816832,149568923,-1,-1
7638,-1,-1,1733415005107227136,130645646
7639,31035648,115721399,-1,-1
7640,-1,-1,1733415005143924992,136697728
7641,38851584,144517288,-1,-1
7642,-1,-1,1733415005174590464,180665129
7643,31899648,172364001,-1,-1
7644,-1,-1,1733415005144185088,19594704
7645,17853696,23074356,-1,-1
7646,-1,-1,1733415005212992256,118806736
7647,34698752,117838743,-1,-1
7648,-1,-1,1733415005252668160,89675977
7649,44782592,99426032,-1,-1
7650,-1,-1,1733415005283696128,131027710
7651,45815552,133697622,-1,-1
7652,-1,-1,1733415005312027648,128331528
7653,31321344,114108462,-1,-1
7654,-1,-1,1733415005380267776,218239806
7655,36989184,221222954,-1,-1
7656,-1,-1,1733415005343057920,62789823
7657,40637184,72461157,-1,-1
7658,-1,-1,1733415005399846400,106788600
7659,36617472,96482452,-1,-1
7660,-1,-1,1733415005396143616,46296947
7661,42424064,45727641,-1,-1
7662,-1,-1,1733415005446340096,100196412
7663,34048256,98334394,-1,-1
7664,-1,-1,1733415005495601152,49260882
7665,43818240,48659201,-1,-1
7666,-1,-1,1733415005511914496,166312902
7667,33900800,167603513,-1,-1
7668,-1,-1,1733415005486808320,24893753
7669,19804160,23737818,-1,-1
7670,-1,-1,1733415005544842496,108033931
7671,33076224,110020982,-1,-1
7672,-1,-1,1733415005560793856,65951363
7673,31759616,64478517,-1,-1
7674,-1,-1,1733415005553421824,42627799
7675,36894464,42104444,-1,-1
7676,-1,-1,1733415005630871552,127449340
7677,43458560,139168800,-1,-1
7678,-1,-1,1733415005677681920,196810085
7679,35217408,185645241,-1,-1
7680,-1,-1,1733415005657067776,29385875
7681,26401280,31998855,-1,-1
7682,-1,-1,1733415005723630080,116561967
7683,34527744,115434406,-1,-1
7684,-1,-1,1733415005746742784,73112781
7685,31878912,72092254,-1,-1
7686,-1,-1,1733415005785950720,139207734
7687,32990720,137720308,-1,-1
7688,-1,-1,1733415005778108928,42157771
7689,35931904,42899340,-1,-1
7690,-1,-1,1733415005841730560,113621856
7691,33217024,113843477,-1,-1
7692,-1,-1,1733415005864045056,222314166
7693,30747904,225198215,-1,-1
7694,-1,-1,1733415005909707520,145662311
7695,13833472,142418824,-1,-1
7696,-1,-1,1733415005958402304,148694321
7697,15860224,148628088,-1,-1
7698,-1,-1,1733415005994560256,36157971
7699,31046912,36083712,-1,-1
7700,-1,-1,1733415006037879040,143318514
7701,31829248,143506900,-1,-1
7702,-1,-1,1733415006074804736,36925676
7703,31668736,36725396,-1,-1
7704,-1,-1,1733415006094714112,119909173
7705,33651968,121130705,-1,-1
7706,-1,-1,1733415006126780160,132065741
7707,15012608,130342133,-1,-1
7708,-1,-1,1733415006162028544,35248350
7709,31099648,36071749,-1,-1
7710,-1,-1,1733415006203875328,141846597
7711,32534784,142048353,-1,-1
7712,-1,-1,1733415006193543168,39667504
7713,30906368,39320225,-1,-1
7714,-1,-1,1733415006214033408,120490164
7715,41899776,132673901,-1,-1
7716,-1,-1,1733415006255590400,141556935
7717,36665600,129284201,-1,-1
7718,-1,-1,1733415006292316416,36725757
7719,33526016,38719320,-1,-1
7720,-1,-1,1733415006265565440,23249199
7721,16898816,21249078,-1,-1
7722,-1,-1,1733415006365979648,200413845
7723,45769472,212396772,-1,-1
7724,-1,-1,1733415006369650688,103670744
7725,30820608,91800249,-1,-1
7726,-1,-1,1733415006394693376,125042660
7727,37155584,128422897,-1,-1
7728,-1,-1,1733415006384205056,39511343
7729,32814592,36044294,-1,-1
7730,-1,-1,1733415006419834368,85629441
7731,31186944,84670716,-1,-1
7732,-1,-1,1733415006456721152,36886614
7733,44872192,50036475,-1,-1
7734,-1,-1,1733415006492544256,135822880
7735,45881088,135751842,-1,-1
7736,-1,-1,1733415006514286336,171741779
7737,33243136,160832193,-1,-1
7738,-1,-1,1733415006486184960,21898381
7739,18906112,24540843,-1,-1
7740,-1,-1,1733415006539416064,103231206
7741,34380032,101218324,-1,-1
7742,-1,-1,1733415006514505984,25089723
7743,20796160,23448090,-1,-1
7744,-1,-1,1733415006589113600,124607245
7745,32210944,123542318,-1,-1
7746,-1,-1,1733415006602313984,63200159
7747,31837440,63848393,-1,-1
7748,-1,-1,1733415006591072000,38757934
7749,33759488,38846835,-1,-1
7750,-1,-1,1733415006653602560,112530496
7751,41774080,123691224,-1,-1
7752,-1,-1,1733415006711322624,207719792
7753,31266304,195740089,-1,-1
7754,-1,-1,1733415006743731456,132408563
7755,32362752,133227541,-1,-1
7756,-1,-1,1733415006806754560,163023079
7757,33963008,162633418,-1,-1
7758,-1,-1,1733415006828505856,171751205
7759,33895936,173055162,-1,-1
7760,-1,-1,1733415006880201728,101695540
7761,36065280,104394817,-1,-1
7762,-1,-1,1733415006867899904,137698295
7763,28471808,137343519,-1,-1
7764,-1,-1,1733415006927255552,109355295
7765,32323072,106151382,-1,-1
7766,-1,-1,1733415006906645248,29389643
7767,26844672,32431050,-1,-1
7768,-1,-1,1733415006961502720,104857170
7769,33996032,104867518,-1,-1
7770,-1,-1,1733415006941142016,29639296
7771,25541632,30452107,-1,-1
7772,-1,-1,1733415006995111424,103969006
7773,34021888,103198974,-1,-1
7774,-1,-1,1733415006972814848,27703615
7775,25621504,28113293,-1,-1
7776,-1,-1,1733415007027195904,104380625
7777,31703808,101196808,-1,-1
7778,-1,-1,1733415007004448256,27252510
7779,24004608,30289465,-1,-1
7780,-1,-1,1733415007070350592,115902037
7781,37745664,117495201,-1,-1
7782,-1,-1,1733415007086360576,66009696
7783,31908864,61924999,-1,-1
7784,-1,-1,1733415007076928256,40567590
7785,34391552,39754077,-1,-1
7786,-1,-1,1733415007120861184,143932720
7787,45007360,143822340,-1,-1
7788,-1,-1,1733415007157238784,136377399
7789,36516608,136398946,-1,-1
7790,-1,-1,1733415007162171136,54932456
7791,25704704,58957430,-1,-1
7792,-1,-1,1733415007221019904,108848541
7793,31050240,104800497,-1,-1
7794,-1,-1,1733415007196668416,25648502
7795,24316928,29602530,-1,-1
7796,-1,-1,1733415007240223232,143554596
7797,19992320,142988422,-1,-1
7798,-1,-1,1733415007268611584,78388072
7799,41639680,74620560,-1,-1
7800,-1,-1,1733415007327240448,108628839
7801,32726016,110704851,-1,-1
7802,-1,-1,1733415007360189184,182948708
7803,33818624,182510124,-1,-1
7804,-1,-1,1733415007336006912,25817457
7805,23713024,28044785,-1,-1
7806,-1,-1,1733415007405728512,169721421
7807,32930048,166536564,-1,-1
7808,-1,-1,1733415007443531520,137802807
7809,33475840,137689099,-1,-1
7810,-1,-1,1733415007437297920,43766418
7811,40776192,45699890,-1,-1
7812,-1,-1,1733415007456557312,119259113
7813,44452608,119762565,-1,-1
7814,-1,-1,1733415007486832896,130275494
7815,38399488,127572716,-1,-1
7816,-1,-1,1733415007500028160,113195211
7817,40923392,125646538,-1,-1
7818,-1,-1,1733415007549381888,49353468
7819,33150976,38084129,-1,-1
7820,-1,-1,1733415007543781888,94399824
7821,38696448,93306438,-1,-1
7822,-1,-1,1733415007604545792,110763395
7823,32769024,110729007,-1,-1
7824,-1,-1,1733415007620668672,216122751
7825,30894336,216334443,-1,-1
7826,-1,-1,1733415007632540416,61871751
7827,38489600,73755468,-1,-1
7828,-1,-1,1733415007671926784,139386378
7829,44248064,127458992,-1,-1
7830,-1,-1,1733415007718444800,96517725
7831,32699648,95706069,-1,-1
7832,-1,-1,1733415007709515264,41070442
7833,36818176,41997374,-1,-1
7834,-1,-1,1733415007746159360,86643846
7835,32241408,85540269,-1,-1
7836,-1,-1,1733415007783000320,36840824
7837,44910848,50059428,-1,-1
7838,-1,-1,1733415007814818304,131817652
7839,33632768,121817719,-1,-1
7840,-1,-1,1733415007836679936,171861669
7841,31954432,170211299,-1,-1
7842,-1,-1,1733415007811191552,24511331
7843,23625728,27029658,-1,-1
7844,-1,-1,1733415007878640384,117449053
7845,31360768,114994162,-1,-1
7846,-1,-1,1733415007855721216,27080158
7847,25296640,29807100,-1,-1
7848,-1,-1,1733415007908231936,102510760
7849,31008000,99333248,-1,-1
7850,-1,-1,1733415007878138368,19906195
7851,18038784,22915082,-1,-1
7852,-1,-1,1733415007930567680,102429080
7853,30681344,98517515,-1,-1
7854,-1,-1,1733415007909007360,28439611
7855,27690240,32949631,-1,-1
7856,-1,-1,1733415007958425088,99417691
7857,31575296,96450144,-1,-1
7858,-1,-1,1733415007939897600,31472118
7859,28647680,33458922,-1,-1
7860,-1,-1,1733415007986262528,96364905
7861,31974400,94021536,-1,-1
7862,-1,-1,1733415007965033216,28770364
7863,25841408,31217447,-1,-1
7864,-1,-1,1733415008018731264,103698182
7865,31294464,101127910,-1,-1
7866,-1,-1,1733415007995056128,26324301
7867,23185152,28787236,-1,-1
7868,-1,-1,1733415008036966912,141910755
7869,14956032,139251126,-1,-1
7870,-1,-1,1733415008073634048,36666992
7871,33143296,38049879,-1,-1
7872,-1,-1,1733415008100556800,126922466
7873,32692736,125278264,-1,-1
7874,-1,-1,1733415008136633344,36076408
7875,32671744,37899911,-1,-1
7876,-1,-1,1733415008156971776,120338348
7877,30791680,118706049,-1,-1
7878,-1,-1,1733415008180518912,123546875
7879,32834048,123477754,-1,-1
7880,-1,-1,1733415008173294336,42775649
7881,39912448,44916056,-1,-1
7882,-1,-1,1733415008203160064,129865301
7883,42071808,127457584,-1,-1
7884,-1,-1,1733415008228654336,125493956
7885,45804800,125676951,-1,-1
7886,-1,-1,1733415008266538240,87883848
7887,34568192,91406704,-1,-1
7888,-1,-1,1733415008281540352,65001896
7889,31366144,61530587,-1,-1
7890,-1,-1,1733415008258041088,26500491
7891,20972800,26535739,-1,-1
7892,-1,-1,1733415008305583872,97542768
7893,32133120,98839965,-1,-1
7894,-1,-1,1733415008280379904,24795681
7895,22193920,28614463,-1,-1
7896,-1,-1,1733415008338118144,107738222
7897,36299776,105804841,-1,-1
7898,-1,-1,1733415008315282176,27163601
7899,22391808,26845381,-1,-1
7900,-1,-1,1733415008368684800,103402720
7901,34080512,102333388,-1,-1
7902,-1,-1,1733415008344544512,25859427
7903,21646080,27317296,-1,-1
7904,-1,-1,1733415008399669504,105124774
7905,32856832,99433556,-1,-1
7906,-1,-1,1733415008371118848,21448945
7907,15751424,23914653,-1,-1
7908,-1,-1,1733415008446289152,125170345
7909,32853760,125642233,-1,-1
7910,-1,-1,1733415008428231424,131941710
7911,28870656,131464730,-1,-1
7912,-1,-1,1733415008480726528,102495332
7913,35409152,102652091,-1,-1
7914,-1,-1,1733415008455746816,25019851
7915,16942592,25040367,-1,-1
7916,-1,-1,1733415008469154560,113407589
7917,26658304,116309529,-1,-1
7918,-1,-1,1733415008534787328,115632833
7919,32509184,114246981,-1,-1
7920,-1,-1,1733415008508818432,24030880
7921,16305920,22181931,-1,-1
7922,-1,-1,1733415008589103360,230284802
7923,38367232,231294206,-1,-1
7924,-1,-1,1733415008593400576,154297006
7925,30922752,156702084,-1,-1
7926,-1,-1,1733415008615252480,71851935
7927,38762752,71570532,-1,-1
7928,-1,-1,1733415008657193728,91941015
7929,30835712,88724840,-1,-1
7930,-1,-1,1733415008651744256,44550372
7931,41142272,46650972,-1,-1
7932,-1,-1,1733415008716339456,114595076
7933,31724032,112699898,-1,-1
7934,-1,-1,1733415008725818368,159478765
7935,42754560,159408989,-1,-1
7936,-1,-1,1733415008753366272,127547425
7937,45630720,127498522,-1,-1
7938,-1,-1,1733415008808869120,105502635
7939,32929280,107802474,-1,-1
7940,-1,-1,1733415008800605184,141736068
7941,20855040,139562985,-1,-1
7942,-1,-1,1733415008829862144,29256797
7943,19405568,28789805,-1,-1
7944,-1,-1,1733415008831096832,51234209
7945,20761344,50738667,-1,-1
7946,-1,-1,1733415008877223936,96127294
7947,36343552,98799776,-1,-1
7948,-1,-1,1733415008854770688,27546603
7949,17968640,25694061,-1,-1
7950,-1,-1,1733415008887223552,132452553
7951,22902016,132638105,-1,-1
7952,-1,-1,1733415008933012224,95800384
7953,31992320,95824973,-1,-1
7954,-1,-1,1733415008942101248,109077182
7955,33132544,110765171,-1,-1
7956,-1,-1,1733415008997396224,55294751
7957,20825600,53567673,-1,-1
7958,-1,-1,1733415008999121920,101725527
7959,33337600,102128389,-1,-1
7960,-1,-1,1733415009018109440,118987356
7961,37718784,118503658,-1,-1
7962,-1,-1,1733415009045520896,77411303
7963,30827008,77366726,-1,-1
7964,-1,-1,1733415009072755456,127234406
7965,32147200,127365962,-1,-1
7966,-1,-1,1733415009094729984,121974482
7967,33584640,122507351,-1,-1
7968,-1,-1,1733415009078152960,33422762
7969,39899136,44190455,-1,-1
7970,-1,-1,1733415009137442816,159289602
7971,37420800,146521108,-1,-1
7972,-1,-1,1733415009150375936,162932957
7973,30803968,166328049,-1,-1
7974,-1,-1,1733415009155264000,54887993
7975,31260672,64875088,-1,-1
7976,-1,-1,1733415009217227264,161963183
7977,38057472,150164664,-1,-1
7978,-1,-1,1733415009228040960,160813467
7979,15332352,160679985,-1,-1
7980,-1,-1,1733415009265009152,36967883
7981,32169984,37191042,-1,-1
7982,-1,-1,1733415009311563264,146554132
7983,33107968,148550099,-1,-1
7984,-1,-1,1733415009312348160,50784640
7985,32834816,47483917,-1,-1
7986,-1,-1,1733415009304039680,141691438
7987,27898368,142696864,-1,-1
7988,-1,-1,1733415009370355968,66315976
7989,32685056,67647908,-1,-1
7990,-1,-1,1733415009346669056,126313033
7991,39870464,136710144,-1,-1
7992,-1,-1,1733415009419867136,123198001
7993,33853952,113611393,-1,-1
7994,-1,-1,1733415009444322048,174454659
7995,35534080,174141454,-1,-1
7996,-1,-1,1733415009424174336,29852041
7997,21400064,28143613,-1,-1
7998,-1,-1,1733415009443502336,119327836
7999,26859776,121713707,-1,-1
8000,-1,-1,1733415009503894016,110391722
8001,33686784,108614542,-1,-1
8002,-1,-1,1733415009483624960,29730806
8003,21758208,29043013,-1,-1
8004,-1,-1,1733415009524333568,140708466
8005,32704000,140510703,-1,-1
8006,-1,-1,1733415009555650560,131316660
8007,16771584,131642537,-1,-1
8008,-1,-1,1733415009596521728,40871044
8009,35896832,40816876,-1,-1
8010,-1,-1,1733415009611022336,114500327
8011,30484736,114341003,-1,-1
8012,-1,-1,1733415009647804672,136782149
8013,32845056,138983549,-1,-1
8014,-1,-1,1733415009671077632,223272862
8015,17233408,221742097,-1,-1
8016,-1,-1,1733415009731053312,159975544
8017,31735808,160014987,-1,-1
8018,-1,-1,1733415009771331584,140278256
8019,32909312,140786379,-1,-1
8020,-1,-1,1733415009757811200,136479432
8021,43771392,147487976,-1,-1
8022,-1,-1,1733415009779567360,121755992
8023,44752128,123663038,-1,-1
8024,-1,-1,1733415009855232256,125664464
8025,32589568,111898794,-1,-1
8026,-1,-1,1733415009841798656,136566372
8027,35940352,149393533,-1,-1
8028,-1,-1,1733415009871053568,129254977
8029,33560576,127572831,-1,-1
8030,-1,-1,1733415009921308160,50255185
8031,35551488,40503487,-1,-1
8032,-1,-1,1733415009895166208,23857142
8033,20042240,25414479,-1,-1
8034,-1,-1,1733415009953601536,158435380
8035,33826560,156516625,-1,-1
8036,-1,-1,1733415009939554304,35952155
8037,41865984,46768003,-1,-1
8038,-1,-1,1733415010013508096,123953879
8039,34411008,113288468,-1,-1
8040,-1,-1,1733415010043659264,180150932
8041,34943488,182767497,-1,-1
8042,-1,-1,1733415010025391872,31732592
8043,22678272,26686119,-1,-1
8044,-1,-1,1733415010046324992,120932908
8045,27204096,123034221,-1,-1
8046,-1,-1,1733415010107646464,111321146
8047,32897280,110351933,-1,-1
8048,-1,-1,1733415010081636608,23990134
8049,18764288,23770842,-1,-1
8050,-1,-1,1733415010140046592,158409909
8051,31574272,159268179,-1,-1
8052,-1,-1,1733415010185021952,144975031
8053,32571904,144511031,-1,-1
8054,-1,-1,1733415010251038720,166016725
8055,34781184,167200209,-1,-1
8056,-1,-1,1733415010287863808,136824843
8057,32700672,136928513,-1,-1
8058,-1,-1,1733415010318721024,130857102
8059,32760320,130677295,-1,-1
8060,-1,-1,1733415010351634688,132913568
8061,46394112,143631803,-1,-1
8062,-1,-1,1733415010389232896,137597931
8063,43985920,137407138,-1,-1
8064,-1,-1,1733415010416607232,177374261
8065,32769024,165330056,-1,-1
8066,-1,-1,1733415010404702208,38094843
8067,33624320,40734157,-1,-1
8068,-1,-1,1733415010461159168,106456701
8069,31929088,104931609,-1,-1
8070,-1,-1,1733415010435287040,24127806
8071,20325888,26285921,-1,-1
8072,-1,-1,1733415010485275904,99988654
8073,32431616,96348027,-1,-1
8074,-1,-1,1733415010459538944,24262903
8075,22690048,27814586,-1,-1
8076,-1,-1,1733415010516412416,106873132
8077,32560896,105325613,-1,-1
8078,-1,-1,1733415010494071296,27658871
8079,22649344,29426789,-1,-1
8080,-1,-1,1733415010537226496,143155238
8081,14647552,139544063,-1,-1
8082,-1,-1,1733415010573017344,35790565
8083,32768768,37587585,-1,-1
8084,-1,-1,1733415010630080000,157062366
8085,33261312,157986605,-1,-1
8086,-1,-1,1733415010676761600,146681793
8087,38027008,146397102,-1,-1
8088,-1,-1,1733415010720165120,193403157
8089,31502080,191846153,-1,-1
8090,-1,-1,1733415010699801088,29635825
8091,24975104,31455683,-1,-1
8092,-1,-1,1733415010762557952,162756620
8093,32937216,160356782,-1,-1
8094,-1,-1,1733415010760154112,97596167
8095,27414528,100848304,-1,-1
8096,-1,-1,1733415010800852480,140698137
8097,37959680,140573524,-1,-1
8098,-1,-1,1733415010867263488,166410977
8099,33137152,163737917,-1,-1
8100,-1,-1,1733415010864360192,47096510
8101,41068544,46578900,-1,-1
8102,-1,-1,1733415010903123456,88763153
8103,33747456,89443221,-1,-1
8104,-1,-1,1733415010898963968,45840126
8105,40801792,44964518,-1,-1
8106,-1,-1,1733415010974562048,125598205
8107,34751744,125601272,-1,-1
8108,-1,-1,1733415010987724288,213161941
8109,15764224,213274212,-1,-1
8110,-1,-1,1733415011024320256,36595412
8111,31941120,36958800,-1,-1
8112,-1,-1,1733415011049886464,225565889
8113,34918912,228356618,-1,-1
8114,-1,-1,1733415011096536576,96650105
8115,33504256,95072210,-1,-1
8116,-1,-1,1733415011073515264,26979002
8117,23906560,28587146,-1,-1
8118,-1,-1,1733415011132132352,158616405
8119,32806912,154492461,-1,-1
8120,-1,-1,1733415011112815104,30682269
8121,38926848,43967383,-1,-1
8122,-1,-1,1733415011185609984,122795182
8123,45736192,123592641,-1,-1
8124,-1,-1,1733415011214591744,178981486
8125,33509120,166249397,-1,-1
8126,-1,-1,1733415011184960000,20368024
8127,19921920,23285163,-1,-1
8128,-1,-1,1733415011242454784,107494554
8129,30959872,103783610,-1,-1
8130,-1,-1,1733415011228472576,36017721
8131,30641408,36053622,-1,-1
8132,-1,-1,1733415011300389120,121916426
8133,37393408,124869494,-1,-1
8134,-1,-1,1733415011273337856,22948687
8135,15944960,20484733,-1,-1
8136,-1,-1,1733415011292905984,119568011
8137,31241216,126669722,-1,-1
8138,-1,-1,1733415011356645376,163738935
8139,30466816,156592756,-1,-1
8140,-1,-1,1733415011347501824,40856209
8141,35821056,40812996,-1,-1
8142,-1,-1,1733415011408016896,110515053
8143,33117440,111908094,-1,-1
8144,-1,-1,1733415011391606528,133589339
8145,41601024,144554904,-1,-1
8146,-1,-1,1733415011447110400,105503774
8147,30774528,92532308,-1,-1
8148,-1,-1,1733415011428565504,31455078
8149,37692672,42910334,-1,-1
8150,-1,-1,1733415011457917440,129351615
8151,40550656,118516830,-1,-1
8152,-1,-1,1733415011515615488,107698113
8153,45811456,120798798,-1,-1
8154,-1,-1,1733415011541106176,175490271
8155,34896384,163590899,-1,-1
8156,-1,-1,1733415011517116160,26009987
8157,22001920,25981954,-1,-1
8158,-1,-1,1733415011575145984,158029578
8159,32861184,155349754,-1,-1
8160,-1,-1,1733415011554964736,29818591
8161,37767936,42954916,-1,-1
8162,-1,-1,1733415011603411456,98446677
8163,30775040,86591219,-1,-1
8164,-1,-1,1733415011595066624,41654905
8165,36827392,41924306,-1,-1
8166,-1,-1,1733415011602913024,107846161
8167,38995968,118905532,-1,-1
8168,-1,-1,1733415011662289920,159376966
8169,27340288,148363297,-1,-1
8170,-1,-1,1733415011708300800,146010634
8171,31512064,145774434,-1,-1
8172,-1,-1,1733415011682633984,24333023
8173,20526080,26758735,-1,-1
8174,-1,-1,1733415011735155712,152521557
8175,35194112,152291448,-1,-1
8176,-1,-1,1733415011728927744,43771792
8177,40852224,44039965,-1,-1
8178,-1,-1,1733415011743729152,114801385
8179,45776384,124671283,-1,-1
8180,-1,-1,1733415011800576256,106846904
8181,36011776,98890610,-1,-1
8182,-1,-1,1733415011784437760,33861237
8183,28445440,32670431,-1,-1
8184,-1,-1,1733415011851042304,116604713
8185,33800448,115586425,-1,-1
8186,-1,-1,1733415011905076224,154033664
8187,36800512,152641820,-1,-1
8188,-1,-1,1733415011932476416,127400034
8189,31863296,126652065,-1,-1
8190,-1,-1,1733415011943458304,210981668
8191,30550528,214294789,-1,-1
8192,-1,-1,1733415011995809024,102350410
8193,33538048,98903041,-1,-1
8194,-1,-1,1733415011974072832,28263641
8195,27236864,32141908,-1,-1
8196,-1,-1,1733415012028090112,104016884
8197,33146368,98574937,-1,-1
8198,-1,-1,1733415012002719488,24629404
8199,24981248,29857422,-1,-1
8200,-1,-1,1733415012055402496,152682632
8201,31657984,150030150,-1,-1
8202,-1,-1,1733415012039438848,34035986
8203,40754432,45097143,-1,-1
8204,-1,-1,1733415012074971648,135532843
8205,42171392,124529970,-1,-1
8206,-1,-1,1733415012131414528,156442869
8207,28786176,155630094,-1,-1
8208,-1,-1,1733415012172953600,91538817
8209,33334528,91644996,-1,-1
8210,-1,-1,1733415012165918208,42964343
8211,37760768,42867581,-1,-1
8212,-1,-1,1733415012198644992,82727048
8213,33016832,81951656,-1,-1
8214,-1,-1,1733415012219633408,70987827
8215,33587200,72348781,-1,-1
8216,-1,-1,1733415012259456768,89823496
8217,33114880,90238162,-1,-1
8218,-1,-1,1733415012248820480,139363437
8219,40679680,138312204,-1,-1
8220,-1,-1,1733415012308420352,109599948
8221,45774336,121731129,-1,-1
8222,-1,-1,1733415012331878400,223457703
8223,36500992,213646206,-1,-1
8224,-1,-1,1733415012304879104,23000608
8225,27979008,32813028,-1,-1
8226,-1,-1,1733415012361419520,106540197
8227,32843008,94635526,-1,-1
8228,-1,-1,1733415012394278912,82859291
8229,36201984,83559701,-1,-1
8230,-1,-1,1733415012368553984,24274851
8231,14651648,23001150,-1,-1
8232,-1,-1,1733415012382684416,114130382
8233,26868992,117831878,-1,-1
8234,-1,-1,1733415012450273536,117588684
8235,34037504,115640412,-1,-1
8236,-1,-1,1733415012450257664,99983798
8237,46666240,100503534,-1,-1
8238,-1,-1,1733415012472041216,121783361
8239,36891904,119912849,-1,-1
8240,-1,-1,1733415012508916736,36875566
8241,34556928,39464845,-1,-1
8242,-1,-1,1733415012529323264,120406288
8243,33142784,117211668,-1,-1
8244,-1,-1,1733415012557272832,77949393
8245,42828032,90558739,-1,-1
8246,-1,-1,1733415012594366208,187093020
8247,33880064,175424799,-1,-1
8248,-1,-1,1733415012569769984,25404292
8249,16660480,25083106,-1,-1
8250,-1,-1,1733415012642980864,123210527
8251,33850112,125595300,-1,-1
8252,-1,-1,1733415012622312960,129331773
8253,23339008,129892500,-1,-1
8254,-1,-1,1733415012673532672,101219596
8255,33245440,98784044,-1,-1
8256,-1,-1,1733415012659541760,36008847
8257,31801088,37567765,-1,-1
8258,-1,-1,1733415012723891968,164349999
8259,33044480,162642045,-1,-1
8260,-1,-1,1733415012720912896,47020909
8261,41816064,46607973,-1,-1
8262,-1,-1,1733415012790803200,119890056
8263,33187584,121991167,-1,-1
8264,-1,-1,1733415012813814272,173010968
8265,34941952,172259272,-1,-1
8266,-1,-1,1733415012793807616,29993128
8267,26792192,31837644,-1,-1
8268,-1,-1,1733415012856363008,162555246
8269,32839936,159438654,-1,-1
8270,-1,-1,1733415012874976000,68612918
8271,31975936,67874983,-1,-1
8272,-1,-1,1733415012846551296,21575120
8273,21067776,25976639,-1,-1
8274,-1,-1,1733415012898547456,101995966
8275,30904576,97570952,-1,-1
8276,-1,-1,1733415012873122304,24574389
8277,19904256,24884277,-1,-1
8278,-1,-1,1733415012916293888,93171648
8279,32063232,94909413,-1,-1
8280,-1,-1,1733415012889305856,23011484
8281,19425792,24738794,-1,-1
8282,-1,-1,1733415012938102016,98796278
8283,32969216,95778431,-1,-1
8284,-1,-1,1733415012914151168,26048750
8285,19329024,25831960,-1,-1
8286,-1,-1,1733415012961498112,147347004
8287,32834048,146531317,-1,-1
8288,-1,-1,1733415012955374080,43875874
8289,39585792,44836988,-1,-1
8290,-1,-1,1733415012979052288,123678031
8291,45703680,123794180,-1,-1
8292,-1,-1,1733415013031650560,102597971
8293,31774464,103707740,-1,-1
8294,-1,-1,1733415013014836992,33186548
8295,30938112,34895264,-1,-1
8296,-1,-1,1733415013076279808,111442459
8297,44801024,120705325,-1,-1
8298,-1,-1,1733415013074857728,198577598
8299,14791680,186434986,-1,-1
8300,-1,-1,1733415013111704832,36847170
8301,32340736,37373981,-1,-1
8302,-1,-1,1733415013119262976,107557552
8303,32733440,107047459,-1,-1
8304,-1,-1,1733415013108313856,39050978
8305,33454848,39005544,-1,-1
8306,-1,-1,1733415013166192384,107878028
8307,32749824,109755921,-1,-1
8308,-1,-1,1733415013166825728,50633242
8309,32226048,49195399,-1,-1
8310,-1,-1,1733415013215474688,148648991
8311,37980160,151476405,-1,-1
8312,-1,-1,1733415013248108800,132633948
8313,33990144,130889587,-1,-1
8314,-1,-1,1733415013291504128,193394632
8315,45464320,204923315,-1,-1
8316,-1,-1,1733415013310175232,168671060
8317,33506816,155642581,-1,-1
8318,-1,-1,1733415013286008576,25833213
8319,21107200,25982540,-1,-1
8320,-1,-1,1733415013345289216,109280577
8321,31953920,108553648,-1,-1
8322,-1,-1,1733415013314743552,19453864
8323,18016256,23947247,-1,-1
8324,-1,-1,1733415013368161536,103418484
8325,32903424,99621000,-1,-1
8326,-1,-1,1733415013341389568,23227147
8327,17563136,22905322,-1,-1
8328,-1,-1,1733415013396211712,104822246
8329,33860096,104677806,-1,-1
8330,-1,-1,1733415013369857280,23645318
8331,17835776,24882383,-1,-1
8332,-1,-1,1733415013444308736,124451221
8333,33787648,125718800,-1,-1
8334,-1,-1,1733415013431974912,137665976
8335,30067456,135812086,-1,-1
8336,-1,-1,1733415013485596160,103621305
8337,34398464,103368362,-1,-1
8338,-1,-1,1733415013461534976,25938487
8339,17817088,25907990,-1,-1
8340,-1,-1,1733415013476164608,114629385
8341,32523008,116721545,-1,-1
8342,-1,-1,1733415013526194688,100030072
8343,32061184,97225765,-1,-1
8344,-1,-1,1733415013501861376,25666362
8345,18917376,26412135,-1,-1
8346,-1,-1,1733415013525719296,73858051
8347,38503424,73629767,-1,-1
8348,-1,-1,1733415013549167616,123448090
8349,35460864,123635956,-1,-1
8350,-1,-1,1733415013574763264,125595463
8351,42583040,125564346,-1,-1
8352,-1,-1,1733415013634513664,109750253
8353,44793344,121807659,-1,-1
8354,-1,-1,1733415013646675968,162162309
8355,31987712,149582452,-1,-1
8356,-1,-1,1733415013627696640,31020336
8357,30446848,35327996,-1,-1
8358,-1,-1,1733415013688869120,111172414
8359,32663296,106336560,-1,-1
8360,-1,-1,1733415013659285504,20415784
8361,19448320,25146293,-1,-1
8362,-1,-1,1733415013713149440,103864227
8363,31258368,100560226,-1,-1
8364,-1,-1,1733415013689466112,26316243
8365,20939008,25544714,-1,-1
8366,-1,-1,1733415013733796608,94330279
8367,31020032,91825220,-1,-1
8368,-1,-1,1733415013705570304,21773458
8369,21909504,27787233,-1,-1
8370,-1,-1,1733415013755565824,99995557
8371,34427904,100242582,-1,-1
8372,-1,-1,1733415013728805888,23239715
8373,16646144,22542684,-1,-1
8374,-1,-1,1733415013776237312,97431344
8375,31900416,93557654,-1,-1
8376,-1,-1,1733415013748766976,22529408
8377,18794752,23764857,-1,-1
8378,-1,-1,1733415013804085760,105318738
8379,35915264,105378357,-1,-1
8380,-1,-1,1733415013780390400,26304451
8381,18290176,26260952,-1,-1
8382,-1,-1,1733415013861529856,281139098
8383,32630272,280372633,-1,-1
8384,-1,-1,1733415013896432128,134902260
8385,30810112,134374499,-1,-1
8386,-1,-1,1733415013931807744,185375614
8387,32892672,187459773,-1,-1
8388,-1,-1,1733415013905655040,23846956
8389,16989440,22995503,-1,-1
8390,-1,-1,1733415013978003200,122348222
8391,38464000,124065122,-1,-1
8392,-1,-1,1733415013953898752,25895141
8393,18857472,24323279,-1,-1
8394,-1,-1,1733415013989401600,185502957
8395,39768832,185376838,-1,-1
8396,-1,-1,1733415014010022912,120621021
8397,36798464,120645257,-1,-1
8398,-1,-1,1733415014071575296,111552207
8399,32051200,111868300,-1,-1
8400,-1,-1,1733415014052474112,80898744
8401,35950848,83654177,-1,-1
8402,-1,-1,1733415014074139904,71665570
8403,35767808,68569472,-1,-1
8404,-1,-1,1733415014121289984,147149954
8405,30872576,145591180,-1,-1
8406,-1,-1,1733415014089950720,18660647
8407,17565440,23067953,-1,-1
8408,-1,-1,1733415014144776704,104825716
8409,34904832,103584827,-1,-1
8410,-1,-1,1733415014118289152,23512268
8411,19932416,24967655,-1,-1
8412,-1,-1,1733415014170453504,102164357
8413,34284288,100163488,-1,-1
8414,-1,-1,1733415014149033216,28579521
8415,22038016,27565472,-1,-1
8416,-1,-1,1733415014198293760,99260386
8417,31920384,98683601,-1,-1
8418,-1,-1,1733415014167781632,19487636
8419,18072064,23053843,-1,-1
8420,-1,-1,1733415014221781248,103999536
8421,30921216,100452900,-1,-1
8422,-1,-1,1733415014194238720,22457314
8423,17588736,23162824,-1,-1
8424,-1,-1,1733415014250382336,106143589
8425,34409216,106450508,-1,-1
8426,-1,-1,1733415014220056832,19674062
8427,16876288,22026410,-1,-1
8428,-1,-1,1733415014309326336,139269463
8429,32152576,137714818,-1,-1
8430,-1,-1,1733415014310318848,50992331
8431,31371520,49736080,-1,-1
8432,-1,-1,1733415014321726464,161407586
8433,41653760,161270660,-1,-1
8434,-1,-1,1733415014350266624,128540056
8435,40802048,128642768,-1,-1
8436,-1,-1,1733415014410316288,110049135
8437,44846848,121800585,-1,-1
8438,-1,-1,1733415014408616704,98300279
8439,33512704,86577137,-1,-1
8440,-1,-1,1733415014400538368,41921730
8441,35160320,41851713,-1,-1
8442,-1,-1,1733415014421094400,120555804
8443,43662336,120628129,-1,-1
8444,-1,-1,1733415014462886912,91792354
8445,32968704,91926834,-1,-1
8446,-1,-1,1733415014491919872,79032886
8447,33655808,78927481,-1,-1
8448,-1,-1,1733415014463213568,21293423
8449,20011008,25906136,-1,-1
8450,-1,-1,1733415014524344576,111131201
8451,34406912,106344941,-1,-1
8452,-1,-1,1733415014502118912,27773774
8453,18569472,27895204,-1,-1
8454,-1,-1,1733415014532603904,180485333
8455,40678656,180390118,-1,-1
8456,-1,-1,1733415014551215616,118611014
8457,42627840,118552145,-1,-1
8458,-1,-1,1733415014597457152,146241361
8459,34555904,145933216,-1,-1
8460,-1,-1,1733415014614989568,117532450
8461,31905792,117465075,-1,-1
8462,-1,-1,1733415014602098432,87108593
8463,32832512,90490324,-1,-1
8464,-1,-1,1733415014624653312,122554815
8465,33369344,119723344,-1,-1
8466,-1,-1,1733415014663396608,38743112
8467,33950464,38956692,-1,-1
8468,-1,-1,1733415014661190144,97793434
8469,24369152,97687170,-1,-1
8470,-1,-1,1733415014660017920,48827500
8471,16813824,50905902,-1,-1
8472,-1,-1,1733415014710158336,100140292
8473,31055360,97882314,-1,-1
8474,-1,-1,1733415014735596032,75437334
8475,31735296,76424431,-1,-1
8476,-1,-1,1733415014767022080,131425860
8477,30722816,130609533,-1,-1
8478,-1,-1,1733415014798410496,131388217
8479,34754560,131622573,-1,-1
8480,-1,-1,1733415014782603264,34192641
8481,30009856,34043338,-1,-1
8482,-1,-1,1733415014800283904,117680731
8483,36802048,120416576,-1,-1
8484,-1,-1,1733415014831853568,131569871
8485,46653440,128615939,-1,-1
8486,-1,-1,1733415014867646976,35792870
8487,33418240,38497353,-1,-1
8488,-1,-1,1733415014841529600,23882239
8489,15730432,20331235,-1,-1
8490,-1,-1,1733415014918063616,126534026
8491,35853824,129718714,-1,-1
8492,-1,-1,1733415014960901632,192838115
8493,46727680,202294593,-1,-1
8494,-1,-1,1733415014991480576,130578670
8495,32976384,120836031,-1,-1
8496,-1,-1,1733415015006141440,164660508
8497,31694336,163205030,-1,-1
8498,-1,-1,1733415014977858048,21716742
8499,19891712,24071298,-1,-1
8500,-1,-1,1733415015035527168,107668562
8501,34835712,104697120,-1,-1
8502,-1,-1,1733415015014351616,28824449
8503,17931776,28789882,-1,-1
8504,-1,-1,1733415015026108672,111756794
8505,27730432,114751446,-1,-1
8506,-1,-1,1733415015080177920,104069179
8507,32416256,102279630,-1,-1
8508,-1,-1,1733415015058727168,28549187
8509,21946368,30296541,-1,-1
8510,-1,-1,1733415015114835456,106108118
8511,36770048,101556329,-1,-1
8512,-1,-1,1733415015092217344,27381765
8513,22255872,30391775,-1,-1
8514,-1,-1,1733415015147898880,105681367
8515,31384832,104346265,-1,-1
8516,-1,-1,1733415015121758976,23860036
8517,20956160,26950882,-1,-1
8518,-1,-1,1733415015178800128,107040714
8519,31844608,103641916,-1,-1
8520,-1,-1,1733415015150534656,21734536
8521,17679104,23912362,-1,-1
8522,-1,-1,1733415015199484160,98949346
8523,32590592,96939278,-1,-1
8524,-1,-1,1733415015201880576,52396345
8525,34879488,53563640,-1,-1
8526,-1,-1,1733415015189678848,37797966
8527,32763648,36868029,-1,-1
8528,-1,-1,1733415015258168832,118489980
8529,32634368,119409653,-1,-1
8530,-1,-1,1733415015259763200,51593897
8531,37169408,50053773,-1,-1
8532,-1,-1,1733415015244869376,135106362
8533,22331136,136120018,-1,-1
8534,-1,-1,1733415015301631744,106762049
8535,31899136,106178060,-1,-1
8536,-1,-1,1733415015303202816,51571031
8537,31831296,50824611,-1,-1
8538,-1,-1,1733415015340135168,36932131
8539,45808640,50843640,-1,-1
8540,-1,-1,1733415015340626176,200490871
8541,28919296,191475608,-1,-1
8542,-1,-1,1733415015411235840,70609660
8543,45134080,78752938,-1,-1
8544,-1,-1,1733415015390849536,129613164
8545,41654784,117474187,-1,-1
8546,-1,-1,1733415015447039744,106190149
8547,47786752,121776621,-1,-1
8548,-1,-1,1733415015470071552,223031784
8549,34637312,209161229,-1,-1
8550,-1,-1,1733415015458919936,38848131
8551,32765696,37047797,-1,-1
8552,-1,-1,1733415015480596480,121676461
8553,36511232,124684175,-1,-1
8554,-1,-1,1733415015544675840,114079266
8555,46305280,123157750,-1,-1
8556,-1,-1,1733415015549056512,104380554
8557,32699136,94093204,-1,-1
8558,-1,-1,1733415015540809728,41752866
8559,34426624,40017057,-1,-1
8560,-1,-1,1733415015599321344,158511491
8561,40750592,158558695,-1,-1
8562,-1,-1,1733415015629212160,129890611
8563,31910400,129616642,-1,-1
8564,-1,-1,1733415015608616192,29403961
8565,22078976,28953229,-1,-1
8566,-1,-1,1733415015631513600,122897256
8567,35980800,126747882,-1,-1
8568,-1,-1,1733415015723480064,141966164
8569,34828544,138484279,-1,-1
8570,-1,-1,1733415015694959616,71479455
8571,32733696,71672645,-1,-1
8572,-1,-1,1733415015772834048,127874475
8573,42289664,127648759,-1,-1
8574,-1,-1,1733415015791190528,168356039
8575,30892288,168582099,-1,-1
8576,-1,-1,1733415015764931072,23740591
8577,14780672,23807124,-1,-1
8578,-1,-1,1733415015776762368,111831157
8579,26006784,114674238,-1,-1
8580,-1,-1,1733415015808237824,131475139
8581,14878976,128631568,-1,-1
8582,-1,-1,1733415015845601792,37363920
8583,32332288,37455942,-1,-1
8584,-1,-1,1733415015841970432,146368772
8585,38857728,158080189,-1,-1
8586,-1,-1,1733415015917368064,125397069
8587,34851840,115680026,-1,-1
8588,-1,-1,1733415015918852864,151484843
8589,43665920,149543302,-1,-1
8590,-1,-1,1733415015942803456,123950304
8591,42996992,126873355,-1,-1
8592,-1,-1,1733415015997037056,104233402
8593,31653376,101292618,-1,-1
8594,-1,-1,1733415015993596416,46559165
8595,40759040,45996082,-1,-1
8596,-1,-1,1733415016016821504,123224825
8597,39179008,124022594,-1,-1
8598,-1,-1,1733415016039310848,122489202
8599,38556416,122228639,-1,-1
8600,-1,-1,1733415016046671104,57360208
8601,26818304,59943302,-1,-1
8602,-1,-1,1733415016098232576,101561244
8603,31392000,99251257,-1,-1
8604,-1,-1,1733415016081029376,32796805
8605,28309504,35508849,-1,-1
8606,-1,-1,1733415016137052672,106022964
8607,31932928,103531977,-1,-1
8608,-1,-1,1733415016112329472,25276870
8609,23097600,27063698,-1,-1
8610,-1,-1,1733415016168639488,106309843
8611,32856064,104490450,-1,-1
8612,-1,-1,1733415016138208512,19568865
8613,14012672,19027798,-1,-1
8614,-1,-1,1733415016187143680,98934697
8615,33672448,101030063,-1,-1
8616,-1,-1,1733415016168764416,31620807
8617,21576192,29531722,-1,-1
8618,-1,-1,1733415016275144448,206379797
8619,41810688,206361984,-1,-1
8620,-1,-1,1733415016263874304,88730006
8621,30896640,87839973,-1,-1
8622,-1,-1,1733415016302585856,138711195
8623,31390208,140111461,-1,-1
8624,-1,-1,1733415016299298304,146712183
8625,35570688,159040752,-1,-1
8626,-1,-1,1733415016335641600,136343005
8627,41100544,123511617,-1,-1
8628,-1,-1,1733415016353410304,117768761
8629,40673536,117624939,-1,-1
8630,-1,-1,1733415016373075200,119664639
8631,41421568,119597631,-1,-1
8632,-1,-1,1733415016396864512,123789310
8633,38349056,124012190,-1,-1
8634,-1,-1,1733415016431261696,134396888
8635,39800576,134361236,-1,-1
8636,-1,-1,1733415016455855104,124593352
8637,37770496,124617286,-1,-1
8638,-1,-1,1733415016493634048,87778809
8639,33102848,88062928,-1,-1
8640,-1,-1,1733415016495673344,102039187
8641,20405760,101664778,-1,-1
8642,-1,-1,1733415016511207936,65534265
8643,41918208,77772944,-1,-1
8644,-1,-1,1733415016595896320,134688270
8645,44683776,134591256,-1,-1
8646,-1,-1,1733415016591970048,196073591
8647,27100160,185538996,-1,-1
8648,-1,-1,1733415016602592768,60622679
8649,38002688,70841918,-1,-1
8650,-1,-1,1733415016688317696,135724550
8651,44989184,135725446,-1,-1
8652,-1,-1,1733415016684742656,196424925
8653,26672384,187386560,-1,-1
8654,-1,-1,1733415016711331072,76588243
8655,36590336,73787868,-1,-1
8656,-1,-1,1733415016773072384,111741237
8657,46741248,125687167,-1,-1
8658,-1,-1,1733415016800084480,127011946
8659,32882688,114772438,-1,-1
8660,-1,-1,1733415016839905024,139820367
8661,33252608,137976041,-1,-1
8662,-1,-1,1733415016848626176,208720875
8663,23970304,210461437,-1,-1
8664,-1,-1,1733415016914540288,115913938
8665,39590144,114493825,-1,-1
8666,-1,-1,1733415016891481856,26941468
8667,23089408,27894479,-1,-1
8668,-1,-1,1733415016951236096,109753962
8669,32957440,108469998,-1,-1
8670,-1,-1,1733415016926010368,24774374
8671,23331840,28396239,-1,-1
8672,-1,-1,1733415016978058752,102047935
8673,30965504,98239949,-1,-1
8674,-1,-1,1733415016963374080,35315277
8675,33939712,38930721,-1,-1
8676,-1,-1,1733415017014818304,101443888
8677,31268352,97995750,-1,-1
8678,-1,-1,1733415016991223040,26404984
8679,23462656,29069217,-1,-1
8680,-1,-1,1733415017042952192,101728617
8681,32961536,99256395,-1,-1
8682,-1,-1,1733415017021602560,28650211
8683,25657088,31641394,-1,-1
8684,-1,-1,1733415017075186688,103583847
8685,32149248,102027906,-1,-1
8686,-1,-1,1733415017048376064,23189607
8687,20058112,24790400,-1,-1
8688,-1,-1,1733415017109769728,111393393
8689,36254208,109941679,-1,-1
8690,-1,-1,1733415017086694400,26924490
8691,19020288,25329264,-1,-1
8692,-1,-1,1733415017160422656,123727875
8693,35944448,126876655,-1,-1
8694,-1,-1,1733415017212997120,202574307
8695,47776256,214189404,-1,-1
8696,-1,-1,1733415017198263808,135266496
8697,43509248,123434646,-1,-1
8698,-1,-1,1733415017260950528,112686649
8699,30907136,109818004,-1,-1
8700,-1,-1,1733415017256420608,145469773
8701,41642240,145378711,-1,-1
8702,-1,-1,1733415017275072768,118651919
8703,44655616,120686990,-1,-1
8704,-1,-1,1733415017293588736,118516020
8705,34739968,116580102,-1,-1
8706,-1,-1,1733415017355807744,112218969
8707,34835200,114780919,-1,-1
8708,-1,-1,1733415017352583168,96775285
8709,35399936,93682158,-1,-1
8710,-1,-1,1733415017388988672,36405273
8711,44601856,48880750,-1,-1
8712,-1,-1,1733415017418735616,179747047
8713,37829888,167551077,-1,-1
8714,-1,-1,1733415017388641536,19905386
8715,15694080,22986666,-1,-1
8716,-1,-1,1733415017452000512,113359154
8717,32910080,108571749,-1,-1
8718,-1,-1,1733415017424888064,22887479
8719,17718784,24879164,-1,-1
8720,-1,-1,1733415017435766016,110877764
8721,28564992,113926580,-1,-1
8722,-1,-1,1733415017495260672,159494294
8723,34938368,158358221,-1,-1
8724,-1,-1,1733415017474965504,29704679
8725,35898112,39897488,-1,-1
8726,-1,-1,1733415017493711616,118745992
8727,41759488,119554297,-1,-1
8728,-1,-1,1733415017536274432,142562835
8729,22780160,129517736,-1,-1
8730,-1,-1,1733415017591222272,154947576
8731,38265088,154606741,-1,-1
8732,-1,-1,1733415017629396992,138174590
8733,31398912,139116859,-1,-1
8734,-1,-1,1733415017600451328,21054149
8735,15271424,20762109,-1,-1
8736,-1,-1,1733415017635795968,135344240
8737,14694144,135142665,-1,-1
8738,-1,-1,1733415017672589056,36793035
8739,33746432,39107702,-1,-1
8740,-1,-1,1733415017686299136,113710048
8741,31864064,112081784,-1,-1
8742,-1,-1,1733415017712308224,126008681
8743,30911488,125160215,-1,-1
8744,-1,-1,1733415017737288704,124980423
8745,32856832,125477048,-1,-1
8746,-1,-1,1733415017741877760,204588862
8747,22235392,204661087,-1,-1
8748,-1,-1,1733415017808374528,66496652
8749,33220096,67809365,-1,-1
8750,-1,-1,1733415017788605952,130231536
8751,41690368,140093024,-1,-1
8752,-1,-1,1733415017835316224,96709775
8753,33860864,82806398,-1,-1
8754,-1,-1,1733415017834564608,99248224
8755,14715392,101517624,-1,-1
8756,-1,-1,1733415017855606272,121041577
8757,33920000,123796784,-1,-1
8758,-1,-1,1733415017863063040,57456646
8759,32652032,66643873,-1,-1
8760,-1,-1,1733415017940649216,127586083
8761,46720000,128698494,-1,-1
8762,-1,-1,1733415017926017536,185367967
8763,24115456,172566359,-1,-1
8764,-1,-1,1733415017938785536,62768250
8765,38789120,74621829,-1,-1
8766,-1,-1,1733415018009355008,120568936
8767,30876416,108648086,-1,-1
8768,-1,-1,1733415018026710528,217355499
8769,35174912,217659937,-1,-1
8770,-1,-1,1733415018016550400,39839790
8771,33662464,41359865,-1,-1
8772,-1,-1,1733415018030386432,113835721
8773,38732800,114705625,-1,-1
8774,-1,-1,1733415018092823808,112437177
8775,31945216,109822057,-1,-1
8776,-1,-1,1733415018102173952,209349838
8777,32780032,212255850,-1,-1
8778,-1,-1,1733415018152994304,100820505
8779,38549760,100226061,-1,-1
8780,-1,-1,1733415018126767104,23772549
8781,17283072,21172760,-1,-1
8782,-1,-1,1733415018230492928,203725637
8783,32000000,203508103,-1,-1
8784,-1,-1,1733415018209793792,129300761
8785,41722880,141459486,-1,-1
8786,-1,-1,1733415018241307392,131513413
8787,35374080,119558225,-1,-1
8788,-1,-1,1733415018279670272,38362670
8789,32872448,37982936,-1,-1
8790,-1,-1,1733415018282805504,103135272
8791,31389696,104137286,-1,-1
8792,-1,-1,1733415018290751488,57945746
8793,32808192,56376454,-1,-1
8794,-1,-1,1733415018276528384,35776720
8795,37856256,42852544,-1,-1
8796,-1,-1,1733415018328235264,151706708
8797,33035776,145664428,-1,-1
8798,-1,-1,1733415018298441984,20206609
8799,16527104,22730533,-1,-1
8800,-1,-1,1733415018356678912,158236600
8801,35158528,156915487,-1,-1
8802,-1,-1,1733415018350268928,43590070
8803,37212416,42371456,-1,-1
8804,-1,-1,1733415018380366336,80097177
8805,31900416,79968872,-1,-1
8806,-1,-1,1733415018389372416,159005929
8807,41641472,159160915,-1,-1
8808,-1,-1,1733415018407952384,118579922
8809,44753152,118582226,-1,-1
8810,-1,-1,1733415018428621312,120668809
8811,43594752,120521925,-1,-1
8812,-1,-1,1733415018493249024,114627365
8813,44786432,125753234,-1,-1
8814,-1,-1,1733415018503181824,159932798
8815,34903552,149475125,-1,-1
8816,-1,-1,1733415018473074432,19892302
8817,16884736,21872005,-1,-1
8818,-1,-1,1733415018526309120,153234427
8819,34725376,152868290,-1,-1
8820,-1,-1,1733415018505187072,28877929
8821,32907776,38513016,-1,-1
8822,-1,-1,1733415018559418112,104230809
8823,33047552,91995204,-1,-1
8824,-1,-1,1733415018546486528,37068298
8825,43306752,49624436,-1,-1
8826,-1,-1,1733415018575100160,128613667
8827,39683328,123601021,-1,-1
8828,-1,-1,1733415018619121408,44020998
8829,31756800,37266088,-1,-1
8830,-1,-1,1733415018609700608,90579102
8831,44709888,102221186,-1,-1
8832,-1,-1,1733415018657441792,47740898
8833,32425984,37424798,-1,-1
8834,-1,-1,1733415018631446016,24004038
8835,16876032,22334295,-1,-1
8836,-1,-1,1733415018686322944,154876705
8837,33893632,155638121,-1,-1
8838,-1,-1,1733415018713590016,127266837
8839,31667968,126432798,-1,-1
8840,-1,-1,1733415018744547584,130957417
8841,32044800,130838201,-1,-1
8842,-1,-1,1733415018772500224,127952473
8843,29725184,124306961,-1,-1
8844,-1,-1,1733415018820089088,147588793
8845,33200640,151911060,-1,-1
8846,-1,-1,1733415018859743488,139654051
8847,44807168,151174960,-1,-1
8848,-1,-1,1733415018850088448,190345052
8849,27448576,181383216,-1,-1
8850,-1,-1,1733415018876756224,76667600
8851,40714752,73681150,-1,-1
8852,-1,-1,1733415018895425280,118668818
8853,42775040,121640799,-1,-1
8854,-1,-1,1733415018937036800,91611421
8855,33640704,89000186,-1,-1
8856,-1,-1,1733415018975892736,38855746
8857,45795072,50536805,-1,-1
8858,-1,-1,1733415019000397568,124504543
8859,43544832,122600259,-1,-1
8860,-1,-1,1733415018985252096,134854543
8861,47255808,137963714,-1,-1
8862,-1,-1,1733415019020668928,135416708
8863,41812992,134064409,-1,-1
8864,-1,-1,1733415019055187712,134518626
8865,46901504,128727412,-1,-1
8866,-1,-1,1733415019091911680,86723746
8867,32654592,80617554,-1,-1
8868,-1,-1,1733415019115726080,73814476
8869,32508416,73824038,-1,-1
8870,-1,-1,1733415019131330304,65603785
8871,32769024,65810810,-1,-1
8872,-1,-1,1733415019120607232,39276777
8873,45572096,50587997,-1,-1
8874,-1,-1,1733415019144751616,124144190
8875,45218048,124635418,-1,-1
8876,-1,-1,1733415019176391936,131639878
8877,42849536,126635872,-1,-1
8878,-1,-1,1733415019223508480,47116425
8879,36746240,42345753,-1,-1
8880,-1,-1,1733415019243621120,120112708
8881,37892608,117033094,-1,-1
8882,-1,-1,1733415019277543424,83922013
8883,31716608,85879824,-1,-1
8884,-1,-1,1733415019271973888,144430385
8885,44704768,146265439,-1,-1
8886,-1,-1,1733415019294211584,122237475
8887,44907776,127698394,-1,-1
8888,-1,-1,1733415019376307200,132095392
8889,35080192,125287442,-1,-1
8890,-1,-1,1733415019416620032,140312812
8891,31155712,139077982,-1,-1
8892,-1,-1,1733415019433474048,116853513
8893,31661568,117146422,-1,-1
8894,-1,-1,1733415019461920512,128446346
8895,37294080,129291936,-1,-1
8896,-1,-1,1733415019453744640,41823849
8897,37069312,40681891,-1,-1
8898,-1,-1,1733415019493376512,139632012
8899,41705984,143139815,-1,-1
8900,-1,-1,1733415019517230848,73853800
8901,35398656,69952771,-1,-1
8902,-1,-1,1733415019566037248,98806372
8903,32921856,98673357,-1,-1
8904,-1,-1,1733415019539065600,23028107
8905,16251392,22803313,-1,-1
8906,-1,-1,1733415019589271552,100206000
8907,31957760,98846623,-1,-1
8908,-1,-1,1733415019558307072,19035064
8909,18911744,23840974,-1,-1
8910,-1,-1,1733415019608454400,100147478
8911,32976640,96823776,-1,-1
8912,-1,-1,1733415019582721280,24266497
8913,22008320,27924354,-1,-1
8914,-1,-1,1733415019646800384,114078739
8915,31815168,110519144,-1,-1
8916,-1,-1,1733415019652207104,155406617
8917,23479296,158499912,-1,-1
8918,-1,-1,1733415019672935424,70728202
8919,39804416,71736363,-1,-1
8920,-1,-1,1733415019700586496,127650982
8921,44812032,123678044,-1,-1
8922,-1,-1,1733415019760752896,110166026
8923,46951936,120771999,-1,-1
8924,-1,-1,1733415019760750080,199997323
8925,26900992,192318619,-1,-1
8926,-1,-1,1733415019782313216,71562940
8927,36625152,68582208,-1,-1
8928,-1,-1,1733415019802491648,120178189
8929,39792640,119635885,-1,-1
8930,-1,-1,1733415019827595776,125104024
8931,44723456,125653707,-1,-1
8932,-1,-1,1733415019865223168,87627228
8933,35231744,86699709,-1,-1
8934,-1,-1,1733415019900186880,34963535
8935,30772480,35865971,-1,-1
8936,-1,-1,1733415019914711040,164523847
8937,34649088,165750401,-1,-1
8938,-1,-1,1733415019890486784,25775896
8939,15881472,24514234,-1,-1
8940,-1,-1,1733415019939118848,148631685
8941,38336000,153721224,-1,-1
8942,-1,-1,1733415019923419648,34300635
8943,26030080,28014971,-1,-1
8944,-1,-1,1733415019969428224,96008582
8945,32710400,97328182,-1,-1
8946,-1,-1,1733415020006525696,37097409
8947,32674048,39226492,-1,-1
8948,-1,-1,1733415019982963456,126437428
8949,41774336,136326194,-1,-1
8950,-1,-1,1733415020014519296,131555624
8951,45920768,133637329,-1,-1
8952,-1,-1,1733415020093232896,128713580
8953,46789120,126516881,-1,-1
8954,-1,-1,1733415020141205504,197972023
8955,36810240,188382172,-1,-1
8956,-1,-1,1733415020117455360,126250837
8957,23623680,124424630,-1,-1
8958,-1,-1,1733415020172864256,155407790
8959,33444608,155203071,-1,-1
8960,-1,-1,1733415020212468224,39603529
8961,44577280,50339062,-1,-1
8962,-1,-1,1733415020198892544,136424142
8963,45531392,125381992,-1,-1
8964,-1,-1,1733415020243987712,145094961
8965,31019776,144707319,-1,-1
8966,-1,-1,1733415020223041536,29053728
8967,22836736,28689075,-1,-1
8968,-1,-1,1733415020270172160,97130282
8969,32180224,99098213,-1,-1
8970,-1,-1,1733415020242514688,22342515
8971,18035456,23731381,-1,-1
8972,-1,-1,1733415020295672064,103157097
8973,31849728,101433866,-1,-1
8974,-1,-1,1733415020271408896,25736783
8975,18675200,24867200,-1,-1
8976,-1,-1,1733415020317773056,96363967
8977,33671424,96576887,-1,-1
8978,-1,-1,1733415020292066560,24293238
8979,22937344,27140342,-1,-1
8980,-1,-1,1733415020343947520,101880804
8981,31516928,98695659,-1,-1
8982,-1,-1,1733415020327340544,33394004
8983,28505088,33564351,-1,-1
8984,-1,-1,1733415020379802112,102460430
8985,34614784,101178343,-1,-1
8986,-1,-1,1733415020350276864,20474599
8987,20361472,25103952,-1,-1
8988,-1,-1,1733415020416673536,116396310
8989,32953088,113206796,-1,-1
8990,-1,-1,1733415020389251328,22577734
8991,19925504,24865528,-1,-1
8992,-1,-1,1733415020446097408,156846036
8993,34109184,155787191,-1,-1
8994,-1,-1,1733415020436021504,39923864
8995,33659392,38422871,-1,-1
8996,-1,-1,1733415020453618176,117596403
8997,36323584,117632881,-1,-1
8998,-1,-1,1733415020483286528,129668145
8999,41505024,131550442,-1,-1
9000,-1,-1,1733415020542716928,159430289
9001,31959040,157615884,-1,-1
9002,-1,-1,1733415020518614528,25897608
9003,20017408,26898522,-1,-1
9004,-1,-1,1733415020568780544,100165617
9005,31111936,97874485,-1,-1
9006,-1,-1,1733415020606733312,37952352
9007,35744768,41656207,-1,-1
9008,-1,-1,1733415020643782144,137048604
9009,33099264,134681870,-1,-1
9010,-1,-1,1733415020678229504,134447224
9011,41731584,141345029,-1,-1
9012,-1,-1,1733415020688609792,160380402
9013,32910080,153523794,-1,-1
9014,-1,-1,1733415020726537728,37927764
9015,45094656,50033692,-1,-1
9016,-1,-1,1733415020749186048,122648245
9017,44423936,122302586,-1,-1
9018,-1,-1,1733415020772774144,123587695
9019,32039936,112885800,-1,-1
9020,-1,-1,1733415020774115072,151340968
9021,44643840,150109793,-1,-1
9022,-1,-1,1733415020795833600,121718273
9023,35918336,121626963,-1,-1
9024,-1,-1,1733415020834182400,88348729
9025,36542464,91590864,-1,-1
9026,-1,-1,1733415020838168576,53985995
9027,18845440,50967346,-1,-1
9028,-1,-1,1733415020874113536,35944676
9029,32410368,37443735,-1,-1
9030,-1,-1,1733415020895019776,120906038
9031,36801536,123136182,-1,-1
9032,-1,-1,1733415020870657536,25637774
9033,16369152,21881890,-1,-1
9034,-1,-1,1733415020885539584,114881757
9035,25888768,117713861,-1,-1
9036,-1,-1,1733415020931999488,96459778
9037,31974400,93821278,-1,-1
9038,-1,-1,1733415020909039104,27039613
9039,21825024,26727917,-1,-1
9040,-1,-1,1733415020958153984,99114709
9041,31964672,98882014,-1,-1
9042,-1,-1,1733415020926775808,18621556
9043,16951552,21871434,-1,-1
9044,-1,-1,1733415020994159104,117383146
9045,30753280,113555992,-1,-1
9046,-1,-1,1733415020996061184,51901914
9047,33757184,53275748,-1,-1
9048,-1,-1,1733415020986061568,40000193
9049,36538624,41351937,-1,-1
9050,-1,-1,1733415021006639616,120577951
9051,43853312,118727612,-1,-1
9052,-1,-1,1733415021063422720,106783100
9053,43329792,117115676,-1,-1
9054,-1,-1,1733415021106441472,193018496
9055,33622272,183506064,-1,-1
9056,-1,-1,1733415021082557440,26115759
9057,17372672,25147527,-1,-1
9058,-1,-1,1733415021157116416,174558843
9059,32478720,176428602,-1,-1
9060,-1,-1,1733415021186470144,129353615
9061,45900288,140703446,-1,-1
9062,-1,-1,1733415021201683456,165212994
9063,32646400,153235873,-1,-1
9064,-1,-1,1733415021176313088,24629759
9065,21944832,26183058,-1,-1
9066,-1,-1,1733415021237667840,111354377
9067,33716992,109532486,-1,-1
9068,-1,-1,1733415021216470016,28801989
9069,18334976,27923515,-1,-1
9070,-1,-1,1733415021238399488,121929417
9071,34393088,126660943,-1,-1
9072,-1,-1,1733415021300861952,112462073
9073,35591424,110011545,-1,-1
9074,-1,-1,1733415021277778944,26917103
9075,24019712,27811506,-1,-1
9076,-1,-1,1733415021329579008,101799698
9077,32469760,99693964,-1,-1
9078,-1,-1,1733415021302652928,23074089
9079,19941888,24843413,-1,-1
9080,-1,-1,1733415021354373888,101720527
9081,30868736,96682394,-1,-1
9082,-1,-1,1733415021329233408,24859425
9083,22034176,27146650,-1,-1
9084,-1,-1,1733415021386629632,107396174
9085,35277056,109774146,-1,-1
9086,-1,-1,1733415021364627456,27997952
9087,23858688,28578742,-1,-1
9088,-1,-1,1733415021429943040,165315252
9089,33611264,163258989,-1,-1
9090,-1,-1,1733415021418826752,38883038
9091,45841152,50959850,-1,-1
9092,-1,-1,1733415021473505024,104678432
9093,33864704,91844777,-1,-1
9094,-1,-1,1733415021464886784,41381458
9095,37118464,42117791,-1,-1
9096,-1,-1,1733415021501501696,136614703
9097,47172096,134647801,-1,-1
9098,-1,-1,1733415021537544704,136042682
9099,42319360,137087674,-1,-1
9100,-1,-1,1733415021579171072,91626371
9101,33262336,91719131,-1,-1
9102,-1,-1,1733415021593125888,113954886
9103,31900160,115700475,-1,-1
9104,-1,-1,1733415021614724608,71598266
9105,39800320,72703556,-1,-1
9106,-1,-1,1733415021641405696,126681222
9107,35296512,123595974,-1,-1
9108,-1,-1,1733415021704310528,112904606
9109,34449664,116070221,-1,-1
9110,-1,-1,1733415021709565440,105254787
9111,33104640,102520408,-1,-1
9112,-1,-1,1733415021699450880,39885246
9113,36709120,42560232,-1,-1
9114,-1,-1,1733415021734049536,134598267
9115,40242432,131587672,-1,-1
9116,-1,-1,1733415021804075264,120026054
9117,30888960,119739555,-1,-1
9118,-1,-1,1733415021815579648,61503939
9119,33021696,62001054,-1,-1
9120,-1,-1,1733415021837765120,122185232
9121,33251072,122743468,-1,-1
9122,-1,-1,1733415021811081728,23316530
9123,15939328,22630185,-1,-1
9124,-1,-1,1733415021872007680,110925634
9125,37775104,111020437,-1,-1
9126,-1,-1,1733415021843711488,21703812
9127,15535616,21671192,-1,-1
9128,-1,-1,1733415021888233728,144522251
9129,15886336,144348757,-1,-1
9130,-1,-1,1733415021925680128,37446059
9131,33942528,39008473,-1,-1
9132,-1,-1,1733415021944613632,118933343
9133,32961792,116658430,-1,-1
9134,-1,-1,1733415021941732864,47119094
9135,42775808,47683890,-1,-1
9136,-1,-1,1733415022007265536,115532577
9137,44869120,127703164,-1,-1
9138,-1,-1,1733415022020930816,113665138
9139,32536576,102299852,-1,-1
9140,-1,-1,1733415022041423360,120492349
9141,17555200,119965174,-1,-1
9142,-1,-1,1733415022079171328,37747805
9143,31913216,36904633,-1,-1
9144,-1,-1,1733415022110657280,181485697
9145,26311680,182277921,-1,-1
9146,-1,-1,1733415022121678336,61021005
9147,30622720,63783004,-1,-1
9148,-1,-1,1733415022187997184,166318744
9149,33912832,164579178,-1,-1
9150,-1,-1,1733415022185822208,47824772
9151,42862848,46821181,-1,-1
9152,-1,-1,1733415022249358080,113535748
9153,33348864,115689911,-1,-1
9154,-1,-1,1733415022285652736,136294631
9155,50238208,151337488,-1,-1
9156,-1,-1,1733415022299640576,113987554
9157,31557888,97402668,-1,-1
9158,-1,-1,1733415022340060416,140419807
9159,32887552,139813175,-1,-1
9160,-1,-1,1733415022335984896,45924220
9161,40679168,45684568,-1,-1
9162,-1,-1,1733415022422349312,136364087
9163,44986112,148798112,-1,-1
9164,-1,-1,1733415022453849856,181500352
9165,42051328,176933707,-1,-1
9166,-1,-1,1733415022436874752,33024696
9167,17798912,25132280,-1,-1
9168,-1,-1,1733415022485150464,148275675
9169,17945088,151673020,-1,-1
9170,-1,-1,1733415022536545792,151395208
9171,18991872,147484397,-1,-1
9172,-1,-1,1733415022574801152,38255029
9173,35069184,40092964,-1,-1
9174,-1,-1,1733415022609961216,135160071
9175,36109312,135542734,-1,-1
9176,-1,-1,1733415022590060288,30099067
9177,30479616,36242904,-1,-1
9178,-1,-1,1733415022649851136,109790463
9179,30917632,102063261,-1,-1
9180,-1,-1,1733415022649451776,49600577
9181,44668160,49704428,-1,-1
9182,-1,-1,1733415022689091840,89639926
9183,33150208,90044198,-1,-1
9184,-1,-1,1733415022690928640,51836758
9185,46651392,51375943,-1,-1
9186,-1,-1,1733415022756818688,115889491
9187,32884224,115824703,-1,-1
9188,-1,-1,1733415022838099456,231280889
9189,33872384,234259675,-1,-1
9190,-1,-1,1733415022859271424,121171845
9191,32820992,117584433,-1,-1
9192,-1,-1,1733415022922681088,163409594
9193,32910848,163596183,-1,-1
9194,-1,-1,1733415022962480640,189799103
9195,15034624,190344605,-1,-1
9196,-1,-1,1733415023037293312,124812810
9197,34955776,124697373,-1,-1
9198,-1,-1,1733415023076590336,189296745
9199,31347456,189809430,-1,-1
9200,-1,-1,1733415023135918848,159328200
9201,32756736,160062250,-1,-1
9202,-1,-1,1733415023210719744,174800930
9203,32854784,174350761,-1,-1
9204,-1,-1,1733415023231935744,121215746
9205,30938624,120728951,-1,-1
9206,-1,-1,1733415023311718912,179783130
9207,33754624,180175148,-1,-1
9208,-1,-1,1733415023363262464,201543216
9209,31574272,201310457,-1,-1
9210,-1,-1,1733415023409752832,96490204
9211,34338560,96387118,-1,-1
9212,-1,-1,1733415023442078208,132325079
9213,31030016,132309185,-1,-1
9214,-1,-1,1733415023502869248,160790874
9215,32107264,161579447,-1,-1
9216,-1,-1,1733415023580120576,177251128
9217,34833152,177257254,-1,-1
9218,-1,-1,1733415023607095808,126975089
9219,15806464,126593292,-1,-1
9220,-1,-1,1733415023643937792,36841814
9221,32035584,36085687,-1,-1
9222,-1,-1,1733415023715920640,171982804
9223,33943296,172405539,-1,-1
9224,-1,-1,1733415023766529792,200608907
9225,31612928,201038135,-1,-1
9226,-1,-1,1733415023804209664,87679815
9227,30922752,87051715,-1,-1
9228,-1,-1,1733415023879099136,224889343
9229,32316160,226449408,-1,-1
9230,-1,-1,1733415023924264192,145164768
9231,35846400,146473495,-1,-1
9232,-1,-1,1733415023975676160,151412014
9233,37555200,151442930,-1,-1
9234,-1,-1,1733415024029195008,153518832
9235,35671040,153522242,-1,-1
9236,-1,-1,1733415024072226560,143031217
9237,32737536,141553246,-1,-1
9238,-1,-1,1733415024117783296,145556481
9239,33341440,145107130,-1,-1
9240,-1,-1,1733415024167914496,150131056
9241,30865152,149005889,-1,-1
9242,-1,-1,1733415024199442176,131527472
9243,32458240,131585604,-1,-1
9244,-1,-1,1733415024183573248,34130917
9245,31821824,36757246,-1,-1
9246,-1,-1,1733415024273050624,139477066
9247,33316864,137508234,-1,-1
9248,-1,-1,1733415024309767424,136716707
9249,34831360,136110312,-1,-1
9250,-1,-1,1733415024392887040,183120083
9251,31572736,183732562,-1,-1
9252,-1,-1,1733415024452339200,159451463
9253,36138752,162072909,-1,-1
9254,-1,-1,1733415024502105856,149766632
9255,32855296,147349304,-1,-1
9256,-1,-1,1733415024567271936,165165844
9257,37637376,167323471,-1,-1
9258,-1,-1,1733415024614756352,147483929
9259,38678016,148499276,-1,-1
9260,-1,-1,1733415024621218048,156461577
9261,14857984,152573276,-1,-1
9262,-1,-1,1733415024657537536,36319322
9263,31985664,37166714,-1,-1
9264,-1,-1,1733415024707693056,150155379
9265,30701568,149136271,-1,-1
9266,-1,-1,1733415024746714880,39021743
9267,45534976,51221193,-1,-1
9268,-1,-1,1733415024782818048,136102898
9269,33720576,126297435,-1,-1
9270,-1,-1,1733415024818903040,136084663
9271,34712576,135496023,-1,-1
9272,-1,-1,1733415024902157568,233254572
9273,35762944,234428139,-1,-1
9274,-1,-1,1733415024947493376,145335829
9275,37643008,145383913,-1,-1
9276,-1,-1,1733415024991099904,143606397
9277,35929088,143920827,-1,-1
9278,-1,-1,1733415025023694336,232594125
9279,19621376,229151634,-1,-1
9280,-1,-1,1733415025061292032,37597855
9281,30897408,35906671,-1,-1
9282,-1,-1,1733415025088568832,127276300
9283,31976192,128707578,-1,-1
9284,-1,-1,1733415025069888512,31319375
9285,23999488,34661268,-1,-1
9286,-1,-1,1733415025136000000,116111804
9287,34715136,115609103,-1,-1
9288,-1,-1,1733415025118925312,32924750
9289,27336448,31472949,-1,-1
9290,-1,-1,1733415025168638208,99712770
9291,31065088,98343745,-1,-1
9292,-1,-1,1733415025148224768,29586468
9293,27913216,32713699,-1,-1
9294,-1,-1,1733415025198435072,150210080
9295,16502016,147782861,-1,-1
9296,-1,-1,1733415025274129664,125694566
9297,35811840,128362996,-1,-1
9298,-1,-1,1733415025318979072,144849347
9299,31852544,142653412,-1,-1
9300,-1,-1,1733415025349277184,130297836
9301,31511296,130173496,-1,-1
9302,-1,-1,1733415025324103680,24826196
9303,22811904,27169605,-1,-1
9304,-1,-1,1733415025378663936,154560272
9305,27229184,154937975,-1,-1
9306,-1,-1,1733415025404711424,76047444
9307,39905792,72536493,-1,-1
9308,-1,-1,1733415025442076672,87364978
9309,32657408,87479888,-1,-1
9310,-1,-1,1733415025478452480,36375618
9311,32883712,37975988,-1,-1
9312,-1,-1,1733415025514719488,136266705
9313,31996928,134741031,-1,-1
9314,-1,-1,1733415025586722816,222003336
9315,35879168,225143039,-1,-1
9316,-1,-1,1733415025637308672,150585666
9317,35602176,150318982,-1,-1
9318,-1,-1,1733415025634900224,147591306
9319,35513856,145309559,-1,-1
9320,-1,-1,1733415025679643136,94742756
9321,31057152,94203868,-1,-1
9322,-1,-1,1733415025665317888,35674798
9323,31085056,35867545,-1,-1
9324,-1,-1,1733415025716481024,101162868
9325,31023360,100713933,-1,-1
9326,-1,-1,1733415025698939904,32458757
9327,28717568,35697610,-1,-1
9328,-1,-1,1733415025755690752,106750888
9329,32122368,104375322,-1,-1
9330,-1,-1,1733415025732772864,27081726
9331,24869376,30286298,-1,-1
9332,-1,-1,1733415025787203584,104430797
9333,31166976,100869489,-1,-1
9334,-1,-1,1733415025776197376,38993544
9335,37100288,41821671,-1,-1
9336,-1,-1,1733415025831469824,105272571
9337,32271104,101914249,-1,-1
9338,-1,-1,1733415025808657664,27187384
9339,25422080,30527414,-1,-1
9340,-1,-1,1733415025878842112,120184355
9341,31038464,115856478,-1,-1
9342,-1,-1,1733415025893447424,64604919
9343,30907648,65617468,-1,-1
9344,-1,-1,1733415025888240640,44793183
9345,39846144,44852589,-1,-1
9346,-1,-1,1733415025928873472,90632976
9347,32664576,90522947,-1,-1
9348,-1,-1,1733415025923747584,44873816
9349,38828288,44990744,-1,-1
9350,-1,-1,1733415025997212416,123464618
9351,45695744,135649389,-1,-1
9352,-1,-1,1733415026030711296,133498503
9353,33280000,120987344,-1,-1
9354,-1,-1,1733415026050394624,119683468
9355,32148480,121473952,-1,-1
9356,-1,-1,1733415026050398976,50004131
9357,42856448,47612865,-1,-1
9358,-1,-1,1733415026088884992,88485712
9359,31671552,88540490,-1,-1
9360,-1,-1,1733415026125069312,36184107
9361,32442368,37514106,-1,-1
9362,-1,-1,1733415026186287616,211218531
9363,32285440,212113920,-1,-1
9364,-1,-1,1733415026224239616,137951608
9365,32872448,136561890,-1,-1
9366,-1,-1,1733415026201457920,27218055
9367,25803520,30439988,-1,-1
9368,-1,-1,1733415026256540672,105082435
9369,32580864,103409006,-1,-1
9370,-1,-1,1733415026242053120,35512101
9371,29757440,34062197,-1,-1
9372,-1,-1,1733415026294564352,102511190
9373,31171072,102015305,-1,-1
9374,-1,-1,1733415026270492160,25927730
9375,23991296,29854754,-1,-1
9376,-1,-1,1733415026327638528,107146037
9377,32300544,103317840,-1,-1
9378,-1,-1,1733415026311166208,33527504
9379,29066240,34215782,-1,-1
9380,-1,-1,1733415026362546688,101380192
9381,34764800,103198224,-1,-1
9382,-1,-1,1733415026338719744,26172925
9383,21829376,26942986,-1,-1
9384,-1,-1,1733415026397373696,108653849
9385,31409408,106276140,-1,-1
9386,-1,-1,1733415026376123648,28750011
9387,26936832,31331860,-1,-1
9388,-1,-1,1733415026439141632,113017784
9389,32267008,109719421,-1,-1
9390,-1,-1,1733415026424502528,35360956
9391,29854976,35391159,-1,-1
9392,-1,-1,1733415026487780864,113277782
9393,31060480,113275696,-1,-1
9394,-1,-1,1733415026477249792,39469124
9395,35715072,40536579,-1,-1
9396,-1,-1,1733415026509949696,132699535
9397,14850048,131617449,-1,-1
9398,-1,-1,1733415026545595136,35645405
9399,32112896,37116721,-1,-1
9400,-1,-1,1733415026562854656,117259166
9401,33726720,116365265,-1,-1
9402,-1,-1,1733415026544999680,32144872
9403,37671936,43983875,-1,-1
9404,-1,-1,1733415026599099392,104099711
9405,34939392,92601255,-1,-1
9406,-1,-1,1733415026580542208,31442473
9407,37901568,42837304,-1,-1
9408,-1,-1,1733415026660100096,129557886
9409,44797952,129521143,-1,-1
9410,-1,-1,1733415026660992256,50891845
9411,36445952,41387847,-1,-1
9412,-1,-1,1733415026659116288,148123943
9413,32875264,145082361,-1,-1
9414,-1,-1,1733415026702962176,143845830
9415,28757248,144241983,-1,-1
9416,-1,-1,1733415026757052416,104090004
9417,33378304,104362546,-1,-1
9418,-1,-1,1733415026735554304,28501694
9419,27121920,31763947,-1,-1
9420,-1,-1,1733415026769581568,134027068
9421,15494656,130765404,-1,-1
9422,-1,-1,1733415026806035968,36454130
9423,31940352,36285043,-1,-1
9424,-1,-1,1733415026806939136,100903281
9425,15080192,100761496,-1,-1
9426,-1,-1,1733415026844224256,37284642
9427,31923200,36834395,-1,-1
9428,-1,-1,1733415026874302464,130078019
9429,30968320,130857402,-1,-1
9430,-1,-1,1733415026899922688,125620153
9431,33508096,125842998,-1,-1
9432,-1,-1,1733415026891823360,41900478
9433,39679488,44254024,-1,-1
9434,-1,-1,1733415026968445696,126622227
9435,32086272,123823845,-1,-1
9436,-1,-1,1733415027012039680,143593895
9437,32808960,145223708,-1,-1
9438,-1,-1,1733415027044400128,182359961
9439,30923520,180487498,-1,-1
9440,-1,-1,1733415027019975424,25575269
9441,20963584,25929240,-1,-1
9442,-1,-1,1733415027080160768,110185024
9443,31027712,108800973,-1,-1
9444,-1,-1,1733415027048593152,18432447
9445,13762560,19608816,-1,-1
9446,-1,-1,1733415027088449536,139856355
9447,16072448,139804904,-1,-1
9448,-1,-1,1733415027124089600,35639734
9449,30987776,35912876,-1,-1
9450,-1,-1,1733415027124475904,150385951
9451,46912768,164453726,-1,-1
9452,-1,-1,1733415027196347904,171872139
9453,27010560,156553706,-1,-1
9454,-1,-1,1733415027235689984,89341890
9455,32771584,90515541,-1,-1
9456,-1,-1,1733415027272349696,36659669
9457,32793600,37890906,-1,-1
9458,-1,-1,1733415027279963136,207613209
9459,28755456,206228259,-1,-1
9460,-1,-1,1733415027291716864,61753715
9461,38777088,73892073,-1,-1
9462,-1,-1,1733415027367760128,126043319
9463,32801536,115649756,-1,-1
9464,-1,-1,1733415027370860032,153099136
9465,19335168,151532705,-1,-1
9466,-1,-1,1733415027406907136,36047226
9467,31320576,36345661,-1,-1
9468,-1,-1,1733415027451549440,144642196
9469,32909824,146216382,-1,-1
9470,-1,-1,1733415027475687424,124137596
9471,31581696,122299324,-1,-1
9472,-1,-1,1733415027487842560,62155121
9473,31123712,61990413,-1,-1
9474,-1,-1,1733415027521954816,134112070
9475,35186688,134577973,-1,-1
9476,-1,-1,1733415027539076352,117121403
9477,34343680,116687919,-1,-1
9478,-1,-1,1733415027517120000,28043321
9479,34289664,40101040,-1,-1
9480,-1,-1,1733415027550676480,133556508
9481,38392832,133474928,-1,-1
9482,-1,-1,1733415027582066944,131390120
9483,42461440,131657207,-1,-1
9484,-1,-1,1733415027617678592,135611433
9485,42276864,135453719,-1,-1
9486,-1,-1,1733415027644207872,126529407
9487,43207680,126666959,-1,-1
9488,-1,-1,1733415027673804800,129596636
9489,39499520,129669021,-1,-1
9490,-1,-1,1733415027742597376,118792580
9491,32917504,107085042,-1,-1
9492,-1,-1,1733415027766436352,73838810
9493,32311296,74097762,-1,-1
9494,-1,-1,1733415027743228416,26791808
9495,21522944,26082775,-1,-1
9496,-1,-1,1733415027785407232,142178833
9497,15331328,141450230,-1,-1
9498,-1,-1,1733415027823369728,37962194
9499,31982592,37518250,-1,-1
9500,-1,-1,1733415027816071424,142701418
9501,44304640,156942052,-1,-1
9502,-1,-1,1733415027843656448,127584827
9503,43997440,126593394,-1,-1
9504,-1,-1,1733415027874361600,130705065
9505,39308032,131532821,-1,-1
9506,-1,-1,1733415027901817344,127455462
9507,39420160,126604105,-1,-1
9508,-1,-1,1733415027995450368,143633551
9509,45995776,138918823,-1,-1
9510,-1,-1,1733415027971310336,75859444
9511,16017664,69447842,-1,-1
9512,-1,-1,1733415028009097728,37787124
9513,35031296,39994923,-1,-1
9514,-1,-1,1733415028024998912,115901076
9515,32939776,110518562,-1,-1
9516,-1,-1,1733415028003559680,28560652
9517,37927168,42916665,-1,-1
9518,-1,-1,1733415028037188352,133628470
9519,41809920,133573932,-1,-1
9520,-1,-1,1733415028089765376,102577102
9521,32819200,89550932,-1,-1
9522,-1,-1,1733415028069821696,30056027
9523,37915904,42978878,-1,-1
9524,-1,-1,1733415028153192448,133370357
9525,45036032,132809410,-1,-1
9526,-1,-1,1733415028158716672,205524076
9527,30928128,194038741,-1,-1
9528,-1,-1,1733415028175425536,66708722
9529,42538752,78826250,-1,-1
9530,-1,-1,1733415028259920896,184495132
9531,37481984,172458653,-1,-1
9532,-1,-1,1733415028284468736,74547726
9533,31610112,74512210,-1,-1
9534,-1,-1,1733415028297046784,162577693
9535,45837056,177606202,-1,-1
9536,-1,-1,1733415028348830976,101784251
9537,33965568,87748005,-1,-1
9538,-1,-1,1733415028326644992,27813713
9539,33693184,38849186,-1,-1
9540,-1,-1,1733415028388504064,111859119
9541,31856384,99997372,-1,-1
9542,-1,-1,1733415028364200192,25695788
9543,32840192,37595422,-1,-1
9544,-1,-1,1733415028396776448,132576176
9545,42764800,132480921,-1,-1
9546,-1,-1,1733415028431328768,134552158
9547,44857088,134627948,-1,-1
9548,-1,-1,1733415028497206784,115878052
9549,34556160,105794772,-1,-1
9550,-1,-1,1733415028499430912,102223680
9551,14935552,98489586,-1,-1
9552,-1,-1,1733415028533931264,34500173
9553,31349760,36407743,-1,-1
9554,-1,-1,1733415028577031680,243100570
9555,16034048,242803401,-1,-1
9556,-1,-1,1733415028630568192,103536082
9557,30842368,103682900,-1,-1
9558,-1,-1,1733415028626963456,146394997
9559,27179776,146314734,-1,-1
9560,-1,-1,1733415028694633216,67669510
9561,44812544,79910567,-1,-1
9562,-1,-1,1733415028717386752,172753212
9563,36836096,164413823,-1,-1
9564,-1,-1,1733415028695060224,27673647
9565,22795776,27270632,-1,-1
9566,-1,-1,1733415028762605312,117544577
9567,31566592,113441139,-1,-1
9568,-1,-1,1733415028731810048,19204759
9569,13955840,19766477,-1,-1
9570,-1,-1,1733415028793133056,111322832
9571,30773760,110673182,-1,-1
9572,-1,-1,1733415028761198080,18064929
9573,13880832,18867265,-1,-1
9574,-1,-1,1733415028803992832,142794555
9575,15016192,142627906,-1,-1
9576,-1,-1,1733415028872340224,168347393
9577,30855936,167499322,-1,-1
9578,-1,-1,1733415028926081536,203741021
9579,32715008,204584816,-1,-1
9580,-1,-1,1733415028937093120,161011441
9581,35026688,164419372,-1,-1
9582,-1,-1,1733415028954762752,67669567
9583,44630016,76499942,-1,-1
9584,-1,-1,1733415029019576832,114813971
9585,30857984,102755717,-1,-1
9586,-1,-1,1733415028993484800,23907604
9587,25769728,32114460,-1,-1
9588,-1,-1,1733415029054065920,110581253
9589,30645248,102315034,-1,-1
9590,-1,-1,1733415029092464384,38398370
9591,33269760,38301436,-1,-1
9592,-1,-1,1733415029125550848,183086006
9593,24089856,183124589,-1,-1
9594,-1,-1,1733415029130288896,54738042
9595,25641984,57916479,-1,-1
9596,-1,-1,1733415029177319680,147030540
9597,15168256,143666534,-1,-1
9598,-1,-1,1733415029213086208,35766273
9599,31076096,35844421,-1,-1
9600,-1,-1,1733415029236434432,123348300
9601,32853504,123401638,-1,-1
9602,-1,-1,1733415029227477248,41042460
9603,39130880,44153029,-1,-1
9604,-1,-1,1733415029267788800,90311498
9605,31626496,87733483,-1,-1
9606,-1,-1,1733415029305746432,37957551
9607,44904960,49668192,-1,-1
9608,-1,-1,1733415029320393728,114647023
9609,30776064,102510883,-1,-1
9610,-1,-1,1733415029385416448,165022528
9611,34961152,165654376,-1,-1
9612,-1,-1,1733415029425814016,140397483
9613,31940096,139603474,-1,-1
9614,-1,-1,1733415029444783872,218969733
9615,34201344,223526089,-1,-1
9616,-1,-1,1733415029500945920,106162020
9617,30995712,101443624,-1,-1
9618,-1,-1,1733415029488319232,37372794
9619,31874304,37741337,-1,-1
9620,-1,-1,1733415029524921856,136602410
9621,29108480,139834900,-1,-1
9622,-1,-1,1733415029603318016,78396319
9623,44802304,77545350,-1,-1
9624,-1,-1,1733415029632299520,178981255
9625,33503232,176464235,-1,-1
9626,-1,-1,1733415029615084032,32784612
9627,30810368,35688904,-1,-1
9628,-1,-1,1733415029687310592,122226341
9629,33915136,118718930,-1,-1
9630,-1,-1,1733415029667363840,30052861
9631,28599296,34075294,-1,-1
9632,-1,-1,1733415029725325056,107961170
9633,33160704,105172855,-1,-1
9634,-1,-1,1733415029729737216,54411948
9635,32906752,54001426,-1,-1
9636,-1,-1,1733415029768674304,38936986
9637,44698112,50954597,-1,-1
9638,-1,-1,1733415029792369408,123694893
9639,31795456,112418027,-1,-1
9640,-1,-1,1733415029826938112,134568511
9641,31126272,133835399,-1,-1
9642,-1,-1,1733415029852336128,125397931
9643,30635264,125260360,-1,-1
9644,-1,-1,1733415029889366784,137030489
9645,34261760,136502871,-1,-1
9646,-1,-1,1733415029927911936,38544909
9647,45823232,51081445,-1,-1
9648,-1,-1,1733415029964908544,236996421
9649,33146880,225309436,-1,-1
9650,-1,-1,1733415029987088896,122180334
9651,14982400,121336737,-1,-1
9652,-1,-1,1733415030023381504,36292479
9653,32231168,37229268,-1,-1
9654,-1,-1,1733415030045004544,121622973
9655,32591104,121062034,-1,-1
9656,-1,-1,1733415030082485248,37480404
9657,32270336,37339941,-1,-1
9658,-1,-1,1733415030120936704,138451270
9659,32773376,140169096,-1,-1
9660,-1,-1,1733415030151092992,130156300
9661,34070784,130882697,-1,-1
9662,-1,-1,1733415030184073984,132980940
9663,30952960,130553979,-1,-1
9664,-1,-1,1733415030209167872,125093594
9665,31985920,126052204,-1,-1
9666,-1,-1,1733415030197310720,38142727
9667,34746624,39175599,-1,-1
9668,-1,-1,1733415030209544960,112234083
9669,41777152,122633536,-1,-1
9670,-1,-1,1733415030291544064,131998871
9671,30755840,119518855,-1,-1
9672,-1,-1,1733415030307727872,116183731
9673,30806272,116538300,-1,-1
9674,-1,-1,1733415030346437888,88709824
9675,34066432,89534339,-1,-1
9676,-1,-1,1733415030320320000,23881731
9677,20896768,26201587,-1,-1
9678,-1,-1,1733415030409959424,139639610
9679,42036224,143782026,-1,-1
9680,-1,-1,1733415030396432384,136472568
9681,34049024,132599006,-1,-1
9682,-1,-1,1733415030465232128,118799782
9683,31888384,114667954,-1,-1
9684,-1,-1,1733415030447996672,32764266
9685,28526336,36556048,-1,-1
9686,-1,-1,1733415030514597632,116600746
9687,31883008,114610881,-1,-1
9688,-1,-1,1733415030533343488,68745374
9689,32817920,67686972,-1,-1
9690,-1,-1,1733415030572182528,38838982
9691,45360128,51022494,-1,-1
9692,-1,-1,1733415030601516288,129333615
9693,35021056,119669152,-1,-1
9694,-1,-1,1733415030634455808,132939358
9695,32700672,132298390,-1,-1
9696,-1,-1,1733415030689051648,204595615
9697,32774656,204407251,-1,-1
9698,-1,-1,1733415030706565376,67513519
9699,32585216,67605071,-1,-1
9700,-1,-1,1733415030747460352,140894927
9701,33336576,140245527,-1,-1
9702,-1,-1,1733415030794960128,147499535
9703,33225728,147895598,-1,-1
9704,-1,-1,1733415030831994880,187034715
9705,32084992,186730030,-1,-1
9706,-1,-1,1733415030811774464,29779219
9707,26995200,31973946,-1,-1
9708,-1,-1,1733415030865677568,103903278
9709,31848448,101306647,-1,-1
9710,-1,-1,1733415030848546816,32868662
9711,26889216,35118641,-1,-1
9712,-1,-1,1733415030901274368,102727463
9713,31127040,100048336,-1,-1
9714,-1,-1,1733415030876465920,25191413
9715,22841088,27312182,-1,-1
9716,-1,-1,1733415030918576640,142110564
9717,33882624,143661858,-1,-1
9718,-1,-1,1733415030986900480,168323723
9719,32868096,164340755,-1,-1
9720,-1,-1,1733415031037017856,150117088
9721,33718016,150474676,-1,-1
9722,-1,-1,1733415031062191360,125173298
9723,31166464,125074817,-1,-1
9724,-1,-1,1733415031061772032,49580503
9725,43770368,48478302,-1,-1
9726,-1,-1,1733415031125102848,113330681
9727,32950016,115829193,-1,-1
9728,-1,-1,1733415031160158208,135055203
9729,46875392,145402216,-1,-1
9730,-1,-1,1733415031186226688,126068353
9731,32674560,115472809,-1,-1
9732,-1,-1,1733415031218400512,132173622
9733,32806144,132586484,-1,-1
9734,-1,-1,1733415031262310400,243909781
9735,32952320,241393852,-1,-1
9736,-1,-1,1733415031299175424,136864946
9737,32902144,137559672,-1,-1
9738,-1,-1,1733415031299016448,49841012
9739,44783104,49772956,-1,-1
9740,-1,-1,1733415031359599616,110582838
9741,31344896,111041851,-1,-1
9742,-1,-1,1733415031392355072,132755353
9743,31955456,132235109,-1,-1
9744,-1,-1,1733415031466774528,224419295
9745,31518976,223930877,-1,-1
9746,-1,-1,1733415031485115136,118340424
9747,31691264,119800359,-1,-1
9748,-1,-1,1733415031495699968,160584432
9749,28155392,162842181,-1,-1
9750,-1,-1,1733415031565742080,70041955
9751,34755584,67469149,-1,-1
9752,-1,-1,1733415031600178176,134436196
9753,32829440,135693874,-1,-1
9754,-1,-1,1733415031611270656,211092169
9755,31792384,212216415,-1,-1
9756,-1,-1,1733415031665887744,104617144
9757,32022528,100837256,-1,-1
9758,-1,-1,1733415031649987328,34099146
9759,30093824,35126201,-1,-1
9760,-1,-1,1733415031715862528,115875171
9761,31915264,114407560,-1,-1
9762,-1,-1,1733415031719423232,53560415
9763,33640448,55622180,-1,-1
9764,-1,-1,1733415031758202624,38779214
9765,45700352,51025776,-1,-1
9766,-1,-1,1733415031786060032,127857023
9767,32737024,115603834,-1,-1
9768,-1,-1,1733415031816528384,130468292
9769,31286528,129982048,-1,-1
9770,-1,-1,1733415031844994048,178465556
9771,34850048,181976636,-1,-1
9772,-1,-1,1733415031861723392,66729157
9773,36963584,69007250,-1,-1
9774,-1,-1,1733415031905127680,143404021
9775,35058432,140538303,-1,-1
9776,-1,-1,1733415031964774912,109647189
9777,32275456,105971355,-1,-1
9778,-1,-1,1733415031943782400,29007464
9779,25148416,29749800,-1,-1
9780,-1,-1,1733415032003305472,159522922
9781,32801792,159145048,-1,-1
9782,-1,-1,1733415032042176512,38870671
9783,45797888,50877303,-1,-1
9784,-1,-1,1733415032073975808,131799168
9785,33717504,121523398,-1,-1
9786,-1,-1,1733415032107549440,133573603
9787,32790528,132579634,-1,-1
9788,-1,-1,1733415032134742016,227192145
9789,28752896,226331619,-1,-1
9790,-1,-1,1733415032179167744,144425910
9791,32210688,148958674,-1,-1
9792,-1,-1,1733415032232041472,102873692
9793,33186816,98934773,-1,-1
9794,-1,-1,1733415032208778496,26736590
9795,23825920,29315096,-1,-1
9796,-1,-1,1733415032274272768,165494133
9797,32668160,162550651,-1,-1
9798,-1,-1,1733415032274695680,50422883
9799,44780544,49783143,-1,-1
9800,-1,-1,1733415032312880896,88185119
9801,30792704,88754584,-1,-1
9802,-1,-1,1733415032350131968,37250729
9803,32809472,37875244,-1,-1
9804,-1,-1,1733415032386700800,136568853
9805,33807616,137626816,-1,-1
9806,-1,-1,1733415032410746880,224045896
9807,33837056,225447180,-1,-1
9808,-1,-1,1733415032466080768,105333909
9809,31206912,101945341,-1,-1
9810,-1,-1,1733415032442415872,26334719
9811,25080320,29877284,-1,-1
9812,-1,-1,1733415032503419904,111004109
9813,34020352,107692929,-1,-1
9814,-1,-1,1733415032512929792,59509714
9815,32865536,59596428,-1,-1
9816,-1,-1,1733415032551044608,38114536
9817,44908032,49935771,-1,-1
9818,-1,-1,1733415032532654592,81610297
9819,14942976,69896924,-1,-1
9820,-1,-1,1733415032588108800,155453526
9821,31057920,155584758,-1,-1
9822,-1,-1,1733415032587120896,49011959
9823,44369152,49402559,-1,-1
9824,-1,-1,1733415032634731264,147610229
9825,27170304,147905032,-1,-1
9826,-1,-1,1733415032636599552,51923738
9827,21740032,53773481,-1,-1
9828,-1,-1,1733415032708624896,121969705
9829,32935424,119469291,-1,-1
9830,-1,-1,1733415032724048896,65423328
9831,33022464,65224295,-1,-1
9832,-1,-1,1733415032769625344,45576268
9833,41878272,46692079,-1,-1
9834,-1,-1,1733415032785558528,115933094
9835,32787200,116625295,-1,-1
9836,-1,-1,1733415032820687104,135128532
9837,32691712,133587500,-1,-1
9838,-1,-1,1733415032861340672,190653416
9839,31438080,190965572,-1,-1
9840,-1,-1,1733415032851373312,40032681
9841,37693696,42261944,-1,-1
9842,-1,-1,1733415032907978496,106605035
9843,33966592,104855086,-1,-1
9844,-1,-1,1733415032895669760,37691251
9845,34815488,38731937,-1,-1
9846,-1,-1,1733415032954218496,108548297
9847,30934272,103828853,-1,-1
9848,-1,-1,1733415032931481600,27263019
9849,28047104,32917089,-1,-1
9850,-1,-1,1733415032999965696,118483933
9851,32200960,115897468,-1,-1
9852,-1,-1,1733415033007285760,57319907
9853,32820224,56484099,-1,-1
9854,-1,-1,1733415033043155712,35869773
9855,33156096,38261331,-1,-1
9856,-1,-1,1733415033074659584,131503995
9857,45924864,144376706,-1,-1
9858,-1,-1,1733415033103527936,128868035
9859,32834816,114364928,-1,-1
9860,-1,-1,1733415033134570752,131042796
9861,44652288,142642900,-1,-1
9862,-1,-1,1733415033178932736,194361744
9863,36092416,185668225,-1,-1
9864,-1,-1,1733415033186219776,107286820
9865,32798720,104284445,-1,-1
9866,-1,-1,1733415033220980992,134761166
9867,31534080,133366104,-1,-1
9868,-1,-1,1733415033205030656,34049349
9869,33674240,39017685,-1,-1
9870,-1,-1,1733415033264052224,109021430
9871,32984320,104933812,-1,-1
9872,-1,-1,1733415033238797568,24745185
9873,22796800,27672369,-1,-1
9874,-1,-1,1733415033282657280,143859620
9875,14818304,140696264,-1,-1
9876,-1,-1,1733415033319741952,37084483
9877,30856192,35863062,-1,-1
9878,-1,-1,1733415033360000768,140258809
9879,32745728,143505584,-1,-1
9880,-1,-1,1733415033362281728,152280741
9881,46607616,150615556,-1,-1
9882,-1,-1,1733415033417877248,105595512
9883,31088384,105842347,-1,-1
9884,-1,-1,1733415033420411392,152533675
9885,47636992,152189393,-1,-1
9886,-1,-1,1733415033457016064,136604515
9887,27784448,136523478,-1,-1
9888,-1,-1,1733415033465708288,58691959
9889,29946624,62031009,-1,-1
9890,-1,-1,1733415033523790336,108081747
9891,31682560,105353475,-1,-1
9892,-1,-1,1733415033534797568,61007410
9893,33956608,62655571,-1,-1
9894,-1,-1,1733415033523153408,38355698
9895,31786752,36206712,-1,-1
9896,-1,-1,1733415033587668736,114514845
9897,48619008,129740163,-1,-1
9898,-1,-1,1733415033614383360,126714712
9899,31977984,111690831,-1,-1
9900,-1,-1,1733415033653959936,139576251
9901,49758720,154445041,-1,-1
9902,-1,-1,1733415033682469120,128509014
9903,49839872,129618373,-1,-1
9904,-1,-1,1733415033704270848,121801586
9905,30917632,105735547,-1,-1
9906,-1,-1,1733415033753676032,149405175
9907,50819840,164571369,-1,-1
9908,-1,-1,1733415033780746496,127070053
9909,33684992,114446163,-1,-1
9910,-1,-1,1733415033819892736,139145972
9911,48777984,151599018,-1,-1
9912,-1,-1,1733415033851069440,181176380
9913,33857792,164573923,-1,-1
9914,-1,-1,1733415033824446720,23377524
9915,23008768,28013701,-1,-1
9916,-1,-1,1733415033876104448,101657053
9917,32573696,98331762,-1,-1
9918,-1,-1,1733415033848020480,21916165
9919,21597952,25902364,-1,-1
9920,-1,-1,1733415033902969600,104948897
9921,32331264,102467196,-1,-1
9922,-1,-1,1733415033877561088,24591385
9923,21977856,26544407,-1,-1
9924,-1,-1,1733415033936238592,108677224
9925,30962432,105586783,-1,-1
9926,-1,-1,1733415033913074688,26836145
9927,23956480,29890187,-1,-1
9928,-1,-1,1733415033952660480,139585600
9929,35527168,141280118,-1,-1
9930,-1,-1,1733415033984617728,81957007
9931,46482176,76917229,-1,-1
9932,-1,-1,1733415034021083904,86465967
9933,33266944,87217924,-1,-1
9934,-1,-1,1733415034023089152,52005097
9935,46797568,51412654,-1,-1
9936,-1,-1,1733415034046769920,123680575
9937,47906048,123723460,-1,-1
9938,-1,-1,1733415034102914560,106144867
9939,33802240,108524921,-1,-1
9940,-1,-1,1733415034106912000,53996837
9941,34360576,54418934,-1,-1
9942,-1,-1,1733415034107699456,150787493
9943,33298944,151734238,-1,-1
9944,-1,-1,1733415034171399680,113700065
9945,33889280,108041595,-1,-1
9946,-1,-1,1733415034140239360,18839648
9947,18978560,23966581,-1,-1
9948,-1,-1,1733415034196750336,106510809
9949,34999296,105767291,-1,-1
9950,-1,-1,1733415034179013632,32263028
9951,26866176,32853180,-1,-1
9952,-1,-1,1733415034233729536,104715700
9953,31586304,102367450,-1,-1
9954,-1,-1,1733415034207533056,23803616
9955,22329856,26643731,-1,-1
9956,-1,-1,1733415034267830016,110296659
9957,33882624,105264953,-1,-1
9958,-1,-1,1733415034243670272,25840304
9959,15757824,27085134,-1,-1
9960,-1,-1,1733415034257784064,114113860
9961,26845184,117626928,-1,-1
9962,-1,-1,1733415034309805824,102021160
9963,30837248,98500286,-1,-1
9964,-1,-1,1733415034280403200,20597460
9965,18281728,24306012,-1,-1
9966,-1,-1,1733415034339880448,109477056
9967,31852800,104195782,-1,-1
9968,-1,-1,1733415034309022464,19141831
9969,19009536,24033978,-1,-1
9970,-1,-1,1733415034380876544,121853843
9971,33333248,120068442,-1,-1
9972,-1,-1,1733415034406586368,125709537
9973,32829696,123122580,-1,-1
9974,-1,-1,1733415034379503360,22917268
9975,17932544,23951642,-1,-1
9976,-1,-1,1733415034429392128,99888274
9977,32066048,99830839,-1,-1
9978,-1,-1,1733415034408736768,29344464
9979,27179520,32959657,-1,-1
9980,-1,-1,1733415034467123712,108386642
9981,30867712,104418710,-1,-1
9982,-1,-1,1733415034443633920,26510289
9983,14248192,26849760,-1,-1
9984,-1,-1,1733415034461052416,117418321
9985,30744320,120641912,-1,-1
9986,-1,-1,1733415034519988480,108935798
9987,32352256,107237906,-1,-1
9988,-1,-1,1733415034494027520,24039027
9989,20984064,25510187,-1,-1
9990,-1,-1,1733415034548169984,104142197
9991,30907392,100667769,-1,-1
9992,-1,-1,1733415034526716928,28546897
9993,20574208,28820318,-1,-1
9994,-1,-1,1733415034605909760,129192363
9995,36626176,131739968,-1,-1
9996,-1,-1,1733415034576386304,120476676
9997,22141952,121827123,-1,-1
9998,-1,-1,1733415034639864320,163477855
9999,34613504,161215828,-1,-1
10000,-1,-1,1733415034628030208,38165741
10001,41266944,47852779,-1,-1
10002,-1,-1,1733415034695299072,117268667
10003,33873664,108620077,-1,-1
10004,-1,-1,1733415034700137216,54837767
10005,32163584,52170526,-1,-1
10006,-1,-1,1733415034697795328,147658108
10007,32569600,147200674,-1,-1
10008,-1,-1,1733415034745592832,97797190
10009,31869440,97748952,-1,-1
10010,-1,-1,1733415034721973504,26380866
10011,18097920,26926148,-1,-1
10012,-1,-1,1733415034740112384,118138855
10013,22869504,118699136,-1,-1
10014,-1,-1,1733415034791474176,101361577
10015,31975936,100722255,-1,-1
10016,-1,-1,1733415034764841984,23367745
10017,16183040,23809192,-1,-1
10018,-1,-1,1733415034787209472,122367075
10019,28043776,126772114,-1,-1
10020,-1,-1,1733415034857037312,169827798
10021,37222144,166690334,-1,-1
10022,-1,-1,1733415034881876736,74839097
10023,31650048,74030110,-1,-1
10024,-1,-1,1733415034863486976,31610286
10025,29614848,34286779,-1,-1
10026,-1,-1,1733415034918144000,104656696
10027,34354688,104033799,-1,-1
10028,-1,-1,1733415034914063104,45919329
10029,33416448,42948881,-1,-1
10030,-1,-1,1733415034938008832,123945347
10031,33263872,124351316,-1,-1
10032,-1,-1,1733415034931390464,43381435
10033,37855488,46452581,-1,-1
10034,-1,-1,1733415034980290304,148899657
10035,31923200,145551234,-1,-1
10036,-1,-1,1733415034954692864,24402297
10037,19215872,25477379,-1,-1
10038,-1,-1,1733415035002121216,97428340
10039,34648576,97765783,-1,-1
10040,-1,-1,1733415034980441344,28319983
10041,18769152,28096296,-1,-1
10042,-1,-1,1733415035001843712,121402313
10043,25781504,121659475,-1,-1
10044,-1,-1,1733415035056066048,104221910
10045,36680960,106520636,-1,-1
10046,-1,-1,1733415035031500032,25434057
10047,17579008,23105449,-1,-1
10048,-1,-1,1733415035065147392,133647171
10049,32815104,135628960,-1,-1
10050,-1,-1,1733415035120661760,105514134
10051,33916416,104623729,-1,-1
10052,-1,-1,1733415035116882176,46221037
10053,32888576,43911907,-1,-1
10054,-1,-1,1733415035113603584,96720612
10055,30584320,100262947,-1,-1
10056,-1,-1,1733415035171411712,107807618
10057,39970048,107117200,-1,-1
10058,-1,-1,1733415035166011648,44599945
10059,32767232,41926684,-1,-1
10060,-1,-1,1733415035197355776,131343877
10061,34777344,135101331,-1,-1
10062,-1,-1,1733415035240254464,42898632
10063,35672576,38929001,-1,-1
10064,-1,-1,1733415035213911552,123656807
10065,51797760,126746378,-1,-1
10066,-1,-1,1733415035256367872,92456532
10067,34063616,90450437,-1,-1
10068,-1,-1,1733415035255311360,48942917
10069,42614272,47904732,-1,-1
10070,-1,-1,1733415035264220160,58908866
10071,21974528,56219101,-1,-1
10072,-1,-1,1733415035300161792,135941347
10073,25805312,141329876,-1,-1
10074,-1,-1,1733415035349358336,99196468
10075,31947008,97730046,-1,-1
10076,-1,-1,1733415035324421120,25062550
10077,18051072,23928435,-1,-1
10078,-1,-1,1733415035379880704,105459341
10079,33730816,105856505,-1,-1
10080,-1,-1,1733415035403444224,123563535
10081,39435008,123457587,-1,-1
10082,-1,-1,1733415035439953664,86509140
10083,32111360,86804714,-1,-1
10084,-1,-1,1733415035438848000,148894345
10085,48379648,148213719,-1,-1
10086,-1,-1,1733415035485481728,146633621
10087,32891136,146567211,-1,-1
10088,-1,-1,1733415035455306752,19824765
10089,17969920,22940812,-1,-1
10090,-1,-1,1733415035509000192,103693631
10091,35537664,103316607,-1,-1
10092,-1,-1,1733415035485814784,26814073
10093,18669312,25036909,-1,-1
10094,-1,-1,1733415035541472000,105657172
10095,32389120,103813752,-1,-1
10096,-1,-1,1733415035509388544,17916244
10097,16951808,21940287,-1,-1
10098,-1,-1,1733415035563163904,103775526
10099,33868800,102155363,-1,-1
10100,-1,-1,1733415035533469184,20304860
10101,16984576,21502648,-1,-1
10102,-1,-1,1733415035586003712,102534595
10103,36090112,101850557,-1,-1
10104,-1,-1,1733415035558369792,22365905
10105,16524544,21316831,-1,-1
10106,-1,-1,1733415035627044608,118674570
10107,33910528,117994014,-1,-1
10108,-1,-1,1733415035600355328,23310691
10109,17591808,23091229,-1,-1
10110,-1,-1,1733415035615823104,65467662
10111,29805568,65558843,-1,-1
10112,-1,-1,1733415035675425792,109602368
10113,45676544,121732778,-1,-1
10114,-1,-1,1733415035660118528,84692456
10115,14851072,72794548,-1,-1
10116,-1,-1,1733415035697451008,37332507
10117,31865088,36777210,-1,-1
10118,-1,-1,1733415035708888832,111437614
10119,32995840,111913085,-1,-1
10120,-1,-1,1733415035700926976,42038161
10121,39628032,44507420,-1,-1
10122,-1,-1,1733415035770588928,119661499
10123,45617408,128734924,-1,-1
10124,-1,-1,1733415035802156800,131567664
10125,44678656,131585135,-1,-1
10126,-1,-1,1733415035832458752,130301961
10127,42597376,118599921,-1,-1
10128,-1,-1,1733415035799380480,166921580
10129,24770304,166427232,-1,-1
10130,-1,-1,1733415035844785152,95404600
10131,33314304,96297756,-1,-1
10132,-1,-1,1733415035819993344,25208108
10133,21896960,27453917,-1,-1
10134,-1,-1,1733415035868116480,98122821
10135,31107328,93828460,-1,-1
10136,-1,-1,1733415035837632768,19516181
10137,19006976,23902173,-1,-1
10138,-1,-1,1733415035886876160,99243228
10139,32931840,96545068,-1,-1
10140,-1,-1,1733415035863263488,26386933
10141,22893824,28841241,-1,-1
10142,-1,-1,1733415035913645568,100382327
10143,41809408,101658435,-1,-1
10144,-1,-1,1733415035894482944,30837044
10145,24090112,29990963,-1,-1
10146,-1,-1,1733415035945184512,100701531
10147,32012288,98834034,-1,-1
10148,-1,-1,1733415035922392576,27207599
10149,15485440,24921900,-1,-1
10150,-1,-1,1733415035939518208,117125416
10151,18824704,118394836,-1,-1
10152,-1,-1,1733415035986044672,96526368
10153,30994688,94913936,-1,-1
10154,-1,-1,1733415035972010240,85965542
10155,35447808,90525733,-1,-1
10156,-1,-1,1733415036016184064,144173667
10157,31923712,141769970,-1,-1
10158,-1,-1,1733415035993426176,27241846
10159,18511104,25772319,-1,-1
10160,-1,-1,1733415036002356992,108930721
10161,26943232,112917748,-1,-1
10162,-1,-1,1733415036047948032,95590607
10163,31797760,92556741,-1,-1
10164,-1,-1,1733415036047761152,49812913
10165,32778752,49865118,-1,-1
10166,-1,-1,1733415036041648640,43887496
10167,38833664,43864731,-1,-1
10168,-1,-1,1733415036103577344,111928514
10169,33304576,111694713,-1,-1
10170,-1,-1,1733415036109066752,105489078
10171,30791936,105584924,-1,-1
10172,-1,-1,1733415036099615232,140548378
10173,32593664,143538917,-1,-1
10174,-1,-1,1733415036141942272,42326980
10175,36142848,41169462,-1,-1
10176,-1,-1,1733415036149633280,107690844
10177,32456192,106942535,-1,-1
10178,-1,-1,1733415036145721344,96087886
10179,36905472,96074391,-1,-1
10180,-1,-1,1733415036210016000,114294417
10181,47330560,124701709,-1,-1
10182,-1,-1,1733415036193902848,133886998
10183,41651968,122413745,-1,-1
10184,-1,-1,1733415036218503168,124599955
10185,34208256,124627063,-1,-1
10186,-1,-1,1733415036280258816,111755390
10187,33242368,112247352,-1,-1
10188,-1,-1,1733415036291184640,110925714
10189,33156096,110810896,-1,-1
10190,-1,-1,1733415036266890240,25705608
10191,32920576,37327431,-1,-1
10192,-1,-1,1733415036296369920,129479324
10193,41137408,117516308,-1,-1
10194,-1,-1,1733415036314979584,118609589
10195,37794816,118608227,-1,-1
10196,-1,-1,1733415036336592640,121612910
10197,44690688,121651271,-1,-1
10198,-1,-1,1733415036372494336,35901690
10199,33121792,38166707,-1,-1
10200,-1,-1,1733415036364646656,42151760
10201,34061568,40911371,-1,-1
10202,-1,-1,1733415036377926400,163279619
10203,38788096,162270808,-1,-1
10204,-1,-1,1733415036393617152,115690675
10205,41785344,115624424,-1,-1
10206,-1,-1,1733415036419748608,126131514
10207,44378368,125603791,-1,-1
10208,-1,-1,1733415036462792960,93043779
10209,33209344,96052497,-1,-1
10210,-1,-1,1733415036499748352,36955229
10211,31770624,34433480,-1,-1
10212,-1,-1,1733415036504464128,104715718
10213,41783808,115761357,-1,-1
10214,-1,-1,1733415036533809920,179345451
10215,31105280,168680771,-1,-1
10216,-1,-1,1733415036516749824,32939712
10217,30827520,35729889,-1,-1
10218,-1,-1,1733415036565971712,99221916
10219,32945408,94617601,-1,-1
10220,-1,-1,1733415036544160512,28188439
10221,15621376,28730061,-1,-1
10222,-1,-1,1733415036609626112,165465425
10223,31062528,166773114,-1,-1
10224,-1,-1,1733415036600295168,140669190
10225,42679040,143231519,-1,-1
10226,-1,-1,1733415036623010560,122715370
10227,42193920,120019573,-1,-1
10228,-1,-1,1733415036698073088,125062083
10229,33168640,126578513,-1,-1
10230,-1,-1,1733415036710912768,162839627
10231,37904640,165127973,-1,-1
10232,-1,-1,1733415036683738880,22825667
10233,14906368,18970213,-1,-1
10234,-1,-1,1733415036704186880,170448111
10235,41691136,173306056,-1,-1
10236,-1,-1,1733415036747719680,93532405
10237,31475712,89597511,-1,-1
10238,-1,-1,1733415036783355904,35636017
10239,44942080,50084288,-1,-1
10240,-1,-1,1733415036765389824,132034010
10241,38728960,118391180,-1,-1
10242,-1,-1,1733415036784939776,119549763
10243,41605120,119478175,-1,-1
10244,-1,-1,1733415036807739136,122799206
10245,40107264,121988805,-1,-1
10246,-1,-1,1733415036845093120,87353711
10247,32689408,88339906,-1,-1
10248,-1,-1,1733415036840587008,45493905
10249,38491904,44811174,-1,-1
10250,-1,-1,1733415036859575552,118988346
10251,41704704,119695658,-1,-1
10252,-1,-1,1733415036900707584,141131878
10253,32823808,139603202,-1,-1
10254,-1,-1,1733415036873232896,22525150
10255,17256192,23838287,-1,-1
10256,-1,-1,1733415036883720448,110487167
10257,23922688,113761119,-1,-1
10258,-1,-1,1733415036927625472,93905283
10259,31094784,90912145,-1,-1
10260,-1,-1,1733415036941210624,63584832
10261,31157248,63936275,-1,-1
10262,-1,-1,1733415036928077824,36867167
10263,31780096,36379945,-1,-1
10264,-1,-1,1733415036941682432,113604344
10265,40717824,115682137,-1,-1
10266,-1,-1,1733415036986844672,145162366
10267,30832128,142608850,-1,-1
10268,-1,-1,1733415036958653952,21808637
10269,20379904,26462130,-1,-1
10270,-1,-1,1733415037012973824,104320115
10271,32608512,101813750,-1,-1
10272,-1,-1,1733415036987806464,24832233
10273,17249792,23239674,-1,-1
10274,-1,-1,1733415037057326080,169519411
10275,45788416,182452739,-1,-1
10276,-1,-1,1733415037031632384,174306063
10277,25774592,164365120,-1,-1
10278,-1,-1,1733415037084515584,102883009
10279,30861568,99817274,-1,-1
10280,-1,-1,1733415037059326208,24810352
10281,15770368,24995574,-1,-1
10282,-1,-1,1733415037097852416,138526106
10283,33764608,139445415,-1,-1
10284,-1,-1,1733415037083404288,135551785
10285,38915328,146609709,-1,-1
10286,-1,-1,1733415037103258112,119853596
10287,30099200,119678131,-1,-1
10288,-1,-1,1733415037152201472,48943180
10289,31883008,36653581,-1,-1
10290,-1,-1,1733415037169504512,117302985
10291,38258944,118164124,-1,-1
10292,-1,-1,1733415037206829312,187324539
10293,44737280,198850567,-1,-1
10294,-1,-1,1733415037220043520,163214002
10295,33890560,153491705,-1,-1
10296,-1,-1,1733415037211329024,41285516
10297,31459328,39444487,-1,-1
10298,-1,-1,1733415037197112832,135783681
10299,26857216,135033215,-1,-1
10300,-1,-1,1733415037218343424,171230096
10301,26988288,175622733,-1,-1
10302,-1,-1,1733415037264599552,146256209
10303,34302208,139432551,-1,-1
10304,-1,-1,1733415037281435136,116835347
10305,33167360,119951223,-1,-1
10306,-1,-1,1733415037260403200,28968013
10307,29885440,34503934,-1,-1
10308,-1,-1,1733415037273092096,112688684
10309,40814080,115709366,-1,-1
10310,-1,-1,1733415037344806912,121715171
10311,31879168,115750455,-1,-1
10312,-1,-1,1733415037335479808,40672229
10313,34452480,39972772,-1,-1
10314,-1,-1,1733415037320139264,134659396
10315,19960064,133438825,-1,-1
10316,-1,-1,1733415037366720000,146580576
10317,32933376,145730966,-1,-1
10318,-1,-1,1733415037354775040,38054667
10319,44890624,49780380,-1,-1
10320,-1,-1,1733415037409548544,154773532
10321,42308864,147435239,-1,-1
10322,-1,-1,1733415037422828288,113279693
10323,32599552,109376064,-1,-1
10324,-1,-1,1733415037447842304,175013857
10325,33093888,173999146,-1,-1
10326,-1,-1,1733415037428164608,30321910
10327,30885632,36660263,-1,-1
10328,-1,-1,1733415037494210048,166045397
10329,37552640,161672278,-1,-1
10330,-1,-1,1733415037485126144,40916126
10331,30004480,38006156,-1,-1
10332,-1,-1,1733415037530115072,194988509
10333,34797312,199990844,-1,-1
10334,-1,-1,1733415037525011968,44897011
10335,31931136,39019102,-1,-1
10336,-1,-1,1733415037554182656,179170415
10337,38489856,181654620,-1,-1
10338,-1,-1,1733415037572544512,118361460
10339,35362816,117373123,-1,-1
10340,-1,-1,1733415037597228288,174683854
10341,32894976,175557147,-1,-1
10342,-1,-1,1733415037599108608,101880178
10343,15566080,101550935,-1,-1
10344,-1,-1,1733415037605735680,106626818
10345,27841280,109747974,-1,-1
10346,-1,-1,1733415037613864448,58128511
10347,34854400,66922647,-1,-1
10348,-1,-1,1733415037631859456,117995041
10349,34241280,110644731,-1,-1
10350,-1,-1,1733415037659939328,128079639
10351,43892992,136605345,-1,-1
10352,-1,-1,1733415037714540288,54600622
10353,36655104,43133317,-1,-1
10354,-1,-1,1733415037726719488,112178982
10355,35344384,113815439,-1,-1
10356,-1,-1,1733415037721026560,44307066
10357,34359040,42042465,-1,-1
10358,-1,-1,1733415037718285056,147258326
10359,46862592,157971508,-1,-1
10360,-1,-1,1733415037735558912,117273866
10361,39334912,118587475,-1,-1
10362,-1,-1,1733415037789474560,153915394
10363,37433600,140623349,-1,-1
10364,-1,-1,1733415037766747904,77273158
10365,40466176,89589227,-1,-1
10366,-1,-1,1733415037790363648,173615802
10367,28864256,163566576,-1,-1
10368,-1,-1,1733415037794086912,53722867
10369,18888192,51775376,-1,-1
10370,-1,-1,1733415037846788608,202701577
10371,33939968,201438455,-1,-1
10372,-1,-1,1733415037872356096,75567262
10373,34053632,76691551,-1,-1
10374,-1,-1,1733415037837181952,114825886
10375,23896064,117617448,-1,-1
10376,-1,-1,1733415037853431040,66248749
10377,31868672,63849515,-1,-1
10378,-1,-1,1733415037885827328,232396238
10379,40840192,244219070,-1,-1
10380,-1,-1,1733415037955744256,169916824
10381,37299712,160632713,-1,-1
10382,-1,-1,1733415037944174592,38430390
10383,30906880,35807666,-1,-1
10384,-1,-1,1733415037949096704,154921516
10385,29933824,155660804,-1,-1
10386,-1,-1,1733415037975666176,126569304
10387,38873600,127055766,-1,-1
10388,-1,-1,1733415037994488320,168822319
10389,33187840,167320562,-1,-1
10390,-1,-1,1733415037967470080,22981364
10391,29902080,34573568,-1,-1
10392,-1,-1,1733415038036743424,119273295
10393,30863360,107736890,-1,-1
10394,-1,-1,1733415038071932160,135188737
10395,33380608,136604235,-1,-1
10396,-1,-1,1733415038046316544,124383998
10397,28784128,122551335,-1,-1
10398,-1,-1,1733415038076084224,179767545
10399,15784704,180357967,-1,-1
10400,-1,-1,1733415038094703616,168619115
10401,40461824,171528838,-1,-1
10402,-1,-1,1733415038141569024,146865389
10403,32277760,143954720,-1,-1
10404,-1,-1,1733415038116049408,24480317
10405,17149440,24339824,-1,-1
10406,-1,-1,1733415038138260480,122210942
10407,23392000,122003199,-1,-1
10408,-1,-1,1733415038203430912,115170222
10409,32700416,117371127,-1,-1
10410,-1,-1,1733415038194111488,40680604
10411,31177984,39222834,-1,-1
10412,-1,-1,1733415038183868416,139756215
10413,20856576,139202033,-1,-1
10414,-1,-1,1733415038234659584,50791173
10415,41386240,52842747,-1,-1
10416,-1,-1,1733415038220081152,135421430
10417,18088704,133552269,-1,-1
10418,-1,-1,1733415038259885056,139803487
10419,32996608,139691351,-1,-1
10420,-1,-1,1733415038245586688,35701606
10421,35812608,40675678,-1,-1
10422,-1,-1,1733415038259155968,163568986
10423,27452160,161655896,-1,-1
10424,-1,-1,1733415038268120576,58964257
10425,36714240,68619625,-1,-1
10426,-1,-1,1733415038320524800,152404178
10427,34472704,141747887,-1,-1
10428,-1,-1,1733415038306216704,35691689
10429,27261952,33669626,-1,-1
10430,-1,-1,1733415038347669504,91452321
10431,38109696,91163691,-1,-1
10432,-1,-1,1733415038321950464,24280986
10433,21922048,27614175,-1,-1
10434,-1,-1,1733415038374191360,102240624
10435,31982592,97796825,-1,-1
10436,-1,-1,1733415038347754752,23563404
10437,17496320,24652005,-1,-1
10438,-1,-1,1733415038362231040,114476054
10439,16874240,114868048,-1,-1
10440,-1,-1,1733415038405962496,143731278
10441,33116928,143912356,-1,-1
10442,-1,-1,1733415038435788288,79825489
10443,31300096,79387939,-1,-1
10444,-1,-1,1733415038410583552,24795263
10445,15346688,25067806,-1,-1
10446,-1,-1,1733415038474098176,163514229
10447,30972160,163600221,-1,-1
10448,-1,-1,1733415038453851392,129753092
10449,33787904,129479451,-1,-1
10450,-1,-1,1733415038494105856,190254196
10451,23952128,193454956,-1,-1
10452,-1,-1,1733415038540965888,96859825
10453,31592192,94422308,-1,-1
10454,-1,-1,1733415038516954368,25988385
10455,22901504,28195664,-1,-1
10456,-1,-1,1733415038566889472,99934735
10457,38322176,99667827,-1,-1
10458,-1,-1,1733415038538488576,21599112
10459,14832128,18963389,-1,-1
10460,-1,-1,1733415038548149248,159660580
10461,37503232,171631809,-1,-1
10462,-1,-1,1733415038575083264,126933841
10463,31642368,114576275,-1,-1
10464,-1,-1,1733415038625332736,50249312
10465,36009216,51004655,-1,-1
10466,-1,-1,1733415038641082880,115749882
10467,33218304,115838748,-1,-1
10468,-1,-1,1733415038632276480,41193519
10469,33117184,40812406,-1,-1
10470,-1,-1,1733415038643628032,111351342
10471,33067264,111538087,-1,-1
10472,-1,-1,1733415038628630784,35002568
10473,28800256,35686334,-1,-1
10474,-1,-1,1733415038661911296,183280327
10475,15804928,181482563,-1,-1
10476,-1,-1,1733415038689395456,177483994
10477,42798080,178378987,-1,-1
10478,-1,-1,1733415038726798336,37402666
10479,33023744,38026421,-1,-1
10480,-1,-1,1733415038733333248,106534799
10481,39533568,105762965,-1,-1
10482,-1,-1,1733415038728429312,145095844
10483,16922880,145264704,-1,-1
10484,-1,-1,1733415038776781312,198351947
10485,24414976,198851582,-1,-1
10486,-1,-1,1733415038838525952,161744400
10487,33939712,162058575,-1,-1
10488,-1,-1,1733415038815116032,26589931
10489,18886400,25735949,-1,-1
10490,-1,-1,1733415038841568256,176452040
10491,40764160,176428252,-1,-1
10492,-1,-1,1733415038894108160,152540057
10493,38937600,154174824,-1,-1
10494,-1,-1,1733415038868201728,24093259
10495,15531008,22220792,-1,-1
10496,-1,-1,1733415038921262336,103060484
10497,35970560,104816456,-1,-1
10498,-1,-1,1733415038936295424,115032903
10499,30897408,111531837,-1,-1
10500,-1,-1,1733415038905124608,18828972
10501,18311936,23796901,-1,-1
10502,-1,-1,1733415038953850880,98726174
10503,34576896,96012702,-1,-1
10504,-1,-1,1733415038926690816,22839774
10505,16255488,22600997,-1,-1
10506,-1,-1,1733415038966285568,139594623
10507,32766208,139626492,-1,-1
10508,-1,-1,1733415038991750912,175465441
10509,40628480,175204042,-1,-1
10510,-1,-1,1733415039031457792,89706264
10511,33909248,90922539,-1,-1
10512,-1,-1,1733415039005298432,23840373
10513,17094656,22944460,-1,-1
10514,-1,-1,1733415039058594048,203295349
10515,33512960,204887394,-1,-1
10516,-1,-1,1733415039074188800,115594634
10517,32777216,113259627,-1,-1
10518,-1,-1,1733415039084860160,110671439
10519,34200320,112716979,-1,-1
10520,-1,-1,1733415039075541248,140680781
10521,43862784,151234060,-1,-1
10522,-1,-1,1733415039135139584,159598407
10523,38470656,147622303,-1,-1
10524,-1,-1,1733415039163654400,128514623
10525,30863872,127495946,-1,-1
10526,-1,-1,1733415039200337920,136683190
10527,38430720,141703624,-1,-1
10528,-1,-1,1733415039190144256,39806118
10529,30926080,35886745,-1,-1
10530,-1,-1,1733415039172669440,132525393
10531,25738240,131408229,-1,-1
10532,-1,-1,1733415039194493952,171823890
10533,23921920,175581772,-1,-1
10534,-1,-1,1733415039252455424,107961519
10535,33876480,106695544,-1,-1
10536,-1,-1,1733415039266683392,114227741
10537,34519296,113607613,-1,-1
10538,-1,-1,1733415039256469760,39786204
10539,30847744,38840065,-1,-1
10540,-1,-1,1733415039246080768,89610980
10541,14774272,89692044,-1,-1
10542,-1,-1,1733415039310689536,164608570
10543,33239040,166957725,-1,-1
10544,-1,-1,1733415039321312768,160623040
10545,31919616,158165744,-1,-1
10546,-1,-1,1733415039297990656,26677764
10547,20345600,26866530,-1,-1
10548,-1,-1,1733415039310635520,112644660
10549,14469888,112631789,-1,-1
10550,-1,-1,1733415039351977472,141341706
10551,32847360,139693619,-1,-1
10552,-1,-1,1733415039325457408,23479965
10553,19511808,25020838,-1,-1
10554,-1,-1,1733415039365439232,89981578
10555,32910848,89792159,-1,-1
10556,-1,-1,1733415039352885248,37445796
10557,38643200,43734171,-1,-1
10558,-1,-1,1733415039411690240,158805172
10559,37742080,155607599,-1,-1
10560,-1,-1,1733415039401060608,39369811
10561,32988672,37953741,-1,-1
10562,-1,-1,1733415039396583936,145523562
10563,36758016,146404628,-1,-1
10564,-1,-1,1733415039433313536,36729392
10565,31929344,34071459,-1,-1
10566,-1,-1,1733415039445601280,112287568
10567,37839616,112714644,-1,-1
10568,-1,-1,1733415039487382528,141780843
10569,34911232,142101492,-1,-1
10570,-1,-1,1733415039515685632,178302951
10571,32143616,179228914,-1,-1
10572,-1,-1,1733415039534627840,168942246
10573,38213888,167233530,-1,-1
10574,-1,-1,1733415039543765504,159137418
10575,33238528,160050969,-1,-1
10576,-1,-1,1733415039518830592,25064973
10577,29946112,36521239,-1,-1
10578,-1,-1,1733415039572393472,153562758
10579,39702272,144026806,-1,-1
10580,-1,-1,1733415039570931456,148537546
10581,14657792,146055612,-1,-1
10582,-1,-1,1733415039614567168,143635621
10583,32898560,143773110,-1,-1
10584,-1,-1,1733415039623115008,208547787
10585,25802752,210244448,-1,-1
10586,-1,-1,1733415039629758720,56643726
10587,33342720,66967592,-1,-1
10588,-1,-1,1733415039699854848,120095640
10589,45892608,119750973,-1,-1
10590,-1,-1,1733415039715940864,216085950
10591,30833408,204124951,-1,-1
10592,-1,-1,1733415039757423360,141482309
10593,34371072,143369017,-1,-1
10594,-1,-1,1733415039749538048,42114760
10595,45619200,52250424,-1,-1
10596,-1,-1,1733415039776153600,126666033
10597,38852608,118703624,-1,-1
10598,-1,-1,1733415039795863552,119658943
10599,41821184,115716262,-1,-1
10600,-1,-1,1733415039838806528,42942693
10601,36902656,41953584,-1,-1
10602,-1,-1,1733415039828688896,39882117
10603,34564352,41540808,-1,-1
10604,-1,-1,1733415039852524288,123835264
10605,33105152,124277665,-1,-1
10606,-1,-1,1733415039899969792,147445234
10607,44832256,152290565,-1,-1
10608,-1,-1,1733415039925463808,125494007
10609,43709952,122586949,-1,-1
10610,-1,-1,1733415039926259456,150795705
10611,34946304,148710906,-1,-1
10612,-1,-1,1733415039904303872,28043866
10613,17382656,26876406,-1,-1
10614,-1,-1,1733415040001214208,146910271
10615,37679616,149600518,-1,-1
10616,-1,-1,1733415040046764544,145550261
10617,33790464,142662049,-1,-1
10618,-1,-1,1733415040082846208,186081266
10619,45221376,199532572,-1,-1
10620,-1,-1,1733415040118174976,185329011
10621,33500160,175002097,-1,-1
10622,-1,-1,1733415040092160512,23984878
10623,15979520,21327753,-1,-1
10624,-1,-1,1733415040159324160,217163937
10625,33895168,218438731,-1,-1
10626,-1,-1,1733415040161496576,152171794
10627,16758528,150810523,-1,-1
10628,-1,-1,1733415040193741824,132245271
10629,16826368,132384065,-1,-1
10630,-1,-1,1733415040236280576,192538714
10631,46048256,204837824,-1,-1
10632,-1,-1,1733415040268036864,131756140
10633,45805056,122376743,-1,-1
10634,-1,-1,1733415040287641856,119604985
10635,42335232,119678833,-1,-1
10636,-1,-1,1733415040355369472,117727023
10637,45277184,126748787,-1,-1
10638,-1,-1,1733415040379110656,123740938
10639,33404160,109782193,-1,-1
10640,-1,-1,1733415040358518784,129408092
10641,41861632,142594462,-1,-1
10642,-1,-1,1733415040411301888,152782852
10643,46910976,144544895,-1,-1
10644,-1,-1,1733415040474412544,113110395
10645,33335296,112211651,-1,-1
10646,-1,-1,1733415040503715840,129303202
10647,31002880,126235973,-1,-1
10648,-1,-1,1733415040515271680,161555504
10649,32934144,161564048,-1,-1
10650,-1,-1,1733415040490352640,25080871
10651,23830272,28764588,-1,-1
10652,-1,-1,1733415040536849408,146496447
10653,32665600,143672555,-1,-1
10654,-1,-1,1733415040526674944,39825459
10655,34482176,39789819,-1,-1
10656,-1,-1,1733415040582421504,105746357
10657,32920064,107873313,-1,-1
10658,-1,-1,1733415040583357952,50936311
10659,34236160,51056943,-1,-1
10660,-1,-1,1733415040623817728,190459618
10661,41874176,199154110,-1,-1
10662,-1,-1,1733415040608260352,134442459
10663,42819072,123555591,-1,-1
10664,-1,-1,1733415040648963840,90703230
10665,30950400,90888267,-1,-1
10666,-1,-1,1733415040635993600,37029893
10667,31831296,36748997,-1,-1
10668,-1,-1,1733415040642907392,106913500
10669,43906048,119689927,-1,-1
10670,-1,-1,1733415040699266560,156359112
10671,32991488,144216319,-1,-1
10672,-1,-1,1733415040691036416,41769466
10673,32606208,41192881,-1,-1
10674,-1,-1,1733415040702400512,161364229
10675,41586688,160474379,-1,-1
10676,-1,-1,1733415040720128512,117727715
10677,37642496,118610186,-1,-1
10678,-1,-1,1733415040756173056,36044310
10679,32172544,37266532,-1,-1
10680,-1,-1,1733415040752779264,96605986
10681,21251328,95365623,-1,-1
10682,-1,-1,1733415040788578048,35798898
10683,32380160,37459729,-1,-1
10684,-1,-1,1733415040797397504,158819355
10685,34309632,157588378,-1,-1
10686,-1,-1,1733415040786098432,38700698
10687,33412352,38456562,-1,-1
10688,-1,-1,1733415040791473152,105374307
10689,40711936,116550507,-1,-1
10690,-1,-1,1733415040820502784,129029474
10691,43794176,117700211,-1,-1
10692,-1,-1,1733415040829719040,109215997
10693,39950592,120782958,-1,-1
10694,-1,-1,1733415040852726784,123007820
10695,40642048,114496979,-1,-1
10696,-1,-1,1733415040859710208,106983205
10697,42766848,118694810,-1,-1
10698,-1,-1,1733415040907926528,148216240
10699,23814144,132973790,-1,-1
10700,-1,-1,1733415040945282048,37355257
10701,31193344,36822076,-1,-1
10702,-1,-1,1733415040953213696,107931382
10703,30829568,108249282,-1,-1
10704,-1,-1,1733415040927395072,24181365
10705,15631872,24871630,-1,-1
10706,-1,-1,1733415040968934656,141539601
10707,30920704,141742639,-1,-1
10708,-1,-1,1733415040961830400,42895407
10709,40798720,45735621,-1,-1
10710,-1,-1,1733415041022906368,111075834
10711,45889024,121717518,-1,-1
10712,-1,-1,1733415041022375680,49469317
10713,31749376,36716709,-1,-1
10714,-1,-1,1733415041063787264,191411459
10715,45732352,202563483,-1,-1
10716,-1,-1,1733415041075286528,211499085
10717,32998144,199454295,-1,-1
10718,-1,-1,1733415041066969088,41682180
10719,36722944,41600921,-1,-1
10720,-1,-1,1733415041126700544,109731502
10721,44355072,121888143,-1,-1
10722,-1,-1,1733415041119174400,142473514
10723,40663808,130285723,-1,-1
10724,-1,-1,1733415041139727360,120552937
10725,45696256,120662191,-1,-1
10726,-1,-1,1733415041198317568,108590242
10727,46720512,120709071,-1,-1
10728,-1,-1,1733415041212955392,164637524
10729,32808960,152386654,-1,-1
10730,-1,-1,1733415041188893440,25937849
10731,17533952,26016520,-1,-1
10732,-1,-1,1733415041258374656,169481331
10733,45759232,181427371,-1,-1
10734,-1,-1,1733415041233966080,125590925
10735,38353152,116523639,-1,-1
10736,-1,-1,1733415041296580352,112614256
10737,31731712,110713885,-1,-1
10738,-1,-1,1733415041322119424,225538964
10739,32878848,223519653,-1,-1
10740,-1,-1,1733415041312172544,40052658
10741,38764288,43755476,-1,-1
10742,-1,-1,1733415041334604800,122432306
10743,42779904,119797778,-1,-1
10744,-1,-1,1733415041362671360,78066441
10745,31171328,78100041,-1,-1
10746,-1,-1,1733415041378854400,66182760
10747,31610624,66178883,-1,-1
10748,-1,-1,1733415041378961152,50106742
10749,32646400,50125650,-1,-1
10750,-1,-1,1733415041365943040,36981825
10751,36810496,42919090,-1,-1
10752,-1,-1,1733415041417449728,151506324
10753,30205440,142924843,-1,-1
10754,-1,-1,1733415041387737088,20287411
10755,21876224,26672495,-1,-1
10756,-1,-1,1733415041435251200,97513893
10757,32906496,94771706,-1,-1
10758,-1,-1,1733415041408985856,23734696
10759,15138304,21743369,-1,-1
10760,-1,-1,1733415041446718976,187732615
10761,40634368,191542222,-1,-1
10762,-1,-1,1733415041467330560,120611398
10763,40695040,119741688,-1,-1
10764,-1,-1,1733415041509936640,142600796
10765,31011840,140823458,-1,-1
10766,-1,-1,1733415041493885952,33949412
10767,31889920,36822182,-1,-1
10768,-1,-1,1733415041546694144,102807966
10769,38342400,99644971,-1,-1
10770,-1,-1,1733415041524355840,27661665
10771,15078400,26816315,-1,-1
10772,-1,-1,1733415041565609984,91253726
10773,31350784,91304412,-1,-1
10774,-1,-1,1733415041553013760,87403561
10775,37777664,91328542,-1,-1
10776,-1,-1,1733415041611077376,108063876
10777,31153152,105090751,-1,-1
10778,-1,-1,1733415041611894528,50816706
10779,36335872,50700341,-1,-1
10780,-1,-1,1733415041680994560,169100016
10781,33034752,168785157,-1,-1
10782,-1,-1,1733415041692004864,161010059
10783,34014976,162643226,-1,-1
10784,-1,-1,1733415041704946432,112941316
10785,32903936,111390338,-1,-1
10786,-1,-1,1733415041720322560,115376044
10787,32912384,115776497,-1,-1
10788,-1,-1,1733415041739604224,69281539
10789,33396224,70319141,-1,-1
10790,-1,-1,1733415041714236672,24632292
10791,21155840,26671515,-1,-1
10792,-1,-1,1733415041768844032,154607152
10793,33809152,152252884,-1,-1
10794,-1,-1,1733415041749690112,30845911
10795,36966912,42038696,-1,-1
10796,-1,-1,1733415041812963328,163273147
10797,41558784,154007985,-1,-1
10798,-1,-1,1733415041827052544,114089278
10799,38532608,111435450,-1,-1
10800,-1,-1,1733415041827830528,100777633
10801,41619712,100507988,-1,-1
10802,-1,-1,1733415041844431104,116600371
10803,43781888,116843703,-1,-1
10804,-1,-1,1733415041862139648,117708351
10805,40766464,117621524,-1,-1
10806,-1,-1,1733415041862900480,100760637
10807,42885376,115859670,-1,-1
10808,-1,-1,1733415041920633088,157732818
10809,36045824,141781192,-1,-1
10810,-1,-1,1733415041897342464,26709105
10811,17376256,26606613,-1,-1
10812,-1,-1,1733415041936644096,89301244
10813,31120384,89117631,-1,-1
10814,-1,-1,1733415041938373120,51728895
10815,36280832,54804616,-1,-1
10816,-1,-1,1733415041924145152,35771717
10817,32846080,36639427,-1,-1
10818,-1,-1,1733415041933689600,109544400
10819,35916800,118830415,-1,-1
10820,-1,-1,1733415042016720640,133031137
10821,48794880,136593095,-1,-1
10822,-1,-1,1733415042020949248,54228158
10823,33805056,38825129,-1,-1
10824,-1,-1,1733415042001035008,130085893
10825,31817216,132792525,-1,-1
10826,-1,-1,1733415042050584064,149548802
10827,34628608,147239041,-1,-1
10828,-1,-1,1733415042036441088,35856760
10829,30824192,35191904,-1,-1
10830,-1,-1,1733415042055015936,118574625
10831,36470272,118550976,-1,-1
10832,-1,-1,1733415042092308736,37292617
10833,33498112,39111644,-1,-1
10834,-1,-1,1733415042106573312,114264404
10835,34173952,113421801,-1,-1
10836,-1,-1,1733415042081795584,25222346
10837,16439296,24081876,-1,-1
10838,-1,-1,1733415042091549184,109753361
10839,25764096,112784403,-1,-1
10840,-1,-1,1733415042146316288,104766978
10841,33446400,101767581,-1,-1
10842,-1,-1,1733415042122944256,26627904
10843,19886336,26884978,-1,-1
10844,-1,-1,1733415042184240128,161295731
10845,32774656,161577228,-1,-1
10846,-1,-1,1733415042185149440,150901860
10847,38594816,153528554,-1,-1
10848,-1,-1,1733415042195288832,110139251
10849,42748416,118786614,-1,-1
10850,-1,-1,1733415042244089088,48800084
10851,32748544,37916099,-1,-1
10852,-1,-1,1733415042234773760,40684629
10853,33421568,40446902,-1,-1
10854,-1,-1,1733415042285317120,150543200
10855,31860992,151155315,-1,-1
10856,-1,-1,1733415042278065920,142748526
10857,44629760,141533438,-1,-1
10858,-1,-1,1733415042300629504,122563248
10859,42624000,122664969,-1,-1
10860,-1,-1,1733415042341794816,41165378
10861,35059200,40117810,-1,-1
10862,-1,-1,1733415042338440704,96645742
10863,31492096,97534019,-1,-1
10864,-1,-1,1733415042360099840,121658979
10865,42848512,121756476,-1,-1
10866,-1,-1,1733415042417608192,157507998
10867,30801152,156557953,-1,-1
10868,-1,-1,1733415042394733312,27125285
10869,23974656,29064547,-1,-1
10870,-1,-1,1733415042442196480,97462919
10871,32853760,95618660,-1,-1
10872,-1,-1,1733415042415322112,23125478
10873,22067456,27155766,-1,-1
10874,-1,-1,1733415042461713152,96390913
10875,35494144,95230437,-1,-1
10876,-1,-1,1733415042435799808,24086423
10877,16232704,22142731,-1,-1
10878,-1,-1,1733415042450059520,114259627
10879,24794368,116842327,-1,-1
10880,-1,-1,1733415042497345792,97286069
10881,33004544,96397027,-1,-1
10882,-1,-1,1733415042470280192,22934260
10883,15265280,21211920,-1,-1
10884,-1,-1,1733415042501077760,180797393
10885,45165056,180958152,-1,-1
10886,-1,-1,1733415042546870784,95793035
10887,32690432,95648132,-1,-1
10888,-1,-1,1733415042521464576,24593270
10889,31860480,36697878,-1,-1
10890,-1,-1,1733415042538207232,116742781
10891,43774976,116658605,-1,-1
10892,-1,-1,1733415042596083456,107876051
10893,35500032,96333533,-1,-1
10894,-1,-1,1733415042594600704,98516843
10895,17280768,99057503,-1,-1
10896,-1,-1,1733415042633547520,38946659
10897,42002176,48045075,-1,-1
10898,-1,-1,1733415042618088192,134540673
10899,38756096,127516530,-1,-1
10900,-1,-1,1733415042644844032,126755846
10901,43846144,123707036,-1,-1
10902,-1,-1,1733415042686561280,141717170
10903,31822080,142597869,-1,-1
10904,-1,-1,1733415042664350464,27788809
10905,20206080,26933366,-1,-1
10906,-1,-1,1733415042682251520,117900847
10907,29804288,117988497,-1,-1
10908,-1,-1,1733415042737091328,104839849
10909,31065344,104684958,-1,-1
10910,-1,-1,1733415042712863232,25771658
10911,23939328,28761362,-1,-1
10912,-1,-1,1733415042763501312,100637874
10913,30930176,95854350,-1,-1
10914,-1,-1,1733415042736658944,23157428
10915,22856192,27802247,-1,-1
10916,-1,-1,1733415042788191232,151532241
10917,34553088,150574939,-1,-1
10918,-1,-1,1733415042777960704,39769301
10919,34797056,39861231,-1,-1
10920,-1,-1,1733415042795714560,117753776
10921,34915584,127865391,-1,-1
10922,-1,-1,1733415042829347328,133632608
10923,32775680,121487087,-1,-1
10924,-1,-1,1733415042854094592,124747116
10925,33373440,124642678,-1,-1
10926,-1,-1,1733415042890262272,36167659
10927,30891520,36096213,-1,-1
10928,-1,-1,1733415042868382976,28120445
10929,23763968,28842441,-1,-1
10930,-1,-1,1733415042920686080,102303176
10931,34342656,103224073,-1,-1
10932,-1,-1,1733415042900436480,29749855
10933,26879744,32509331,-1,-1
10934,-1,-1,1733415042952459264,102022709
10935,30995968,97764557,-1,-1
10936,-1,-1,1733415042935817216,33357814
10937,30578432,35771835,-1,-1
10938,-1,-1,1733415042979938304,94121107
10939,30868992,91731805,-1,-1
10940,-1,-1,1733415042953145344,23206692
10941,20931840,25934862,-1,-1
10942,-1,-1,1733415043003682816,100537431
10943,33449984,98898121,-1,-1
10944,-1,-1,1733415042976750336,23067486
10945,19915008,24842270,-1,-1
10946,-1,-1,1733415043031361536,104610798
10947,32937984,100767793,-1,-1
10948,-1,-1,1733415043004961792,23599996
10949,21927168,26990483,-1,-1
10950,-1,-1,1733415043056792320,101830530
10951,32066560,96889314,-1,-1
10952,-1,-1,1733415043026951680,20159046
10953,20985600,25794049,-1,-1
10954,-1,-1,1733415043075680000,98728381
10955,33394176,95304619,-1,-1
10956,-1,-1,1733415043048709888,23029488
10957,18988544,23458487,-1,-1
10958,-1,-1,1733415043102475776,103766002
10959,33552896,103929627,-1,-1
10960,-1,-1,1733415043078257920,25781842
10961,18760192,25778431,-1,-1
10962,-1,-1,1733415043154017024,125759016
10963,39812608,128655347,-1,-1
10964,-1,-1,1733415043129018880,125001563
10965,29943808,124825931,-1,-1
10966,-1,-1,1733415043175640320,96621542
10967,31489792,94283430,-1,-1
10968,-1,-1,1733415043155300864,29660133
10969,25821184,31240452,-1,-1
10970,-1,-1,1733415043200472064,95171219
10971,34502656,92548775,-1,-1
10972,-1,-1,1733415043184312832,33840297
10973,32004352,37451687,-1,-1
10974,-1,-1,1733415043232075008,97762168
10975,31037696,94692959,-1,-1
10976,-1,-1,1733415043205037056,22961749
10977,20863232,25818005,-1,-1
10978,-1,-1,1733415043240478720,135441559
10979,13917184,131714080,-1,-1
10980,-1,-1,1733415043277419008,36940264
10981,32944384,37980411,-1,-1
10982,-1,-1,1733415043310636288,133216923
10983,44846592,144554116,-1,-1
10984,-1,-1,1733415043322887168,162250918
10985,34644736,153404046,-1,-1
10986,-1,-1,1733415043301724416,28836976
10987,23815936,29057973,-1,-1
10988,-1,-1,1733415043354221056,102496653
10989,31948032,99863692,-1,-1
10990,-1,-1,1733415043329478144,25256854
10991,21841408,27774498,-1,-1
10992,-1,-1,1733415043376231424,96753227
10993,32968448,93871738,-1,-1
10994,-1,-1,1733415043349414144,23182843
10995,17953792,22984281,-1,-1
10996,-1,-1,1733415043397312000,97897230
10997,31006720,97797307,-1,-1
10998,-1,-1,1733415043384759040,37446829
10999,35862784,40892114,-1,-1
11000,-1,-1,1733415043434549760,99790778
11001,31384064,96607883,-1,-1
11002,-1,-1,1733415043412376832,27826780
11003,18243584,27923550,-1,-1
11004,-1,-1,1733415043421823232,109446205
11005,26673920,112732297,-1,-1
11006,-1,-1,1733415043474131968,102308584
11007,32971008,98800632,-1,-1
11008,-1,-1,1733415043449944832,25812587
11009,24779776,29822797,-1,-1
11010,-1,-1,1733415043497459968,97515302
11011,31039488,92992466,-1,-1
11012,-1,-1,1733415043469492736,22032313
11013,20875264,25722202,-1,-1
11014,-1,-1,1733415043521703424,102210695
11015,33096960,96970957,-1,-1
11016,-1,-1,1733415043499958784,28255059
11017,27950080,32730874,-1,-1
11018,-1,-1,1733415043563939840,113981144
11019,30892800,111691260,-1,-1
11020,-1,-1,1733415043564635392,50695198
11021,31930880,51906233,-1,-1
11022,-1,-1,1733415043550552320,35916815
11023,30749952,34694790,-1,-1
11024,-1,-1,1733415043573364224,122811813
11025,37798656,122818447,-1,-1
11026,-1,-1,1733415043635998208,112633439
11027,45624576,124725384,-1,-1
11028,-1,-1,1733415043646204672,160206791
11029,32542720,149237765,-1,-1
11030,-1,-1,1733415043620714496,24509466
11031,18340352,23203682,-1,-1
11032,-1,-1,1733415043673285376,102570441
11033,31904000,102784104,-1,-1
11034,-1,-1,1733415043645213696,21927972
11035,19557376,25017864,-1,-1
11036,-1,-1,1733415043690931712,95718126
11037,31788032,93605281,-1,-1
11038,-1,-1,1733415043669081856,28149802
11039,25855232,29994981,-1,-1
11040,-1,-1,1733415043693666560,74584875
11041,39796736,71959523,-1,-1
11042,-1,-1,1733415043732348672,88681602
11043,31092480,88900684,-1,-1
11044,-1,-1,1733415043729295360,46946833
11045,41775616,46555054,-1,-1
11046,-1,-1,1733415043748957696,119662104
11047,36685056,119622470,-1,-1
11048,-1,-1,1733415043769731328,120773551
11049,43785472,120727309,-1,-1
11050,-1,-1,1733415043773587712,53856132
11051,21832192,53909487,-1,-1
11052,-1,-1,1733415043818397184,94809184
11053,32920320,95839125,-1,-1
11054,-1,-1,1733415043845046528,126649156
11055,38281216,127606293,-1,-1
11056,-1,-1,1733415043818119936,23073222
11057,15925248,21021904,-1,-1
11058,-1,-1,1733415043835579392,117459255
11059,28773120,119727033,-1,-1
11060,-1,-1,1733415043887623936,102044371
11061,33733888,100575421,-1,-1
11062,-1,-1,1733415043863782912,26158783
11063,24883456,29160548,-1,-1
11064,-1,-1,1733415043904847616,141064707
11065,36660480,139732078,-1,-1
11066,-1,-1,1733415043924055296,69207632
11067,33403136,66676486,-1,-1
11068,-1,-1,1733415043943643904,119588504
11069,43787776,119855452,-1,-1
11070,-1,-1,1733415044011452928,117808666
11071,45797632,121648332,-1,-1
11072,-1,-1,1733415044025214208,163761203
11073,32141056,160950769,-1,-1
11074,-1,-1,1733415044001003520,25789143
11075,17636096,24643599,-1,-1
11076,-1,-1,1733415044045820672,94817347
11077,33989376,96942337,-1,-1
11078,-1,-1,1733415044052697856,56876698
11079,35231488,55678811,-1,-1
11080,-1,-1,1733415044038586880,35889013
11081,30836992,34926913,-1,-1
11082,-1,-1,1733415044064344832,125757860
11083,40756736,125707671,-1,-1
11084,-1,-1,1733415044083937536,119592402
11085,45434112,119705446,-1,-1
11086,-1,-1,1733415044124925696,90987828
11087,32061184,90739776,-1,-1
11088,-1,-1,1733415044140692992,65767595
11089,31561216,66579026,-1,-1
11090,-1,-1,1733415044113554176,22860583
11091,20890112,25211958,-1,-1
11092,-1,-1,1733415044163299840,99745832
11093,31056640,95890078,-1,-1
11094,-1,-1,1733415044136188416,22888035
11095,21917952,26871203,-1,-1
11096,-1,-1,1733415044196397568,160209226
11097,33265408,156472945,-1,-1
11098,-1,-1,1733415044191628544,45230932
11099,40812288,45925435,-1,-1
11100,-1,-1,1733415044203317504,111688963
11101,39262208,114598161,-1,-1
11102,-1,-1,1733415044263962112,110644690
11103,31332096,108268865,-1,-1
11104,-1,-1,1733415044253669888,89706976
11105,14714624,89166996,-1,-1
11106,-1,-1,1733415044290274816,36604712
11107,30762496,35886334,-1,-1
11108,-1,-1,1733415044298959360,108684461
11109,31304960,109320195,-1,-1
11110,-1,-1,1733415044291262464,42303151
11111,38645760,43345928,-1,-1
11112,-1,-1,1733415044331763200,90500597
11113,31360768,89318285,-1,-1
11114,-1,-1,1733415044326092032,44328581
11115,38753024,44430913,-1,-1
11116,-1,-1,1733415044350725120,124633195
11117,36823040,124651093,-1,-1
11118,-1,-1,1733415044369433088,118707598
11119,42287104,118725739,-1,-1
11120,-1,-1,1733415044379102720,109669484
11121,43790848,121735948,-1,-1
11122,-1,-1,1733415044406781184,127678329
11123,41699072,115586254,-1,-1
11124,-1,-1,1733415044427491840,120710460
11125,42565888,120812500,-1,-1
11126,-1,-1,1733415044447172864,119680877
11127,38798592,119616046,-1,-1
11128,-1,-1,1733415044504830208,107656990
11129,32581120,109513278,-1,-1
11130,-1,-1,1733415044508272384,53442256
11131,39732480,53203605,-1,-1
11132,-1,-1,1733415044541561600,133289196
11133,32820224,132658711,-1,-1
11134,-1,-1,1733415044512473344,20911291
11135,18914304,22969200,-1,-1
11136,-1,-1,1733415044559999488,97525906
11137,30883328,93719078,-1,-1
11138,-1,-1,1733415044535592960,25593133
11139,20861952,25982141,-1,-1
11140,-1,-1,1733415044577887744,92312980
11141,30759936,92770432,-1,-1
11142,-1,-1,1733415044559920896,32014668
11143,26957312,31951762,-1,-1
11144,-1,-1,1733415044611539712,101618722
11145,32508416,100912024,-1,-1
11146,-1,-1,1733415044584806656,23266629
11147,13739264,23682650,-1,-1
11148,-1,-1,1733415044602415616,117608827
11149,25113600,121844066,-1,-1
11150,-1,-1,1733415044639810560,137394930
11151,15716864,134527924,-1,-1
11152,-1,-1,1733415044677104128,37293388
11153,33634816,38693126,-1,-1
11154,-1,-1,1733415044674811904,197708050
11155,30224384,197319555,-1,-1
11156,-1,-1,1733415044743537408,68725119
11157,44729856,78281219,-1,-1
11158,-1,-1,1733415044747112704,103575163
11159,31416832,92458829,-1,-1
11160,-1,-1,1733415044782070528,184957293
11161,33559040,186608428,-1,-1
11162,-1,-1,1733415044755407616,23337284
11163,16120832,21574046,-1,-1
11164,-1,-1,1733415044784026368,178618498
11165,43925504,189300987,-1,-1
11166,-1,-1,1733415044831857152,47830979
11167,33692928,38624422,-1,-1
11168,-1,-1,1733415044854568960,122711272
11169,34524160,123461977,-1,-1
11170,-1,-1,1733415044873371648,118802497
11171,30812672,116034894,-1,-1
11172,-1,-1,1733415044842334208,18962460
11173,14036992,19106545,-1,-1
11174,-1,-1,1733415044887289600,144955469
11175,17862400,145592423,-1,-1
11176,-1,-1,1733415044899668480,62378561
11177,37881344,73888911,-1,-1
11178,-1,-1,1733415044916653568,116984850
11179,34769920,112616626,-1,-1
11180,-1,-1,1733415044934120960,117467268
11181,42851584,121765527,-1,-1
11182,-1,-1,1733415044959313408,125192086
11183,40132864,124971690,-1,-1
11184,-1,-1,1733415045010950912,51637257
11185,32918272,39669621,-1,-1
11186,-1,-1,1733415045013977856,103026930
11187,39313152,102688606,-1,-1
11188,-1,-1,1733415045039619584,125641560
11189,31520000,126389581,-1,-1
11190,-1,-1,1733415045060032256,120412509
11191,30894592,120137085,-1,-1
11192,-1,-1,1733415045033709568,73677167
11193,36730624,85729249,-1,-1
11194,-1,-1,1733415045100279808,166570093
11195,38412800,153660932,-1,-1
11196,-1,-1,1733415045097067264,146787506
11197,14844160,147580233,-1,-1
11198,-1,-1,1733415045147017472,149950122
11199,32746240,149676290,-1,-1
11200,-1,-1,1733415045135206912,138189046
11201,38934784,150747872,-1,-1
11202,-1,-1,1733415045157927424,122720337
11203,43852544,122551869,-1,-1
11204,-1,-1,1733415045215667200,157739659
11205,37951488,145725613,-1,-1
11206,-1,-1,1733415045224526848,58859472
11207,30996736,58917713,-1,-1
11208,-1,-1,1733415045249550336,125023533
11209,31192320,124814837,-1,-1
11210,-1,-1,1733415045287709184,138158633
11211,30893568,138319281,-1,-1
11212,-1,-1,1733415045263119360,25410016
11213,31882240,36874747,-1,-1
11214,-1,-1,1733415045335429632,122310160
11215,31951360,110698071,-1,-1
11216,-1,-1,1733415045347594752,112165008
11217,33475328,112255103,-1,-1
11218,-1,-1,1733415045342798848,45203781
11219,40848128,45269092,-1,-1
11220,-1,-1,1733415045365454848,122655718
11221,45651968,122525531,-1,-1
11222,-1,-1,1733415045371275264,105820044
11223,47706624,120798736,-1,-1
11224,-1,-1,1733415045425283328,54007765
11225,34377728,39293536,-1,-1
11226,-1,-1,1733415045442088448,116805221
11227,35061504,119419385,-1,-1
11228,-1,-1,1733415045415542016,23453430
11229,15636992,20611961,-1,-1
11230,-1,-1,1733415045464540928,148998801
11231,34136064,147991907,-1,-1
11232,-1,-1,1733415045451253504,36712320
11233,43905024,49641766,-1,-1
11234,-1,-1,1733415045483689728,132435787
11235,43776000,120531948,-1,-1
11236,-1,-1,1733415045504322048,120632551
11237,45689088,120609632,-1,-1
11238,-1,-1,1733415045511064064,106741773
11239,43760640,118696676,-1,-1
11240,-1,-1,1733415045584710656,123646459
11241,36805888,117669146,-1,-1
11242,-1,-1,1733415045610717440,176006508
11243,34552576,169726761,-1,-1
11244,-1,-1,1733415045588334592,27617143
11245,21832960,27675914,-1,-1
11246,-1,-1,1733415045638794240,150459280
11247,32720128,150585459,-1,-1
11248,-1,-1,1733415045680025344,41231023
11249,46638592,53026504,-1,-1
11250,-1,-1,1733415045697223680,117198356
11251,30997248,105795039,-1,-1
11252,-1,-1,1733415045692846592,195622461
11253,29836544,198443788,-1,-1
11254,-1,-1,1733415045758699008,65852334
11255,33190656,65110792,-1,-1
11256,-1,-1,1733415045768099328,209400164
11257,28838912,207023948,-1,-1
11258,-1,-1,1733415045818654208,150554653
11259,30873600,150692688,-1,-1
11260,-1,-1,1733415045811687424,43032985
11261,37800960,42769058,-1,-1
11262,-1,-1,1733415045873419520,111732297
11263,44948480,123885270,-1,-1
11264,-1,-1,1733415045916286720,192866742
11265,41045504,181824199,-1,-1
11266,-1,-1,1733415045936574720,70287951
11267,31871232,69605127,-1,-1
11268,-1,-1,1733415045961186560,224611469
11269,30861312,227472167,-1,-1
11270,-1,-1,1733415046017958912,106772388
11271,38327808,103656884,-1,-1
11272,-1,-1,1733415045995829248,27870210
11273,19293440,28026409,-1,-1
11274,-1,-1,1733415046010473728,114644400
11275,28861952,117628746,-1,-1
11276,-1,-1,1733415046064367872,153893726
11277,32938752,150781658,-1,-1
11278,-1,-1,1733415046049213696,34845608
11279,29838592,34774096,-1,-1
11280,-1,-1,1733415046105214464,106000938
11281,34251520,108146033,-1,-1
11282,-1,-1,1733415046105852672,50637727
11283,34526208,51151802,-1,-1
11284,-1,-1,1733415046129330688,173478059
11285,32985344,170877329,-1,-1
11286,-1,-1,1733415046158069248,128738491
11287,31586304,129333037,-1,-1
11288,-1,-1,1733415046209656320,151586703
11289,45835520,162741090,-1,-1
11290,-1,-1,1733415046236493312,126836896
11291,43808256,125946465,-1,-1
11292,-1,-1,1733415046265045504,128552038
11293,45732096,129539834,-1,-1
11294,-1,-1,1733415046281190144,166144613
11295,30876928,153555376,-1,-1
11296,-1,-1,1733415046254565632,23375102
11297,18102272,24464676,-1,-1
11298,-1,-1,1733415046304092928,149527387
11299,33039360,149375106,-1,-1
11300,-1,-1,1733415046281033984,26940502
11301,32651776,38797758,-1,-1
11302,-1,-1,1733415046338705152,157671428
11303,25898496,145500554,-1,-1
11304,-1,-1,1733415046343663360,54958151
11305,23876352,57985002,-1,-1
11306,-1,-1,1733415046397227008,153563046
11307,33964800,150734244,-1,-1
11308,-1,-1,1733415046384137216,36909889
11309,30401536,36685536,-1,-1
11310,-1,-1,1733415046401690624,117553130
11311,27880960,120701975,-1,-1
11312,-1,-1,1733415046464503040,112812238
11313,44375040,121603894,-1,-1
11314,-1,-1,1733415046462378752,97875668
11315,34830336,87858275,-1,-1
11316,-1,-1,1733415046443355648,30976482
11317,37939456,42960885,-1,-1
11318,-1,-1,1733415046503991552,160635807
11319,34928128,146618260,-1,-1
11320,-1,-1,1733415046473136128,19144641
11321,14951680,19901220,-1,-1
11322,-1,-1,1733415046525783552,102647088
11323,35984384,104779179,-1,-1
11324,-1,-1,1733415046503780608,27997025
11325,23923200,27827948,-1,-1
11326,-1,-1,1733415046557254912,153474509
11327,32633856,150633951,-1,-1
11328,-1,-1,1733415046550772992,43517337
11329,38553088,43751241,-1,-1
11330,-1,-1,1733415046565786624,115013430
11331,43683584,117605888,-1,-1
11332,-1,-1,1733415046633806848,118020362
11333,33968640,116904363,-1,-1
11334,-1,-1,1733415046622723328,138916215
11335,45302272,137482351,-1,-1
11336,-1,-1,1733415046676158976,103435670
11337,33806848,103732045,-1,-1
11338,-1,-1,1733415046653372672,27213154
11339,24836608,29898302,-1,-1
11340,-1,-1,1733415046712112384,108739824
11341,32861696,107779804,-1,-1
11342,-1,-1,1733415046737384448,225272047
11343,32762624,223174158,-1,-1
11344,-1,-1,1733415046727731200,90346578
11345,27889920,92884916,-1,-1
11346,-1,-1,1733415046768621056,140889757
11347,14657024,138479772,-1,-1
11348,-1,-1,1733415046804627200,36005821
11349,30820864,35914465,-1,-1
11350,-1,-1,1733415046815861248,111233858
11351,34467584,111400192,-1,-1
11352,-1,-1,1733415046811213824,45352316
11353,40512256,45171160,-1,-1
11354,-1,-1,1733415046862787072,151573011
11355,40190720,151557139,-1,-1
11356,-1,-1,1733415046866433536,53646432
11357,30781184,51956341,-1,-1
11358,-1,-1,1733415046861330944,144897669
11359,41685248,149523779,-1,-1
11360,-1,-1,1733415046926012672,114681074
11361,31850496,112792813,-1,-1
11362,-1,-1,1733415046927463680,201451075
11363,24904960,204565365,-1,-1
11364,-1,-1,1733415046982315520,104851507
11365,33105408,100938126,-1,-1
11366,-1,-1,1733415046985082624,52767050
11367,30816768,52580393,-1,-1
11368,-1,-1,1733415046976945664,41862779
11369,36513024,41827129,-1,-1
11370,-1,-1,1733415047002601216,125655710
11371,46676736,125661231,-1,-1
11372,-1,-1,1733415047059930112,107328399
11373,44717824,118840507,-1,-1
11374,-1,-1,1733415047081096192,171166006
11375,31842048,159556266,-1,-1
11376,-1,-1,1733415047055035136,23938695
11377,17274624,24001215,-1,-1
11378,-1,-1,1733415047109355520,104320457
11379,30933248,101836954,-1,-1
11380,-1,-1,1733415047110886656,51530474
11381,32028160,54479352,-1,-1
11382,-1,-1,1733415047103610112,42723799
11383,38607360,42956710,-1,-1
11384,-1,-1,1733415047186194688,132583898
11385,39891968,132037099,-1,-1
11386,-1,-1,1733415047183000832,146806062
11387,31052032,146637663,-1,-1
11388,-1,-1,1733415047156050944,23049872
11389,19937536,25885620,-1,-1
11390,-1,-1,1733415047206331392,100280297
11391,33111296,96925322,-1,-1
11392,-1,-1,1733415047176487680,20156080
11393,19983104,24753948,-1,-1
11394,-1,-1,1733415047233153792,106666113
11395,32953856,104706128,-1,-1
11396,-1,-1,1733415047216332288,33172002
11397,26868992,30933097,-1,-1
11398,-1,-1,1733415047262913024,96580847
11399,32103168,96966288,-1,-1
11400,-1,-1,1733415047245796608,32883499
11401,27942656,32730405,-1,-1
11402,-1,-1,1733415047294663168,98866101
11403,30922240,98836718,-1,-1
11404,-1,-1,1733415047268666624,24003308
11405,16853760,23766000,-1,-1
11406,-1,-1,1733415047289610496,120943491
11407,23820032,120763389,-1,-1
11408,-1,-1,1733415047346182400,156572024
11409,32902912,156706284,-1,-1
11410,-1,-1,1733415047334764032,38581575
11411,36786944,41758502,-1,-1
11412,-1,-1,1733415047393749504,108985134
11413,33210624,108193407,-1,-1
11414,-1,-1,1733415047442795776,199046139
11415,35324160,197597906,-1,-1
11416,-1,-1,1733415047424719104,131923119
11417,28694784,131121474,-1,-1
11418,-1,-1,1733415047476056064,101336947
11419,32048896,101083740,-1,-1
11420,-1,-1,1733415047447381504,21325444
11421,19410176,25735419,-1,-1
11422,-1,-1,1733415047494413568,97031732
11423,32811264,94644143,-1,-1
11424,-1,-1,1733415047467335680,22921679
11425,17863424,23194582,-1,-1
11426,-1,-1,1733415047520880384,103544875
11427,34737408,101982034,-1,-1
11428,-1,-1,1733415047539795968,118915370
11429,32118016,118391348,-1,-1
11430,-1,-1,1733415047519690496,29894237
11431,26550272,33029114,-1,-1
11432,-1,-1,1733415047571197184,151506483
11433,32999424,148724873,-1,-1
11434,-1,-1,1733415047564140288,42943094
11435,37791488,42666125,-1,-1
11436,-1,-1,1733415047625950208,111809644
11437,47932928,126888107,-1,-1
11438,-1,-1,1733415047638536960,162586791
11439,32976384,147663955,-1,-1
11440,-1,-1,1733415047614457344,25919929
11441,20796160,25694716,-1,-1
11442,-1,-1,1733415047663049216,98591881
11443,33579776,98151387,-1,-1
11444,-1,-1,1733415047640252160,27202709
11445,16788992,27549096,-1,-1
11446,-1,-1,1733415047667873280,127620919
11447,32184576,131187496,-1,-1
11448,-1,-1,1733415047723080448,105207204
11449,33939456,101495725,-1,-1
11450,-1,-1,1733415047700381696,27300628
11451,25828608,30802192,-1,-1
11452,-1,-1,1733415047749248512,98867025
11453,31572736,95831551,-1,-1
11454,-1,-1,1733415047725514240,26265631
11455,23830272,28983029,-1,-1
11456,-1,-1,1733415047775147264,99632610
11457,32107520,96935530,-1,-1
11458,-1,-1,1733415047744806656,19659145
11459,17642752,23405193,-1,-1
11460,-1,-1,1733415047796979712,102172960
11461,31063296,97157578,-1,-1
11462,-1,-1,1733415047768918528,21938565
11463,21269248,26220200,-1,-1
11464,-1,-1,1733415047792421888,73503364
11465,38921984,70531277,-1,-1
11466,-1,-1,1733415047854249984,111828034
11467,43363072,123576759,-1,-1
11468,-1,-1,1733415047853864192,199613813
11469,26990080,190589413,-1,-1
11470,-1,-1,1733415047920084480,66220385
11471,34662144,66673671,-1,-1
11472,-1,-1,1733415047937787392,117702570
11473,32856576,113884714,-1,-1
11474,-1,-1,1733415047935149312,47361805
11475,42902272,47924566,-1,-1
11476,-1,-1,1733415047995746816,110597229
11477,31182592,110092791,-1,-1
11478,-1,-1,1733415047987744512,91997358
11479,16430336,92917363,-1,-1
11480,-1,-1,1733415048024159232,36414259
11481,31605760,36128586,-1,-1
11482,-1,-1,1733415048046867200,122707990
11483,32421632,121977942,-1,-1
11484,-1,-1,1733415048041187072,44319806
11485,39936000,44996216,-1,-1
11486,-1,-1,1733415048101216256,110028815
11487,31855872,109637452,-1,-1
11488,-1,-1,1733415048113452544,112236211
11489,33044480,112908418,-1,-1
11490,-1,-1,1733415048152455424,39002682
11491,45853440,50603755,-1,-1
11492,-1,-1,1733415048184071168,131615551
11493,32979200,120860959,-1,-1
11494,-1,-1,1733415048216676608,132605198
11495,32688128,132487433,-1,-1
11496,-1,-1,1733415048236873984,120197497
11497,31908864,118820790,-1,-1
11498,-1,-1,1733415048273223424,186349321
11499,41836800,186423597,-1,-1
11500,-1,-1,1733415048338834176,65610490
11501,35991808,69061057,-1,-1
11502,-1,-1,1733415048321662208,132827626
11503,35674368,132397384,-1,-1
11504,-1,-1,1733415048388853248,117191035
11505,32704768,114651211,-1,-1
11506,-1,-1,1733415048368315392,29462023
11507,26969088,32166290,-1,-1
11508,-1,-1,1733415048434760704,116445178
11509,31898624,114521449,-1,-1
11510,-1,-1,1733415048456516608,71755775
11511,33224704,70721412,-1,-1
11512,-1,-1,1733415048492961536,36444777
11513,30863360,35992390,-1,-1
11514,-1,-1,1733415048545406720,152445152
11515,32823808,154579263,-1,-1
11516,-1,-1,1733415048583460352,138053214
11517,31505152,135583074,-1,-1
11518,-1,-1,1733415048602755584,169295260
11519,44411904,169635401,-1,-1
11520,-1,-1,1733415048611014656,58258843
11521,23711488,61953123,-1,-1
11522,-1,-1,1733415048681013760,119998675
11523,33846528,115593656,-1,-1
11524,-1,-1,1733415048721614592,90600726
11525,46544896,103910611,-1,-1
11526,-1,-1,1733415048755754496,134139609
11527,33891328,124128376,-1,-1
11528,-1,-1,1733415048765745920,209991417
11529,26807552,207931857,-1,-1
11530,-1,-1,1733415048833839104,68092644
11531,30865152,66918476,-1,-1
11532,-1,-1,1733415048929971456,346132298
11533,33096960,349480317,-1,-1
11534,-1,-1,1733415048918889472,38917805
11535,15133696,36931237,-1,-1
11536,-1,-1,1733415049010834688,241945304
11537,32836096,243235778,-1,-1
11538,-1,-1,1733415049060131328,149296366
11539,30813696,147586613,-1,-1
11540,-1,-1,1733415049038727168,28595685
11541,26759424,32290873,-1,-1
11542,-1,-1,1733415049094629632,105902457
11543,31311616,102292179,-1,-1
11544,-1,-1,1733415049074458624,29828704
11545,24680704,32862497,-1,-1
11546,-1,-1,1733415049131266304,106807685
11547,34156032,107113537,-1,-1
11548,-1,-1,1733415049109259008,27992383
11549,22678528,27782281,-1,-1
11550,-1,-1,1733415049176854784,117595670
11551,33111808,114831292,-1,-1
11552,-1,-1,1733415049156811520,29956488
11553,27584256,32685260,-1,-1
11554,-1,-1,1733415049196640512,139828881
11555,35615744,139658875,-1,-1
11556,-1,-1,1733415049273536768,76896031
11557,44906496,76952970,-1,-1
11558,-1,-1,1733415049301101824,127564955
11559,43383552,135541851,-1,-1
11560,-1,-1,1733415049337283584,136181536
11561,30862848,123724188,-1,-1
11562,-1,-1,1733415049355256064,117972361
11563,32791808,119581079,-1,-1
11564,-1,-1,1733415049393177600,37924889
11565,44586240,50032718,-1,-1
11566,-1,-1,1733415049423087360,129906048
11567,30912256,117685966,-1,-1
11568,-1,-1,1733415049438592256,115504669
11569,32907264,115754818,-1,-1
11570,-1,-1,1733415049478668032,40075555
11571,42827264,47852263,-1,-1
11572,-1,-1,1733415049516662272,137994233
11573,31743488,130603955,-1,-1
11574,-1,-1,1733415049536962560,120300090
11575,33336320,120206446,-1,-1
11576,-1,-1,1733415049531081728,44119135
11577,41962496,46627208,-1,-1
11578,-1,-1,1733415049589606144,108524246
11579,31860736,105642213,-1,-1
11580,-1,-1,1733415049655593472,165987267
11581,33831168,166600845,-1,-1
11582,-1,-1,1733415049711830016,206236548
11583,32207616,206896515,-1,-1
11584,-1,-1,1733415049791373568,179543211
11585,34873856,178278286,-1,-1
11586,-1,-1,1733415049808279552,66905837
11587,30863872,66872919,-1,-1
11588,-1,-1,1733415049850730240,142450310
11589,33679104,144404505,-1,-1
11590,-1,-1,1733415049939957504,389227289
11591,32898304,387343298,-1,-1
11592,-1,-1,1733415049967442944,77485227
11593,30919424,76781060,-1,-1
11594,-1,-1,1733415050009684736,92241650
11595,31663616,93100315,-1,-1
11596,-1,-1,1733415050059399168,149714455
11597,45692672,162255073,-1,-1
11598,-1,-1,1733415050095912192,136512821
11599,31780352,122629647,-1,-1
11600,-1,-1,1733415050121677056,125764640
11601,30971904,126919625,-1,-1
11602,-1,-1,1733415050114540288,42862925
11603,36680704,42841605,-1,-1
11604,-1,-1,1733415050160229632,95689304
11605,33662208,95985008,-1,-1
11606,-1,-1,1733415050157797376,47567416
11607,42125056,46832872,-1,-1
11608,-1,-1,1733415050207954944,100157412
11609,31352832,101100063,-1,-1
11610,-1,-1,1733415050259140096,51185280
11611,46357760,50916207,-1,-1
11612,-1,-1,1733415050279655168,120514770
11613,30899968,120240370,-1,-1
11614,-1,-1,1733415050299210240,119555036
11615,30899200,119755453,-1,-1
11616,-1,-1,1733415050347153920,197943263
11617,24671232,197586431,-1,-1
11618,-1,-1,1733415050361035776,63881920
11619,32045824,64942994,-1,-1
11620,-1,-1,1733415050428417280,117381150
11621,33481984,117576655,-1,-1
11622,-1,-1,1733415050434823680,106406367
11623,46202112,105414727,-1,-1
11624,-1,-1,1733415050476623104,141799189
11625,25979392,140959051,-1,-1
11626,-1,-1,1733415050489620736,62997508
11627,34697984,66719535,-1,-1
11628,-1,-1,1733415050555163136,115542382
11629,32216576,113184007,-1,-1
11630,-1,-1,1733415050541001984,35838633
11631,34775552,38365632,-1,-1
11632,-1,-1,1733415050608003584,117001390
11633,32205312,114187142,-1,-1
11634,-1,-1,1733415050626985472,68981895
11635,30942720,68486516,-1,-1
11636,-1,-1,1733415050621739520,44753704
11637,39890688,44874858,-1,-1
11638,-1,-1,1733415050697485056,125745525
11639,45528320,138170229,-1,-1
11640,-1,-1,1733415050721673472,224188100
11641,35792384,215858619,-1,-1
11642,-1,-1,1733415050746842368,75168738
11643,39730176,70771448,-1,-1
11644,-1,-1,1733415050823204608,126362491
11645,45220864,139103881,-1,-1
11646,-1,-1,1733415050860092672,136887443
11647,47746816,139358426,-1,-1
11648,-1,-1,1733415050865255424,105162616
11649,32828928,89596229,-1,-1
11650,-1,-1,1733415050916154624,100898771
11651,36262912,105197876,-1,-1
11652,-1,-1,1733415050898033664,131879153
11653,36664320,131060213,-1,-1
11654,-1,-1,1733415050968371200,120337143
11655,31001088,116916538,-1,-1
11656,-1,-1,1733415050982543872,64172858
11657,32810496,64766782,-1,-1
11658,-1,-1,1733415051018372864,35828928
11659,30446848,35428889,-1,-1
11660,-1,-1,1733415051075876352,207503141
11661,31466752,208508468,-1,-1
11662,-1,-1,1733415051112120320,86243789
11663,33450240,87363625,-1,-1
11664,-1,-1,1733415051175255552,213135297
11665,33510144,213923408,-1,-1
11666,-1,-1,1733415051179741696,154485811
11667,32903936,155020309,-1,-1
11668,-1,-1,1733415051233446400,103704426
11669,30928384,100786274,-1,-1
11670,-1,-1,1733415051214342144,30895686
11671,29111808,34215713,-1,-1
11672,-1,-1,1733415051268230912,103888665
11673,31349248,100821526,-1,-1
11674,-1,-1,1733415051291015936,72785043
11675,30880768,72440955,-1,-1
11676,-1,-1,1733415051367530496,226514122
11677,30708224,226458592,-1,-1
11678,-1,-1,1733415051407133696,139603172
11679,31952384,139701667,-1,-1
11680,-1,-1,1733415051387961600,30827846
11681,28801536,33727708,-1,-1
11682,-1,-1,1733415051437505024,149543236
11683,13747712,145621208,-1,-1
11684,-1,-1,1733415051508201728,170696375
11685,31029504,171828647,-1,-1
11686,-1,-1,1733415051505322752,47120915
11687,41611008,46734659,-1,-1
11688,-1,-1,1733415051548779008,93456186
11689,34692096,94563133,-1,-1
11690,-1,-1,1733415051549975552,51196175
11691,44971264,50150905,-1,-1
11692,-1,-1,1733415051592497152,92521712
11693,30834176,92642506,-1,-1
11694,-1,-1,1733415051628411648,35914347
11695,43273984,48290666,-1,-1
11696,-1,-1,1733415051661045248,132633500
11697,32559616,121889014,-1,-1
11698,-1,-1,1733415051725602816,214557048
11699,38095360,219051714,-1,-1
11700,-1,-1,1733415051755151104,179548430
11701,30968320,173366833,-1,-1
11702,-1,-1,1733415051811560960,206409497
11703,37705728,206615024,-1,-1
11704,-1,-1,1733415051836107520,74546435
11705,31327488,74597051,-1,-1
11706,-1,-1,1733415051865902336,129794848
11707,33779456,129476904,-1,-1
11708,-1,-1,1733415051902282496,36380074
11709,32775424,37903582,-1,-1
11710,-1,-1,1733415051938041088,135758325
11711,45918208,148840298,-1,-1
11712,-1,-1,1733415051984825344,246784005
11713,32781568,232234717,-1,-1
11714,-1,-1,1733415052024614656,89789044
11715,31945216,89858764,-1,-1
11716,-1,-1,1733415052077287168,152672295
11717,33361664,152109114,-1,-1
11718,-1,-1,1733415052116450816,139163712
11719,31000576,139263938,-1,-1
11720,-1,-1,1733415052093803776,27352990
11721,26038016,30905286,-1,-1
11722,-1,-1,1733415052144822016,101017653
11723,30995456,97702361,-1,-1
11724,-1,-1,1733415052126479104,31657079
11725,26861568,31886007,-1,-1
11726,-1,-1,1733415052192709632,116230239
11727,33670144,116617617,-1,-1
11728,-1,-1,1733415052172011776,29302194
11729,22255872,27957957,-1,-1
11730,-1,-1,1733415052233948160,111936079
11731,32107008,114028279,-1,-1
11732,-1,-1,1733415052215666176,31717976
11733,26660608,30631111,-1,-1
11734,-1,-1,1733415052271585536,105919246
11735,30907136,105784809,-1,-1
11736,-1,-1,1733415052261228800,39643130
11737,33783296,38840311,-1,-1
11738,-1,-1,1733415052312002048,100773096
11739,30022656,100901591,-1,-1
11740,-1,-1,1733415052349879296,37877080
11741,35128064,41914275,-1,-1
11742,-1,-1,1733415052330564096,130684776
11743,33825792,130379192,-1,-1
11744,-1,-1,1733415052405131008,124566599
11745,32331776,121702054,-1,-1
11746,-1,-1,1733415052383220736,28089576
11747,26083584,31060667,-1,-1
11748,-1,-1,1733415052440674560,107453605
11749,31017472,102680885,-1,-1
11750,-1,-1,1733415052418804224,28129695
11751,27780352,32764693,-1,-1
11752,-1,-1,1733415052492523264,123718948
11753,30955008,120922657,-1,-1
11754,-1,-1,1733415052505201920,62678359
11755,32251648,61538330,-1,-1
11756,-1,-1,1733415052505345792,50143958
11757,45758464,51018478,-1,-1
11758,-1,-1,1733415052542943488,87597477
11759,32627200,87777714,-1,-1
11760,-1,-1,1733415052581931264,38987535
11761,45782016,51035008,-1,-1
11762,-1,-1,1733415052613582848,131651548
11763,32682752,121461525,-1,-1
11764,-1,-1,1733415052650485504,136902447
11765,32774144,136773253,-1,-1
11766,-1,-1,1733415052723662848,223176850
11767,31981568,220519271,-1,-1
11768,-1,-1,1733415052803954432,280291628
11769,32179968,280459869,-1,-1
11770,-1,-1,1733415052841749760,87795268
11771,32810240,89498744,-1,-1
11772,-1,-1,1733415052896342272,154592347
11773,32255744,154930746,-1,-1
11774,-1,-1,1733415052934853120,138510718
11775,31156224,137528287,-1,-1
11776,-1,-1,1733415052959468544,124615380
11777,34792192,126302581,-1,-1
11778,-1,-1,1733415052958926336,49457465
11779,42682112,46948332,-1,-1
11780,-1,-1,1733415052998128128,89201299
11781,31668480,88607034,-1,-1
11782,-1,-1,1733415053036107264,37979136
11783,45841408,51083975,-1,-1
11784,-1,-1,1733415053069831424,133724133
11785,32443136,123229224,-1,-1
11786,-1,-1,1733415053144445696,224613797
11787,33381888,224813942,-1,-1
11788,-1,-1,1733415053135336704,140890721
11789,28440320,141512978,-1,-1
11790,-1,-1,1733415053224434944,139098326
11791,36707072,140040989,-1,-1
11792,-1,-1,1733415053246407680,121972542
11793,31056384,118633269,-1,-1
11794,-1,-1,1733415053287820288,141412548
11795,31368704,141921251,-1,-1
11796,-1,-1,1733415053265032192,27211630
11797,25084672,29595718,-1,-1
11798,-1,-1,1733415053329594368,114562012
11799,30927872,111646187,-1,-1
11800,-1,-1,1733415053315385344,35790874
11801,30362880,35746681,-1,-1
11802,-1,-1,1733415053368920320,103534600
11803,30871296,102811847,-1,-1
11804,-1,-1,1733415053348317696,29397432
11805,25407232,33080750,-1,-1
11806,-1,-1,1733415053428463360,130145305
11807,32457472,126677607,-1,-1
11808,-1,-1,1733415053406114048,27650817
11809,20551168,27864198,-1,-1
11810,-1,-1,1733415053482318592,126204087
11811,35653888,129486018,-1,-1
11812,-1,-1,1733415053498285824,165967270
11813,32935168,162745392,-1,-1
11814,-1,-1,1733415053479819264,31533413
11815,38997248,43945491,-1,-1
11816,-1,-1,1733415053503845376,74025749
11817,26323968,61729672,-1,-1
11818,-1,-1,1733415053551740928,147895825
11819,15916032,147692777,-1,-1
11820,-1,-1,1733415053589542400,37800971
11821,30894080,35958713,-1,-1
11822,-1,-1,1733415053614787840,125245266
11823,30755840,127489246,-1,-1
11824,-1,-1,1733415053664590592,149802545
11825,31047168,149995147,-1,-1
11826,-1,-1,1733415053650401024,35810290
11827,30731008,35509318,-1,-1
11828,-1,-1,1733415053685997312,135596207
11829,44969472,148961823,-1,-1
11830,-1,-1,1733415053736749568,100751991
11831,31886592,86667099,-1,-1
11832,-1,-1,1733415053720720896,33971288
11833,38001408,42991477,-1,-1
11834,-1,-1,1733415053781894656,111173636
11835,30689024,102554241,-1,-1
11836,-1,-1,1733415053761404160,29509516
11837,36825344,41962376,-1,-1
11838,-1,-1,1733415053794087168,132682633
11839,42899200,132760610,-1,-1
11840,-1,-1,1733415053821748480,127661338
11841,33967616,123675315,-1,-1
11842,-1,-1,1733415053883645952,111897171
11843,31670272,104465119,-1,-1
11844,-1,-1,1733415053916694784,33048766
11845,30960640,35164892,-1,-1
11846,-1,-1,1733415053959140096,192445294
11847,31357952,190025195,-1,-1
11848,-1,-1,1733415053934888704,25748040
11849,20779264,25282336,-1,-1
11850,-1,-1,1733415054000646400,115758101
11851,31138048,116102448,-1,-1
11852,-1,-1,1733415054013756672,63109678
11853,32860160,62599949,-1,-1
11854,-1,-1,1733415053995434240,31677616
11855,38143232,43975903,-1,-1
11856,-1,-1,1733415054029202944,133768564
11857,41898752,133686084,-1,-1
11858,-1,-1,1733415054082872832,103669639
11859,32938240,91987141,-1,-1
11860,-1,-1,1733415054069881088,37008200
11861,43245824,49113818,-1,-1
11862,-1,-1,1733415054105648640,135767256
11863,29769728,123266936,-1,-1
11864,-1,-1,1733415054138273280,132624394
11865,35874304,140901760,-1,-1
11866,-1,-1,1733415054201105152,112831600
11867,30882816,104723680,-1,-1
11868,-1,-1,1733415054181220352,30115184
11869,24697856,29807912,-1,-1
11870,-1,-1,1733415054230837504,149617100
11871,30808064,149698609,-1,-1
11872,-1,-1,1733415054250594048,69756210
11873,25751040,69717912,-1,-1
11874,-1,-1,1733415054314719744,114125645
11875,33281280,116276935,-1,-1
11876,-1,-1,1733415054291276544,26556473
11877,19894016,24520631,-1,-1
11878,-1,-1,1733415054356197120,114920774
11879,30998528,112822711,-1,-1
11880,-1,-1,1733415054335246336,29048729
11881,26445824,31772870,-1,-1
11882,-1,-1,1733415054386697216,101450745
11883,20520448,101010415,-1,-1
11884,-1,-1,1733415054427296256,90598721
11885,32882176,90617232,-1,-1
11886,-1,-1,1733415054463347968,36051765
11887,31227392,36182913,-1,-1
11888,-1,-1,1733415054509841664,196493618
11889,31247104,196463117,-1,-1
11890,-1,-1,1733415054552140800,92298775
11891,42343680,102030824,-1,-1
11892,-1,-1,1733415054603684352,151543369
11893,31904768,142310230,-1,-1
11894,-1,-1,1733415054635238144,181553813
11895,28408576,180514010,-1,-1
11896,-1,-1,1733415054645793280,60554906
11897,31811328,63801896,-1,-1
11898,-1,-1,1733415054707365888,111572503
11899,31833600,108743289,-1,-1
11900,-1,-1,1733415054690321152,32955004
11901,30790656,35962633,-1,-1
11902,-1,-1,1733415054742112000,151790730
11903,15775744,148465640,-1,-1
11904,-1,-1,1733415054803575040,111462952
11905,31689984,112544325,-1,-1
11906,-1,-1,1733415054851866624,148291408
11907,36964864,148890820,-1,-1
11908,-1,-1,1733415054829001984,27135038
11909,18219776,25040134,-1,-1
11910,-1,-1,1733415054931064832,202062701
11911,30877696,202268475,-1,-1
11912,-1,-1,1733415054965444608,134379605
11913,33323776,135048832,-1,-1
11914,-1,-1,1733415054963899648,48455240
11915,43852800,48539439,-1,-1
11916,-1,-1,1733415055018553856,154653977
11917,26159616,154409815,-1,-1
11918,-1,-1,1733415055022728448,54174365
11919,24570112,56879702,-1,-1
11920,-1,-1,1733415055082972928,160244268
11921,31954176,160559895,-1,-1
11922,-1,-1,1733415055176854528,143881344
11923,31462144,141118714,-1,-1
11924,-1,-1,1733415055211725568,84870702
11925,30891776,84170033,-1,-1
11926,-1,-1,1733415055241410560,129685046
11927,32898560,129651018,-1,-1
11928,-1,-1,1733415055277313536,35902664
11929,31922944,36884856,-1,-1
11930,-1,-1,1733415055289584640,112270806
11931,31037696,111992634,-1,-1
11932,-1,-1,1733415055335155968,195571345
11933,25201152,195222872,-1,-1
11934,-1,-1,1733415055346884864,61728528
11935,35849216,67834754,-1,-1
11936,-1,-1,1733415055417312256,120427439
11937,33245696,115057614,-1,-1
11938,-1,-1,1733415055439307264,71994716
11939,30904064,71492650,-1,-1
11940,-1,-1,1733415055505001472,165694075
11941,32855552,165432553,-1,-1
11942,-1,-1,1733415055521475328,116473738
11943,31159296,116932800,-1,-1
11944,-1,-1,1733415055509163776,37688281
11945,44987392,49710672,-1,-1
11946,-1,-1,1733415055566118912,106954766
11947,32844800,94598642,-1,-1
11948,-1,-1,1733415055604513792,38395089
11949,33050880,38077732,-1,-1
11950,-1,-1,1733415055639764480,135250309
11951,32335872,137033104,-1,-1
11952,-1,-1,1733415055651477760,111713048
11953,32883712,110185910,-1,-1
11954,-1,-1,1733415055691110912,39633117
11955,48327424,53932075,-1,-1
11956,-1,-1,1733415055725874688,134763718
11957,32807936,121601152,-1,-1
11958,-1,-1,1733415055760090112,134215067
11959,33625856,135559962,-1,-1
11960,-1,-1,1733415055792565504,132475357
11961,30926848,128934977,-1,-1
11962,-1,-1,1733415055822836224,180270953
11963,28858368,193434960,-1,-1
11964,-1,-1,1733415055845599744,72762922
11965,31913984,63797179,-1,-1
11966,-1,-1,1733415055937249280,141649449
11967,37805312,142530190,-1,-1
11968,-1,-1,1733415055956017408,118768356
11969,31946752,113753258,-1,-1
11970,-1,-1,1733415055936787456,30769495
11971,29092352,35031487,-1,-1
11972,-1,-1,1733415056002681600,115894137
11973,32945920,113477091,-1,-1
11974,-1,-1,1733415056009218816,56536862
11975,32780288,55792434,-1,-1
11976,-1,-1,1733415056047177216,37958376
11977,44902400,49924421,-1,-1
11978,-1,-1,1733415056071149312,123971923
11979,31054592,110900030,-1,-1
11980,-1,-1,1733415056109636608,188486962
11981,27866368,191157519,-1,-1
11982,-1,-1,1733415056114057984,54421213
11983,23812096,55829462,-1,-1
11984,-1,-1,1733415056213642240,149584143
11985,37775104,149431738,-1,-1
11986,-1,-1,1733415056284660224,321017787
11987,33307648,318047987,-1,-1
11988,-1,-1,1733415056356631296,121971047
11989,33744384,122693546,-1,-1
11990,-1,-1,1733415056352801536,146169935
11991,34221824,149175133,-1,-1
11992,-1,-1,1733415056442050048,139248218
11993,36961792,138163725,-1,-1
11994,-1,-1,1733415056508688128,316638159
11995,32957440,314107454,-1,-1
11996,-1,-1,1733415056547193856,138505561
11997,32547840,138667052,-1,-1
11998,-1,-1,1733415056583980544,86786346
11999,30896640,86706362,-1,-1
12000,-1,-1,1733415056628607488,94626528
12001,31418112,94221329,-1,-1
12002,-1,-1,1733415056703120384,224513160
12003,32788480,224761359,-1,-1
12004,-1,-1,1733415056739059456,135938707
12005,32601088,135454256,-1,-1
12006,-1,-1,1733415056785150720,196091201
12007,30782976,196676481,-1,-1
12008,-1,-1,1733415056807890688,172739721
12009,27948800,172494892,-1,-1
12010,-1,-1,1733415056813347072,55456112
12011,26107392,58938401,-1,-1
12012,-1,-1,1733415056878194432,114847500
12013,30686720,111390521,-1,-1
12014,-1,-1,1733415056885852160,57657279
12015,32866816,57842483,-1,-1
12016,-1,-1,1733415056923690496,37838185
12017,44925952,49980964,-1,-1
12018,-1,-1,1733415056953531648,129841039
12019,31802112,117564332,-1,-1
12020,-1,-1,1733415056978675712,225143917
12021,34665216,228248426,-1,-1
12022,-1,-1,1733415057038739968,110064177
12023,32314624,106777850,-1,-1
12024,-1,-1,1733415057020282624,31542307
12025,28569600,35358530,-1,-1
12026,-1,-1,1733415057074886656,154603983
12027,18353408,151219386,-1,-1
12028,-1,-1,1733415057104854016,129967125
12029,34535936,132493536,-1,-1
12030,-1,-1,1733415057173426176,118572096
12031,30791680,112773178,-1,-1
12032,-1,-1,1733415057171150848,47724519
12033,32410368,50471510,-1,-1
12034,-1,-1,1733415057209055232,37904394
12035,45372928,50371436,-1,-1
12036,-1,-1,1733415057217632256,108576762
12037,29732608,95585704,-1,-1
12038,-1,-1,1733415057257527808,189895533
12039,28104448,192501457,-1,-1
12040,-1,-1,1733415057288914688,81386538
12041,32765184,79640406,-1,-1
12042,-1,-1,1733415057349881856,60967138
12043,21995520,62009474,-1,-1
12044,-1,-1,1733415057332615680,82733879
12045,33338368,82586145,-1,-1
12046,-1,-1,1733415057371114752,38498782
12047,34307072,39464757,-1,-1
12048,-1,-1,1733415057415314432,194199458
12049,31002368,192060414,-1,-1
12050,-1,-1,1733415057461401088,146086482
12051,31568384,144185997,-1,-1
12052,-1,-1,1733415057433408256,22007135
12053,21485056,28298356,-1,-1
12054,-1,-1,1733415057491024896,107616527
12055,31151872,103919444,-1,-1
12056,-1,-1,1733415057528033536,37008399
12057,33618688,38316969,-1,-1
12058,-1,-1,1733415057582789888,154756217
12059,36791552,156978507,-1,-1
12060,-1,-1,1733415057575111424,142321463
12061,37647360,139461500,-1,-1
12062,-1,-1,1733415057620877056,145765437
12063,14840064,144838316,-1,-1
12064,-1,-1,1733415057726343424,255466276
12065,31896576,256187795,-1,-1
12066,-1,-1,1733415057768031232,91687709
12067,31450112,91362727,-1,-1
12068,-1,-1,1733415057809398016,141366742
12069,34833408,141872438,-1,-1
12070,-1,-1,1733415057883823104,224424639
12071,38742016,227427062,-1,-1
12072,-1,-1,1733415057918318080,134494743
12073,35814400,133561922,-1,-1
12074,-1,-1,1733415057910941184,142623196
12075,31064576,142759600,-1,-1
12076,-1,-1,1733415057964445952,153504656
12077,40317696,150872325,-1,-1
12078,-1,-1,1733415057974235904,59789650
12079,39356160,71781410,-1,-1
12080,-1,-1,1733415058063944448,139708610
12081,48727808,140062446,-1,-1
12082,-1,-1,1733415058098318592,134373956
12083,33873408,122767644,-1,-1
12084,-1,-1,1733415058132873216,134554249
12085,32698112,134365144,-1,-1
12086,-1,-1,1733415058165322240,132448879
12087,32589824,132633349,-1,-1
12088,-1,-1,1733415058181371136,116048519
12089,30780928,114696689,-1,-1
12090,-1,-1,1733415058222823936,141452684
12091,32016384,140731211,-1,-1
12092,-1,-1,1733415058263484928,40661008
12093,47944192,52820556,-1,-1
12094,-1,-1,1733415058273042176,109556902
12095,31177216,97979754,-1,-1
12096,-1,-1,1733415058300624640,127582323
12097,32645120,127230309,-1,-1
12098,-1,-1,1733415058338041344,37416666
12099,44931840,50027469,-1,-1
12100,-1,-1,1733415058392637440,204595690
12101,32958464,193390638,-1,-1
12102,-1,-1,1733415058409322752,66685205
12103,32687104,67727978,-1,-1
12104,-1,-1,1733415058455727872,146405108
12105,35872000,148798030,-1,-1
12106,-1,-1,1733415058494628096,138899959
12107,30978048,134601122,-1,-1
12108,-1,-1,1733415058531197696,136569488
12109,30903040,136550301,-1,-1
12110,-1,-1,1733415058585642496,154444611
12111,31072512,154665072,-1,-1
12112,-1,-1,1733415058653968640,218325746
12113,36849920,221166029,-1,-1
12114,-1,-1,1733415058703039488,199071005
12115,34814976,198328027,-1,-1
12116,-1,-1,1733415058717031936,113992340
12117,31799296,111731876,-1,-1
12118,-1,-1,1733415058754455296,187423075
12119,24260096,187227291,-1,-1
12120,-1,-1,1733415058770376960,65921699
12121,33820672,65989138,-1,-1
12122,-1,-1,1733415058819954176,99576714
12123,31537920,100285167,-1,-1
12124,-1,-1,1733415058807702272,37748475
12125,32258560,40118480,-1,-1
12126,-1,-1,1733415058898780416,141077493
12127,35324416,140141950,-1,-1
12128,-1,-1,1733415058902874624,54094080
12129,31359232,51480905,-1,-1
12130,-1,-1,1733415058929864704,126989812
12131,32949248,127649079,-1,-1
12132,-1,-1,1733415058925829632,45964599
12133,44385536,49715155,-1,-1
12134,-1,-1,1733415058980561920,104732386
12135,31088384,100957860,-1,-1
12136,-1,-1,1733415058959194368,28632246
12137,32805888,40661202,-1,-1
12138,-1,-1,1733415059013054208,103859834
12139,33651712,91987269,-1,-1
12140,-1,-1,1733415059009962496,46907891
12141,41816320,46534737,-1,-1
12142,-1,-1,1733415059073707264,113744721
12143,33028352,113952938,-1,-1
12144,-1,-1,1733415059109410048,135702617
12145,32627712,135722589,-1,-1
12146,-1,-1,1733415059201999872,392589705
12147,32964352,392604656,-1,-1
12148,-1,-1,1733415059227965440,75965277
12149,33082368,75986264,-1,-1
12150,-1,-1,1733415059258615040,80649300
12151,32826112,82483749,-1,-1
12152,-1,-1,1733415059258906880,150291515
12153,45397760,147744459,-1,-1
12154,-1,-1,1733415059304056320,95149228
12155,33166336,95968207,-1,-1
12156,-1,-1,1733415059297979904,43923400
12157,38584064,43452168,-1,-1
12158,-1,-1,1733415059359062016,111082480
12159,32839168,112845998,-1,-1
12160,-1,-1,1733415059398375424,139312723
12161,33922560,137710033,-1,-1
12162,-1,-1,1733415059412631296,214255861
12163,31692800,217334887,-1,-1
12164,-1,-1,1733415059470583040,107951372
12165,32959744,102818139,-1,-1
12166,-1,-1,1733415059442379520,21796472
12167,22759424,27673110,-1,-1
12168,-1,-1,1733415059497668608,105288913
12169,30966016,100075954,-1,-1
12170,-1,-1,1733415059473027328,25358819
12171,21796352,26705274,-1,-1
12172,-1,-1,1733415059520681984,147654482
12173,20169216,150991999,-1,-1
12174,-1,-1,1733415059589423360,118741057
12175,33347840,116933750,-1,-1
12176,-1,-1,1733415059562850048,23426672
12177,20187904,24707980,-1,-1
12178,-1,-1,1733415059616100096,103249915
12179,32920320,100625942,-1,-1
12180,-1,-1,1733415059630193408,64093046
12181,33641472,63953045,-1,-1
12182,-1,-1,1733415059612175104,31981252
12183,38686976,44089604,-1,-1
12184,-1,-1,1733415059638235648,76060309
12185,33825792,67064923,-1,-1
12186,-1,-1,1733415059687520256,99284350
12187,31671296,96377502,-1,-1
12188,-1,-1,1733415059661304320,23784224
12189,20631552,26850226,-1,-1
12190,-1,-1,1733415059715600640,104295987
12191,32100352,101314364,-1,-1
12192,-1,-1,1733415059687961600,22360867
12193,20428800,25221569,-1,-1
12194,-1,-1,1733415059748019712,110057849
12195,32553472,107875914,-1,-1
12196,-1,-1,1733415059737188608,39168782
12197,33366528,37688328,-1,-1
12198,-1,-1,1733415059785080320,97891386
12199,36862464,100437401,-1,-1
12200,-1,-1,1733415059760591360,25511221
12201,18445568,26390415,-1,-1
12202,-1,-1,1733415059813233152,102641334
12203,31595776,99891321,-1,-1
12204,-1,-1,1733415059788121600,24888557
12205,20595200,27036865,-1,-1
12206,-1,-1,1733415059847993088,159871190
12207,33284096,157347019,-1,-1
12208,-1,-1,1733415059841544960,43551686
12209,41347072,46885326,-1,-1
12210,-1,-1,1733415059889568512,98023521
12211,33320448,94788569,-1,-1
12212,-1,-1,1733415059926217216,36648524
12213,31389696,36892169,-1,-1
12214,-1,-1,1733415059928044800,151827158
12215,45178880,151514450,-1,-1
12216,-1,-1,1733415059990597120,112552517
12217,33454080,113874929,-1,-1
12218,-1,-1,1733415060015429888,174832526
12219,32408576,171459459,-1,-1
12220,-1,-1,1733415059987212544,21782672
12221,21709312,27288776,-1,-1
12222,-1,-1,1733415060044817664,107604710
12223,33884672,103926996,-1,-1
12224,-1,-1,1733415060015281152,20463323
12225,18484992,23487410,-1,-1
12226,-1,-1,1733415060067565568,102284201
12227,32627200,100896636,-1,-1
12228,-1,-1,1733415060044698368,27133073
12229,23412736,28784006,-1,-1
12230,-1,-1,1733415060101011712,156313236
12231,33124608,153937497,-1,-1
12232,-1,-1,1733415060100439040,49426734
12233,45218560,50182334,-1,-1
12234,-1,-1,1733415060177698048,127258980
12235,44997632,138203303,-1,-1
12236,-1,-1,1733415060200387584,172689285
12237,31946752,159556206,-1,-1
12238,-1,-1,1733415060178280960,27893187
12239,24858368,28791607,-1,-1
12240,-1,-1,1733415060222994688,94713636
12241,31162624,93056622,-1,-1
12242,-1,-1,1733415060202122496,29127577
12243,25905408,30779126,-1,-1
12244,-1,-1,1733415060256657152,104534636
12245,37327616,106127343,-1,-1
12246,-1,-1,1733415060230808832,24151695
12247,16101888,22506552,-1,-1
12248,-1,-1,1733415060280364288,149555185
12249,35481344,150964092,-1,-1
12250,-1,-1,1733415060268222720,37858129
12251,31764736,36475387,-1,-1
12252,-1,-1,1733415060291847168,123624585
12253,43539712,123627068,-1,-1
12254,-1,-1,1733415060301137408,109289783
12255,42991360,120982194,-1,-1
12256,-1,-1,1733415060353295360,102157618
12257,33119744,90868748,-1,-1
12258,-1,-1,1733415060340430336,37134724
12259,34909184,39662328,-1,-1
12260,-1,-1,1733415060369029888,128599268
12261,38388736,125641279,-1,-1
12262,-1,-1,1733415060405665536,86635750
12263,34488576,88581815,-1,-1
12264,-1,-1,1733415060396111872,40446054
12265,32792320,38090866,-1,-1
12266,-1,-1,1733415060461744128,115632161
12267,44921600,127798578,-1,-1
12268,-1,-1,1733415060466603520,54859174
12269,33975808,40936025,-1,-1
12270,-1,-1,1733415060445906432,129302890
12271,26906112,134571060,-1,-1
12272,-1,-1,1733415060492531968,96625383
12273,31612672,94436216,-1,-1
12274,-1,-1,1733415060468529408,25997148
12275,22923520,28225216,-1,-1
12276,-1,-1,1733415060523220224,104690724
12277,33129984,102412135,-1,-1
12278,-1,-1,1733415060517718272,44497771
12279,33035264,43473137,-1,-1
12280,-1,-1,1733415060563339264,145620913
12281,31031552,145538198,-1,-1
12282,-1,-1,1733415060552614144,39274922
12283,36940544,41689360,-1,-1
12284,-1,-1,1733415060590306816,87692273
12285,31587840,86400447,-1,-1
12286,-1,-1,1733415060577358336,37051507
12287,30673664,36051347,-1,-1
12288,-1,-1,1733415060598963456,121605020
12289,37786624,121762646,-1,-1
12290,-1,-1,1733415060621803008,122839297
12291,41815296,124666074,-1,-1
12292,-1,-1,1733415060661511424,39708548
12293,34743552,40282519,-1,-1
12294,-1,-1,1733415060679297792,117786104
12295,31095808,115476871,-1,-1
12296,-1,-1,1733415060654091776,24793573
12297,22926080,27836801,-1,-1
12298,-1,-1,1733415060703011584,98919813
12299,31910144,95726102,-1,-1
12300,-1,-1,1733415060677448704,24436817
12301,16871936,23816882,-1,-1
12302,-1,-1,1733415060722423552,94974683
12303,32358400,95746874,-1,-1
12304,-1,-1,1733415060693002240,20578490
12305,16773888,23043225,-1,-1
12306,-1,-1,1733415060742314752,99312368
12307,36966656,99006818,-1,-1
12308,-1,-1,1733415060721426432,29111225
12309,24903424,29637199,-1,-1
12310,-1,-1,1733415060770644736,149218253
12311,32596992,146765476,-1,-1
12312,-1,-1,1733415060754587392,33942696
12313,31867392,36680413,-1,-1
12314,-1,-1,1733415060780266752,125679090
12315,39844096,122749568,-1,-1
12316,-1,-1,1733415060816215552,35948529
12317,32360704,37362751,-1,-1
12318,-1,-1,1733415060829327104,113111465
12319,39233536,112130841,-1,-1
12320,-1,-1,1733415060858844928,79517679
12321,32890112,80900973,-1,-1
12322,-1,-1,1733415060860357120,151512134
12323,44466944,149748966,-1,-1
12324,-1,-1,1733415060878927616,118570741
12325,39862016,118475644,-1,-1
12326,-1,-1,1733415060898819584,119891465
12327,40903168,120785132,-1,-1
12328,-1,-1,1733415060940359168,91539144
12329,32590336,90706767,-1,-1
12330,-1,-1,1733415060927306496,36947436
12331,33831680,38844606,-1,-1
12332,-1,-1,1733415060949841920,122535013
12333,40789504,120600672,-1,-1
12334,-1,-1,1733415061005771264,155929469
12335,32861184,157662406,-1,-1
12336,-1,-1,1733415060978553600,22781878
12337,18872320,23898295,-1,-1
12338,-1,-1,1733415061030312448,101758811
12339,31884032,96756959,-1,-1
12340,-1,-1,1733415060999228672,18915927
12341,19010816,23996744,-1,-1
12342,-1,-1,1733415061059608064,160379126
12343,31167488,157939416,-1,-1
12344,-1,-1,1733415061046669824,37061912
12345,31902208,36571181,-1,-1
12346,-1,-1,1733415061053472512,106802581
12347,41868800,118593818,-1,-1
12348,-1,-1,1733415061085613056,132140439
12349,38632192,119535184,-1,-1
12350,-1,-1,1733415061130166272,94552730
12351,33050880,95175482,-1,-1
12352,-1,-1,1733415061120659712,40493686
12353,35783424,40583517,-1,-1
12354,-1,-1,1733415061137320704,116660740
12355,41731328,116709174,-1,-1
12356,-1,-1,1733415061160079104,122757889
12357,43825152,122718361,-1,-1
12358,-1,-1,1733415061177642752,117563426
12359,44807936,117596032,-1,-1
12360,-1,-1,1733415061229413376,101770492
12361,30867712,101797254,-1,-1
12362,-1,-1,1733415061237201152,57787776
12363,31931904,58806067,-1,-1
12364,-1,-1,1733415061210070272,22868876
12365,20740864,25187154,-1,-1
12366,-1,-1,1733415061264366336,104296030
12367,39131136,104137973,-1,-1
12368,-1,-1,1733415061236729344,22362651
12369,14915584,19305168,-1,-1
12370,-1,-1,1733415061251569408,114839807
12371,24161280,116640593,-1,-1
12372,-1,-1,1733415061306754304,105184991
12373,38102784,102419817,-1,-1
12374,-1,-1,1733415061282155520,25400758
12375,22629888,30240713,-1,-1
12376,-1,-1,1733415061337377792,105222330
12377,31400704,101158514,-1,-1
12378,-1,-1,1733415061308114432,20736326
12379,18998016,23490247,-1,-1
12380,-1,-1,1733415061356016896,97902551
12381,30860288,94710920,-1,-1
12382,-1,-1,1733415061338822912,32805548
12383,30798080,35903114,-1,-1
12384,-1,-1,1733415061383667712,94844823
12385,32340992,92208251,-1,-1
12386,-1,-1,1733415061359067904,25399860
12387,20015616,25561087,-1,-1
12388,-1,-1,1733415061410955008,101887117
12389,32051712,101769225,-1,-1
12390,-1,-1,1733415061382372864,21417477
12391,19947520,23778245,-1,-1
12392,-1,-1,1733415061434237184,151864223
12393,19245568,149410468,-1,-1
12394,-1,-1,1733415061470472192,36234965
12395,31422464,36552876,-1,-1
12396,-1,-1,1733415061503734016,133261632
12397,44780032,145003383,-1,-1
12398,-1,-1,1733415061515036416,161302380
12399,31408384,148108835,-1,-1
12400,-1,-1,1733415061498262528,33225874
12401,29082880,37523262,-1,-1
12402,-1,-1,1733415061546628096,98365401
12403,31447552,95130917,-1,-1
12404,-1,-1,1733415061521953536,25325119
12405,21779968,26230862,-1,-1
12406,-1,-1,1733415061567666432,95712766
12407,32364544,94820350,-1,-1
12408,-1,-1,1733415061545293312,27626866
12409,19010048,26770341,-1,-1
12410,-1,-1,1733415061570991616,125697937
12411,31238400,129742823,-1,-1
12412,-1,-1,1733415061620400896,99409405
12413,34482176,96363422,-1,-1
12414,-1,-1,1733415061595175936,24774600
12415,22024960,26439525,-1,-1
12416,-1,-1,1733415061639735296,94559487
12417,32061184,93869168,-1,-1
12418,-1,-1,1733415061612999168,23263762
12419,19866368,24689405,-1,-1
12420,-1,-1,1733415061669167872,156168256
12421,33389056,153281438,-1,-1
12422,-1,-1,1733415061658109184,38941478
12423,32808960,39279753,-1,-1
12424,-1,-1,1733415061689833984,81724315
12425,35026688,83008125,-1,-1
12426,-1,-1,1733415061732969728,143135666
12427,35783680,143484921,-1,-1
12428,-1,-1,1733415061721402368,38432596
12429,32479488,36891001,-1,-1
12430,-1,-1,1733415061738130432,116727964
12431,42679552,116635351,-1,-1
12432,-1,-1,1733415061797195776,109065162
12433,45837568,121766315,-1,-1
12434,-1,-1,1733415061794574336,97378210
12435,32398336,85300737,-1,-1
12436,-1,-1,1733415061781490432,36915808
12437,31765760,36223767,-1,-1
12438,-1,-1,1733415061797157632,115667125
12439,37526272,115811114,-1,-1
12440,-1,-1,1733415061817866752,120709033
12441,43651584,120590043,-1,-1
12442,-1,-1,1733415061843489536,125622531
12443,44831232,125801249,-1,-1
12444,-1,-1,1733415061895294464,101804670
12445,32262144,101756099,-1,-1
12446,-1,-1,1733415061878173952,32879680
12447,23737600,33857230,-1,-1
12448,-1,-1,1733415061904209664,126035368
12449,42805760,124730093,-1,-1
12450,-1,-1,1733415061957884160,103674164
12451,32975360,105934649,-1,-1
12452,-1,-1,1733415061975514880,167630606
12453,31417344,165415930,-1,-1
12454,-1,-1,1733415061950927616,25406855
12455,18503936,25828380,-1,-1
12456,-1,-1,1733415062024771584,123843779
12457,39761408,129686565,-1,-1
12458,-1,-1,1733415061995612160,120840351
12459,25141760,117767286,-1,-1
12460,-1,-1,1733415062048123648,102511440
12461,33923584,99725101,-1,-1
12462,-1,-1,1733415062021121792,22997703
12463,16468224,22943977,-1,-1
12464,-1,-1,1733415062094000896,122879248
12465,39457536,126345295,-1,-1
12466,-1,-1,1733415062070577152,126576007
12467,33021440,126180510,-1,-1
12468,-1,-1,1733415062127382528,106805206
12469,32070656,103795084,-1,-1
12470,-1,-1,1733415062100231424,22848628
12471,20839936,25644468,-1,-1
12472,-1,-1,1733415062150962176,100730754
12473,30814464,97719180,-1,-1
12474,-1,-1,1733415062124930304,23967770
12475,17988096,23843759,-1,-1
12476,-1,-1,1733415062176559360,101628919
12477,32467456,103426871,-1,-1
12478,-1,-1,1733415062149415680,22856153
12479,13781504,20342654,-1,-1
12480,-1,-1,1733415062185067264,185651565
12481,45172736,186521897,-1,-1
12482,-1,-1,1733415062207625472,122557881
12483,46855168,122785571,-1,-1
12484,-1,-1,1733415062224325632,116700143
12485,40752640,116560529,-1,-1
12486,-1,-1,1733415062277530880,153206154
12487,36747776,157562778,-1,-1
12488,-1,-1,1733415062271809280,44277185
12489,31142656,39157408,-1,-1
12490,-1,-1,1733415062273603328,101793386
12491,33853184,102587611,-1,-1
12492,-1,-1,1733415062329124352,105521002
12493,30823936,104712225,-1,-1
12494,-1,-1,1733415062304135680,25011196
12495,18543872,25877203,-1,-1
12496,-1,-1,1733415062327991552,123855884
12497,33738752,123679648,-1,-1
12498,-1,-1,1733415062373921024,95928948
12499,30826752,95801619,-1,-1
12500,-1,-1,1733415062351872000,27950657
12501,19391744,27902388,-1,-1
12502,-1,-1,1733415062364493568,112805354
12503,21792000,112693998,-1,-1
12504,-1,-1,1733415062413870336,99192129
12505,33834496,99793489,-1,-1
12506,-1,-1,1733415062391985408,28114966
12507,20304384,27932071,-1,-1
12508,-1,-1,1733415062398555392,106569671
12509,24225536,109093315,-1,-1
12510,-1,-1,1733415062448271104,99715738
12511,31963648,96469246,-1,-1
12512,-1,-1,1733415062453196032,54924603
12513,35053568,56001056,-1,-1
12514,-1,-1,1733415062445380352,42184478
12515,34894080,41601223,-1,-1
12516,-1,-1,1733415062505474816,160094089
12517,34510592,159312262,-1,-1
12518,-1,-1,1733415062496769024,41294169
12519,35214336,44593949,-1,-1
12520,-1,-1,1733415062516750848,119981789
12521,31574016,117611998,-1,-1
12522,-1,-1,1733415062558502400,41751195
12523,36829952,41618108,-1,-1
12524,-1,-1,1733415062520738560,162236204
12525,23015936,162807111,-1,-1
12526,-1,-1,1733415062570801152,100062307
12527,33045504,99779007,-1,-1
12528,-1,-1,1733415062550974720,30173587
12529,24929280,29768684,-1,-1
12530,-1,-1,1733415062593634816,92659664
12531,31845632,92777513,-1,-1
12532,-1,-1,1733415062570256640,26621703
12533,20214784,26878670,-1,-1
12534,-1,-1,1733415062610807296,140550625
12535,32394752,140767952,-1,-1
12536,-1,-1,1733415062611306240,50498676
12537,44611840,49495854,-1,-1
12538,-1,-1,1733415062650580736,89274516
12539,32902912,90054622,-1,-1
12540,-1,-1,1733415062645615360,45034341
12541,38835200,44890478,-1,-1
12542,-1,-1,1733415062701250304,105634557
12543,32899584,107710074,-1,-1
12544,-1,-1,1733415062716866048,165615625
12545,31243520,163589616,-1,-1
12546,-1,-1,1733415062689722368,22856342
12547,16328704,22922058,-1,-1
12548,-1,-1,1733415062737171712,147448884
12549,30916352,147629023,-1,-1
12550,-1,-1,1733415062737142784,49970894
12551,44739840,49711133,-1,-1
12552,-1,-1,1733415062756924672,119781617
12553,43638016,121647319,-1,-1
12554,-1,-1,1733415062806496512,149571820
12555,32299520,147646806,-1,-1
12556,-1,-1,1733415062790201856,33705210
12557,25590016,32852796,-1,-1
12558,-1,-1,1733415062805137920,114936116
12559,21868288,118863878,-1,-1
12560,-1,-1,1733415062851712768,146574575
12561,33122048,144149293,-1,-1
12562,-1,-1,1733415062846340608,94627695
12563,14904832,94145810,-1,-1
12564,-1,-1,1733415062883197696,36856990
12565,31484416,37036793,-1,-1
12566,-1,-1,1733415062863919104,130721091
12567,39738368,142541925,-1,-1
12568,-1,-1,1733415062884633344,120714128
12569,40886784,120738376,-1,-1
12570,-1,-1,1733415062901305088,116671597
12571,41878784,117625652,-1,-1
12572,-1,-1,1733415062923366400,122061169
12573,44744704,120627465,-1,-1
12574,-1,-1,1733415062979006208,155639523
12575,37347584,143606585,-1,-1
12576,-1,-1,1733415063013267712,84261473
12577,31140864,85493574,-1,-1
12578,-1,-1,1733415063006854656,143586778
12579,37127168,145800886,-1,-1
12580,-1,-1,1733415063021105664,114250643
12581,35801344,122801260,-1,-1
12582,-1,-1,1733415063073040384,51934593
12583,34283264,41294219,-1,-1
12584,-1,-1,1733415063090141440,117100835
12585,30965248,116308413,-1,-1
12586,-1,-1,1733415063065079808,24938630
12587,16874496,24830933,-1,-1
12588,-1,-1,1733415063135587840,170507976
12589,47465472,183702537,-1,-1
12590,-1,-1,1733415063117227776,131639290
12591,42119680,118401201,-1,-1
12592,-1,-1,1733415063165863936,148636042
12593,38820352,151169886,-1,-1
12594,-1,-1,1733415063141664768,25800703
12595,16482816,23588488,-1,-1
12596,-1,-1,1733415063227258368,185593607
12597,40766208,188236686,-1,-1
12598,-1,-1,1733415063231724288,154465554
12599,34869760,154583766,-1,-1
12600,-1,-1,1733415063204546048,22821742
12601,13736704,18757190,-1,-1
12602,-1,-1,1733415063234069248,179522838
12603,37883648,182634752,-1,-1
12604,-1,-1,1733415063291810304,157741135
12605,32814080,155430952,-1,-1
12606,-1,-1,1733415063292462848,50652279
12607,32957696,51082438,-1,-1
12608,-1,-1,1733415063268858112,26395187
12609,34038784,38888643,-1,-1
12610,-1,-1,1733415063288145664,119287280
12611,41755648,118473498,-1,-1
12612,-1,-1,1733415063343943424,155797405
12613,31867904,144627506,-1,-1
12614,-1,-1,1733415063325558784,31615513
12615,28088064,33901685,-1,-1
12616,-1,-1,1733415063376399872,100840949
12617,33935104,97758053,-1,-1
12618,-1,-1,1733415063354146048,27745904
12619,17572352,27793500,-1,-1
12620,-1,-1,1733415063370236416,166090147
12621,43826688,177604822,-1,-1
12622,-1,-1,1733415063431114496,160877896
12623,38515968,149697182,-1,-1
12624,-1,-1,1733415063443831296,112716805
12625,35119104,112705674,-1,-1
12626,-1,-1,1733415063414736128,20904640
12627,17921024,23572252,-1,-1
12628,-1,-1,1733415063440323328,125587019
12629,13661440,121586412,-1,-1
12630,-1,-1,1733415063475307776,34984408
12631,32084480,37309998,-1,-1
12632,-1,-1,1733415063468994048,143686043
12633,41877504,153345214,-1,-1
12634,-1,-1,1733415063543631872,124637785
12635,44765184,125584644,-1,-1
12636,-1,-1,1733415063526904064,233272125
12637,42729984,236351149,-1,-1
12638,-1,-1,1733415063555510784,128606610
12639,41434112,113521496,-1,-1
12640,-1,-1,1733415063560984064,105472760
12641,37767680,113823735,-1,-1
12642,-1,-1,1733415063617438976,156454886
12643,37357568,147647002,-1,-1
12644,-1,-1,1733415063622331136,54891952
12645,32844032,54181342,-1,-1
12646,-1,-1,1733415063608594432,36263094
12647,31965952,37546831,-1,-1
12648,-1,-1,1733415063610390528,101796153
12649,39861760,113635440,-1,-1
12650,-1,-1,1733415063658037504,47646804
12651,33154304,38166932,-1,-1
12652,-1,-1,1733415063686759424,128721661
12653,39672320,126270679,-1,-1
12654,-1,-1,1733415063685401344,148641931
12655,26918656,151780530,-1,-1
12656,-1,-1,1733415063704200192,68798621
12657,33734400,65661521,-1,-1
12658,-1,-1,1733415063733624576,79424324
12659,31514368,79517962,-1,-1
12660,-1,-1,1733415063720682240,137057278
12661,38070016,151181622,-1,-1
12662,-1,-1,1733415063793473536,172791278
12663,31703808,159123073,-1,-1
12664,-1,-1,1733415063767421440,23947909
12665,15860736,23063688,-1,-1
12666,-1,-1,1733415063773970944,106549195
12667,20948992,106823498,-1,-1
12668,-1,-1,1733415063824339200,150368156
12669,32055040,151759752,-1,-1
12670,-1,-1,1733415063801565696,27226321
12671,33156352,37933591,-1,-1
12672,-1,-1,1733415063828847104,127281221
12673,40722432,130368991,-1,-1
12674,-1,-1,1733415063897573632,168726263
12675,37402368,153633584,-1,-1
12676,-1,-1,1733415063877562624,79988749
12677,40851712,92696765,-1,-1
12678,-1,-1,1733415063930954240,103391535
12679,33924864,91831652,-1,-1
12680,-1,-1,1733415063907860992,26906679
12681,33846528,37769519,-1,-1
12682,-1,-1,1733415063976657920,118796789
12683,47695616,121677029,-1,-1
12684,-1,-1,1733415064001301504,174643218
12685,32195584,160921296,-1,-1
12686,-1,-1,1733415063973097728,21796264
12687,19773952,23460940,-1,-1
12688,-1,-1,1733415064022148352,149050284
12689,33065728,145944274,-1,-1
12690,-1,-1,1733415063996020480,23872003
12691,32047104,36817788,-1,-1
12692,-1,-1,1733415064028287232,132266702
12693,37831168,131493620,-1,-1
12694,-1,-1,1733415064089753856,161466350
12695,38004480,150228684,-1,-1
12696,-1,-1,1733415064081445120,141691399
12697,25965568,143945447,-1,-1
12698,-1,-1,1733415064088291328,56845886
12699,33799424,65822867,-1,-1
12700,-1,-1,1733415064142318336,154026613
12701,38142208,141613124,-1,-1
12702,-1,-1,1733415064120443648,78125258
12703,42586624,90572568,-1,-1
12704,-1,-1,1733415064135395840,114952149
12705,39889152,114793488,-1,-1
12706,-1,-1,1733415064185573632,50177415
12707,33083392,38050266,-1,-1
12708,-1,-1,1733415064188419840,102846249
12709,37399040,102633160,-1,-1
12710,-1,-1,1733415064216166656,177746391
12711,33322496,178875590,-1,-1
12712,-1,-1,1733415064205067776,38900855
12713,36755712,41300768,-1,-1
12714,-1,-1,1733415064223812096,118744225
12715,40591616,118701303,-1,-1
12716,-1,-1,1733415064274489600,150677159
12717,37721600,147580939,-1,-1
12718,-1,-1,1733415064296809216,172320073
12719,33304576,173041386,-1,-1
12720,-1,-1,1733415064273815296,27005570
12721,34856960,39389993,-1,-1
12722,-1,-1,1733415064351508224,127692664
12723,41869568,117756069,-1,-1
12724,-1,-1,1733415064387347968,185839897
12725,34341888,182994672,-1,-1
12726,-1,-1,1733415064404538624,117190638
12727,32607488,117851090,-1,-1
12728,-1,-1,1733415064396258304,141719157
12729,30765824,145320095,-1,-1
12730,-1,-1,1733415064412047360,65788911
12731,29713408,61290108,-1,-1
12732,-1,-1,1733415064471305984,109258135
12733,33242880,111586830,-1,-1
12734,-1,-1,1733415064484577792,163272159
12735,43763200,164346579,-1,-1
12736,-1,-1,1733415064458008832,23430544
12737,14738944,20115584,-1,-1
12738,-1,-1,1733415064502745856,94736922
12739,32966400,93945183,-1,-1
12740,-1,-1,1733415064472780800,20034517
12741,18915328,23828222,-1,-1
12742,-1,-1,1733415064526616576,103835882
12743,32840960,100672489,-1,-1
12744,-1,-1,1733415064502206208,25589387
12745,18424064,25810151,-1,-1
12746,-1,-1,1733415064576761344,174555142
12747,35423744,176780537,-1,-1
12748,-1,-1,1733415064560728320,133966985
12749,36937728,143511679,-1,-1
12750,-1,-1,1733415064608676096,47947298
12751,33068800,38014078,-1,-1
12752,-1,-1,1733415064619929600,111253558
12753,35126272,111666205,-1,-1
12754,-1,-1,1733415064594821120,24891154
12755,16650240,22531996,-1,-1
12756,-1,-1,1733415064628822016,184000763
12757,40737024,183572784,-1,-1
12758,-1,-1,1733415064643939840,115117884
12759,39706368,118663857,-1,-1
12760,-1,-1,1733415064692883712,148943578
12761,31855104,146583754,-1,-1
12762,-1,-1,1733415064669477120,26593153
12763,17167360,24792909,-1,-1
12764,-1,-1,1733415064691305728,171828597
12765,45269248,186000230,-1,-1
12766,-1,-1,1733415064745567232,104261269
12767,34584320,93165632,-1,-1
12768,-1,-1,1733415064730619648,35052354
12769,39981056,45156367,-1,-1
12770,-1,-1,1733415064799329536,118709670
12771,31089664,106857027,-1,-1
12772,-1,-1,1733415064831564800,232235095
12773,34764288,233938417,-1,-1
12774,-1,-1,1733415064825213440,143648511
12775,39636480,152553559,-1,-1
12776,-1,-1,1733415064844875008,119661415
12777,40779264,120806657,-1,-1
12778,-1,-1,1733415064869559040,124683982
12779,43731712,121674561,-1,-1
12780,-1,-1,1733415064890234368,120675209
12781,38506240,125318656,-1,-1
12782,-1,-1,1733415064941766400,51531846
12783,33745920,38115735,-1,-1
12784,-1,-1,1733415064956853504,115806614
12785,37400064,114909653,-1,-1
12786,-1,-1,1733415064940540672,132966082
12787,22056704,136651477,-1,-1
12788,-1,-1,1733415064949848064,59307647
12789,31952896,68705396,-1,-1
12790,-1,-1,1733415064990899456,91050820
12791,33628416,79232584,-1,-1
12792,-1,-1,1733415065005322496,64422718
12793,32837888,62322365,-1,-1
12794,-1,-1,1733415064981520128,76197612
12795,30887680,89799177,-1,-1
12796,-1,-1,1733415065030969600,49449338
12797,32528128,37524893,-1,-1
12798,-1,-1,1733415065039470080,108500379
12799,35180800,106884713,-1,-1
12800,-1,-1,1733415065058658304,169188131
12801,33716736,171656123,-1,-1
12802,-1,-1,1733415065042493696,33834965
12803,33795072,38841815,-1,-1
12804,-1,-1,1733415065109122560,166628852
12805,33944576,159636114,-1,-1
12806,-1,-1,1733415065080874496,21751707
12807,13495040,21725897,-1,-1
12808,-1,-1,1733415065124621824,143747215
12809,30833920,143795609,-1,-1
12810,-1,-1,1733415065120247808,195625770
12811,24619008,199537935,-1,-1
12812,-1,-1,1733415065137038080,66790313
12813,36753408,69755813,-1,-1
12814,-1,-1,1733415065141598720,104560475
12815,34247168,110735978,-1,-1
12816,-1,-1,1733415065190584064,48985009
12817,33233920,38225994,-1,-1
12818,-1,-1,1733415065202342656,111758270
12819,31868672,110391711,-1,-1
12820,-1,-1,1733415065176833792,24490908
12821,15925504,23933763,-1,-1
12822,-1,-1,1733415065208215552,181381800
12823,40791808,193617593,-1,-1
12824,-1,-1,1733415065286411264,128195523
12825,45197056,128642456,-1,-1
12826,-1,-1,1733415065256125440,119714072
12827,39776768,119599737,-1,-1
12828,-1,-1,1733415065336813312,130687470
12829,34269696,118602203,-1,-1
12830,-1,-1,1733415065326633472,39820254
12831,36188672,41278611,-1,-1
12832,-1,-1,1733415065304293632,127659903
12833,20840960,129301320,-1,-1
12834,-1,-1,1733415065352128000,97834241
12835,32997376,95890492,-1,-1
12836,-1,-1,1733415065368821760,116693624
12837,39241728,115591177,-1,-1
12838,-1,-1,1733415065385506048,116684126
12839,32885760,115659528,-1,-1
12840,-1,-1,1733415065387196416,151690177
12841,16915968,153563386,-1,-1
12842,-1,-1,1733415065425184256,37987765
12843,32063744,37126963,-1,-1
12844,-1,-1,1733415065404744960,129560577
12845,41278976,141506227,-1,-1
12846,-1,-1,1733415065424268800,119523764
12847,41999104,116791690,-1,-1
12848,-1,-1,1733415065478940928,154671941
12849,39190528,145463043,-1,-1
12850,-1,-1,1733415065461513728,132572700
12851,17870080,135676167,-1,-1
12852,-1,-1,1733415065506019328,144505373
12853,15821568,141588698,-1,-1
12854,-1,-1,1733415065519739392,113719785
12855,29786880,115683614,-1,-1
12856,-1,-1,1733415065573318656,153579144
12857,36091136,153722352,-1,-1
12858,-1,-1,1733415065622157568,148838656
12859,16345088,146466067,-1,-1
12860,-1,-1,1733415065636910592,114752965
12861,28768768,117834248,-1,-1
12862,-1,-1,1733415065686586880,99676099
12863,34141440,96957956,-1,-1
12864,-1,-1,1733415065661410560,24823505
12865,19151360,24874900,-1,-1
12866,-1,-1,1733415065695556096,134145384
12867,16778752,133523033,-1,-1
12868,-1,-1,1733415065733503744,37947587
12869,31888640,36842079,-1,-1
12870,-1,-1,1733415065776033280,142529275
12871,45722624,155623410,-1,-1
12872,-1,-1,1733415065798394880,172361504
12873,31971584,161691340,-1,-1
12874,-1,-1,1733415065774296576,25901552
12875,15980544,25165622,-1,-1
12876,-1,-1,1733415065851400448,127103890
12877,38921984,132553792,-1,-1
12878,-1,-1,1733415065843516416,142115763
12879,22861824,136566481,-1,-1
12880,-1,-1,1733415065891567616,98051019
12881,30990592,97859949,-1,-1
12882,-1,-1,1733415065896474880,54907051
12883,31145216,54030192,-1,-1
12884,-1,-1,1733415065889219584,42744735
12885,36418048,43831079,-1,-1
12886,-1,-1,1733415065954010112,114790230
12887,46102528,126713265,-1,-1
12888,-1,-1,1733415065985492480,181482305
12889,35182080,170736468,-1,-1
12890,-1,-1,1733415065960492032,24999348
12891,21645824,26806980,-1,-1
12892,-1,-1,1733415065985315840,74823733
12893,37344512,71686120,-1,-1
12894,-1,-1,1733415066001079296,115763183
12895,46076928,128036984,-1,-1
12896,-1,-1,1733415066077123584,126044042
12897,34444032,115050852,-1,-1
12898,-1,-1,1733415066108833792,131709972
12899,32636416,132204219,-1,-1
12900,-1,-1,1733415066096078336,137244619
12901,43989760,135442004,-1,-1
12902,-1,-1,1733415066162059776,115980894
12903,33990400,117935271,-1,-1
12904,-1,-1,1733415066167429120,55369355
12905,37590272,54472951,-1,-1
12906,-1,-1,1733415066192449536,175020169
12907,34486272,176653730,-1,-1
12908,-1,-1,1733415066212063744,119613919
12909,32913664,117054393,-1,-1
12910,-1,-1,1733415066248844800,36780956
12911,33369088,38471821,-1,-1
12912,-1,-1,1733415066226874880,128029942
12913,41725696,138101785,-1,-1
12914,-1,-1,1733415066304065792,127190942
12915,30832128,114718587,-1,-1
12916,-1,-1,1733415066336245504,132179388
12917,41881856,143841731,-1,-1
12918,-1,-1,1733415066351890944,165645459
12919,31843328,154521288,-1,-1
12920,-1,-1,1733415066326825984,24934921
12921,13206784,25001723,-1,-1
12922,-1,-1,1733415066378669312,151843269
12923,34676992,153485933,-1,-1
12924,-1,-1,1733415066353556480,24886881
12925,31893248,35074888,-1,-1
12926,-1,-1,1733415066423109888,119553313
12927,31537920,108505177,-1,-1
12928,-1,-1,1733415066444037376,170927164
12929,30955776,169923010,-1,-1
12930,-1,-1,1733415066418976256,24938951
12931,21920000,27966271,-1,-1
12932,-1,-1,1733415066466605568,97628970
12933,33222400,95044177,-1,-1
12934,-1,-1,1733415066437886464,21280895
12935,18139648,23794289,-1,-1
12936,-1,-1,1733415066504609024,116722166
12937,30879232,112483861,-1,-1
12938,-1,-1,1733415066475226112,20617231
12939,20074496,25072915,-1,-1
12940,-1,-1,1733415066525207808,99981392
12941,30901760,96697063,-1,-1
12942,-1,-1,1733415066495709952,20503191
12943,18986496,23959064,-1,-1
12944,-1,-1,1733415066544519424,98808010
12945,33204480,95979310,-1,-1
12946,-1,-1,1733415066515352832,20833586
12947,18926080,23716056,-1,-1
12948,-1,-1,1733415066565673728,100320430
12949,34329600,97150881,-1,-1
12950,-1,-1,1733415066534197760,18523734
12951,15057664,19599228,-1,-1
12952,-1,-1,1733415066590542592,106344661
12953,33915648,104724378,-1,-1
12954,-1,-1,1733415066560941824,20399173
12955,16075520,21057465,-1,-1
12956,-1,-1,1733415066609838336,98896246
12957,30853120,98635593,-1,-1
12958,-1,-1,1733415066579655424,19817043
12959,17961728,22991875,-1,-1
12960,-1,-1,1733415066635420160,105764381
12961,31503616,103415936,-1,-1
12962,-1,-1,1733415066646521344,61101139
12963,34909440,60402048,-1,-1
12964,-1,-1,1733415066632273152,35751735
12965,33954304,38802154,-1,-1
12966,-1,-1,1733415066692882944,110609519
12967,30762496,106543057,-1,-1
12968,-1,-1,1733415066701763072,108880096
12969,30986752,109883053,-1,-1
12970,-1,-1,1733415066697535744,45772288
12971,40599808,45738453,-1,-1
12972,-1,-1,1733415066751251712,103715807
12973,30783744,103769295,-1,-1
12974,-1,-1,1733415066736012288,134760301
12975,42645248,146690598,-1,-1
12976,-1,-1,1733415066769685504,133673270
12977,43738368,121680497,-1,-1
12978,-1,-1,1733415066775449088,105763327
12979,39582464,117853181,-1,-1
12980,-1,-1,1733415066809424384,133975036
12981,43793408,121529097,-1,-1
12982,-1,-1,1733415066865749248,106325018
12983,32864512,108819435,-1,-1
12984,-1,-1,1733415066893512192,177762523
12985,32926464,174689006,-1,-1
12986,-1,-1,1733415066865527552,22015278
12987,17995008,26071247,-1,-1
12988,-1,-1,1733415066917087488,101559690
12989,31329536,97570725,-1,-1
12990,-1,-1,1733415066893131520,26044217
12991,16884480,26897797,-1,-1
12992,-1,-1,1733415066911641344,168509118
12993,43894016,180681562,-1,-1
12994,-1,-1,1733415066935815680,124174051
12995,43847168,120734184,-1,-1
12996,-1,-1,1733415067008127232,122311617
12997,44785408,125645550,-1,-1
12998,-1,-1,1733415067020224256,212096949
12999,34025728,200635820,-1,-1
13000,-1,-1,1733415067010357248,40132654
13001,30304512,39686519,-1,-1
13002,-1,-1,1733415067048159232,87802171
13003,32607744,89513424,-1,-1
13004,-1,-1,1733415067032456192,34296499
13005,37243648,44198821,-1,-1
13006,-1,-1,1733415067106079232,123622899
13007,33423104,114224245,-1,-1
13008,-1,-1,1733415067131520768,125441615
13009,44774400,135111724,-1,-1
13010,-1,-1,1733415067143172352,161651049
13011,35353600,149677427,-1,-1
13012,-1,-1,1733415067116223232,23051063
13013,15973632,23979071,-1,-1
13014,-1,-1,1733415067162790400,146566737
13015,31683328,146485403,-1,-1
13016,-1,-1,1733415067154709248,41918684
13017,36785152,40974087,-1,-1
13018,-1,-1,1733415067215750912,111041527
13019,44626688,122860918,-1,-1
13020,-1,-1,1733415067233292288,217541208
13021,33118464,205716830,-1,-1
13022,-1,-1,1733415067268886016,35593811
13023,42023680,46878638,-1,-1
13024,-1,-1,1733415067298339584,129453402
13025,44794112,130420501,-1,-1
13026,-1,-1,1733415067305824256,157484176
13027,32985088,144699305,-1,-1
13028,-1,-1,1733415067292822784,36998497
13029,35785216,40723145,-1,-1
13030,-1,-1,1733415067357724672,114901478
13031,34242304,113147431,-1,-1
13032,-1,-1,1733415067328721408,20996703
13033,16486400,21118424,-1,-1
13034,-1,-1,1733415067381912832,103191244
13035,32434176,100315141,-1,-1
13036,-1,-1,1733415067350482432,18569622
13037,17064448,22972222,-1,-1
13038,-1,-1,1733415067402248704,151766029
13039,33861888,148583684,-1,-1
13040,-1,-1,1733415067382018560,29769788
13041,35179776,41894175,-1,-1
13042,-1,-1,1733415067418628608,136609673
13043,41673984,124530227,-1,-1
13044,-1,-1,1733415067488989184,120360573
13045,45203456,132841958,-1,-1
13046,-1,-1,1733415067484864768,95875460
13047,30824960,83698393,-1,-1
13048,-1,-1,1733415067521182720,36317766
13049,45957632,51023340,-1,-1
13050,-1,-1,1733415067509673984,138491022
13051,40617728,123487597,-1,-1
13052,-1,-1,1733415067524214016,114539701
13053,44680448,117685390,-1,-1
13054,-1,-1,1733415067542915584,118701644
13055,44794880,121653655,-1,-1
13056,-1,-1,1733415067585528576,92612761
13057,32336896,86717953,-1,-1
13058,-1,-1,1733415067621864960,36336383
13059,33006336,38250105,-1,-1
13060,-1,-1,1733415067610247680,138382280
13061,43876608,136468187,-1,-1
13062,-1,-1,1733415067617963008,107715271
13063,39838976,119745004,-1,-1
13064,-1,-1,1733415067662119680,94156765
13065,33520384,82398101,-1,-1
13066,-1,-1,1733415067670481664,58361547
13067,19340032,58096198,-1,-1
13068,-1,-1,1733415067675480320,54998625
13069,18576128,54980710,-1,-1
13070,-1,-1,1733415067712462592,36982089
13071,30964992,35975887,-1,-1
13072,-1,-1,1733415067709023488,146560810
13073,41494272,150509865,-1,-1
13074,-1,-1,1733415067727694336,118670519
13075,41797376,118712375,-1,-1
13076,-1,-1,1733415067754372864,126678452
13077,46243328,125633509,-1,-1
13078,-1,-1,1733415067762563584,108190671
13079,41886464,117700583,-1,-1
13080,-1,-1,1733415067797660416,135096681
13081,44656896,123523861,-1,-1
13082,-1,-1,1733415067821611264,123950607
13083,36542976,132838563,-1,-1
13084,-1,-1,1733415067891852544,120241297
13085,33253888,112815446,-1,-1
13086,-1,-1,1733415067881285888,189432982
13087,26919424,190358820,-1,-1
13088,-1,-1,1733415067909328640,78042500
13089,43824896,75749767,-1,-1
13090,-1,-1,1733415067928038144,118709707
13091,43789312,119609112,-1,-1
13092,-1,-1,1733415067976591104,148552426
13093,33312768,147622324,-1,-1
13094,-1,-1,1733415067949523968,22933142
13095,17334272,24000989,-1,-1
13096,-1,-1,1733415067971573504,122049365
13097,28601600,124736878,-1,-1
13098,-1,-1,1733415068021539840,99965911
13099,36946432,95818605,-1,-1
13100,-1,-1,1733415067992009216,20469357
13101,18919936,23938704,-1,-1
13102,-1,-1,1733415068042969856,100960294
13103,30998272,97818212,-1,-1
13104,-1,-1,1733415068022703616,29734098
13105,24892928,29900787,-1,-1
13106,-1,-1,1733415068077926912,105222625
13107,31084544,102818918,-1,-1
13108,-1,-1,1733415068050443520,22516646
13109,21902592,27804280,-1,-1
13110,-1,-1,1733415068100342528,99898619
13111,30966272,96814722,-1,-1
13112,-1,-1,1733415068073009408,22667014
13113,20183552,26115210,-1,-1
13114,-1,-1,1733415068139849728,116839434
13115,30875648,113533388,-1,-1
13116,-1,-1,1733415068155737600,115887744
13117,31810560,115693139,-1,-1
13118,-1,-1,1733415068129566720,23829235
13119,15746816,24130265,-1,-1
13120,-1,-1,1733415068176352768,146785681
13121,30970624,146578787,-1,-1
13122,-1,-1,1733415068164219136,37866435
13123,31907328,37884955,-1,-1
13124,-1,-1,1733415068221181696,106962260
13125,45881856,118902369,-1,-1
13126,-1,-1,1733415068241820416,170638727
13127,30759936,158444267,-1,-1
13128,-1,-1,1733415068217464320,25588703
13129,16467712,25901106,-1,-1
13130,-1,-1,1733415068270111744,152647064
13131,34214656,154193396,-1,-1
13132,-1,-1,1733415068261939200,41827144
13133,36806144,40332798,-1,-1
13134,-1,-1,1733415068308055552,146116199
13135,33125120,145933660,-1,-1
13136,-1,-1,1733415068281580800,23525236
13137,18959360,23720926,-1,-1
13138,-1,-1,1733415068329657344,98076304
13139,30905600,97844357,-1,-1
13140,-1,-1,1733415068305225472,25568132
13141,23865856,28792891,-1,-1
13142,-1,-1,1733415068357435136,102209331
13143,33046272,97930942,-1,-1
13144,-1,-1,1733415068329043968,21608847
13145,20870144,25824604,-1,-1
13146,-1,-1,1733415068377495040,148450889
13147,33120512,144944731,-1,-1
13148,-1,-1,1733415068367478016,89982837
13149,25917952,93612034,-1,-1
13150,-1,-1,1733415068415232768,97754376
13151,32070400,95756623,-1,-1
13152,-1,-1,1733415068393009920,27777154
13153,20803840,26749144,-1,-1
13154,-1,-1,1733415068438341888,95331940
13155,34307328,96258878,-1,-1
13156,-1,-1,1733415068418267136,29924902
13157,25417728,31749098,-1,-1
13158,-1,-1,1733415068465572096,97304987
13159,31833088,94383276,-1,-1
13160,-1,-1,1733415068441441792,25869438
13161,17688832,25962816,-1,-1
13162,-1,-1,1733415068481303040,139861216
13163,32641280,139702614,-1,-1
13164,-1,-1,1733415068501279232,69975944
13165,32249856,70248680,-1,-1
13166,-1,-1,1733415068502745856,51466400
13167,33412608,52056654,-1,-1
13168,-1,-1,1733415068492676352,39930522
13169,33472512,39418476,-1,-1
13170,-1,-1,1733415068515398400,122721984
13171,41756416,122539667,-1,-1
13172,-1,-1,1733415068561322752,95924088
13173,34111232,96103374,-1,-1
13174,-1,-1,1733415068578838528,67515587
13175,33982976,69114692,-1,-1
13176,-1,-1,1733415068575885056,47046278
13177,32621568,44373517,-1,-1
13178,-1,-1,1733415068611529984,135644714
13179,30859264,136615724,-1,-1
13180,-1,-1,1733415068640658944,129128910
13181,31144960,129035403,-1,-1
13182,-1,-1,1733415068654830080,164171124
13183,44742656,164143988,-1,-1
13184,-1,-1,1733415068673469184,118638664
13185,43772160,118640567,-1,-1
13186,-1,-1,1733415068697078016,123608754
13187,45651712,123608009,-1,-1
13188,-1,-1,1733415068710793984,113715836
13189,34667776,116780793,-1,-1
13190,-1,-1,1733415068749613312,38819205
13191,33677312,38722879,-1,-1
13192,-1,-1,1733415068764424704,114811049
13193,32987136,111936711,-1,-1
13194,-1,-1,1733415068779331328,64906327
13195,33885952,66772629,-1,-1
13196,-1,-1,1733415068764996864,35665508
13197,28764928,33750939,-1,-1
13198,-1,-1,1733415068822806016,107808972
13199,44928000,119930333,-1,-1
13200,-1,-1,1733415068853528320,130722204
13201,32761600,120580287,-1,-1
13202,-1,-1,1733415068876089344,172560989
13203,32872448,171472536,-1,-1
13204,-1,-1,1733415068848522752,22433162
13205,18775296,24018489,-1,-1
13206,-1,-1,1733415068900554752,102031956
13207,38970880,103831911,-1,-1
13208,-1,-1,1733415068878813696,28258418
13209,21023232,26812961,-1,-1
13210,-1,-1,1733415068923296256,144482555
13211,14888448,141527028,-1,-1
13212,-1,-1,1733415068961320448,38024025
13213,32906496,37961848,-1,-1
13214,-1,-1,1733415068974459648,113138997
13215,35040256,113871749,-1,-1
13216,-1,-1,1733415068964498688,40039010
13217,37857024,42587947,-1,-1
13218,-1,-1,1733415068992103936,127605096
13219,39835648,127619232,-1,-1
13220,-1,-1,1733415069069575936,127471870
13221,50505728,137276134,-1,-1
13222,-1,-1,1733415069057495808,87919696
13223,14553600,75015145,-1,-1
13224,-1,-1,1733415069093298176,35802196
13225,30807040,35903512,-1,-1
13226,-1,-1,1733415069100100608,156802112
13227,40397312,156578398,-1,-1
13228,-1,-1,1733415069168935424,118834669
13229,38591744,126846459,-1,-1
13230,-1,-1,1733415069169677824,50742044
13231,31298048,43186411,-1,-1
13232,-1,-1,1733415069171130368,151452064
13233,32139776,154229749,-1,-1
13234,-1,-1,1733415069195952896,74822624
13235,38713856,71685478,-1,-1
13236,-1,-1,1733415069233706240,87753057
13237,34446336,89477618,-1,-1
13238,-1,-1,1733415069268818176,35111779
13239,32891136,36331787,-1,-1
13240,-1,-1,1733415069249228032,130409675
13241,46798592,132574453,-1,-1
13242,-1,-1,1733415069323568640,124340107
13243,32875008,120662394,-1,-1
13244,-1,-1,1733415069323803904,50235260
13245,31608064,48984482,-1,-1
13246,-1,-1,1733415069359464960,135660816
13247,31115776,135728418,-1,-1
13248,-1,-1,1733415069333630720,24165600
13249,21002240,26774798,-1,-1
13250,-1,-1,1733415069387754752,104123986
13251,33419520,101650825,-1,-1
13252,-1,-1,1733415069361171968,23417178
13253,18088960,23037212,-1,-1
13254,-1,-1,1733415069409634304,148461974
13255,20537088,148729634,-1,-1
13256,-1,-1,1733415069422429696,112795305
13257,28793600,115486143,-1,-1
13258,-1,-1,1733415069479398656,106968932
13259,33074176,101902732,-1,-1
13260,-1,-1,1733415069453165312,23766253
13261,23559168,28860450,-1,-1
13262,-1,-1,1733415069470729216,67563884
13263,35656960,67602655,-1,-1
13264,-1,-1,1733415069535722752,114993295
13265,31229696,112185237,-1,-1
13266,-1,-1,1733415069570393344,134670333
13267,31989248,134389358,-1,-1
13268,-1,-1,1733415069594623744,174230432
13269,42772736,174411152,-1,-1
13270,-1,-1,1733415069605489664,60865655
13271,27743488,60736601,-1,-1
13272,-1,-1,1733415069663471360,107981693
13273,34813440,106787365,-1,-1
13274,-1,-1,1733415069635233792,21762222
13275,17819392,22933100,-1,-1
13276,-1,-1,1733415069689249792,104015988
13277,32410368,103787358,-1,-1
13278,-1,-1,1733415069658892288,19642158
13279,17884160,22858947,-1,-1
13280,-1,-1,1733415069711446016,102553725
13281,32121600,98973560,-1,-1
13282,-1,-1,1733415069686515456,25069041
13283,22909440,28662896,-1,-1
13284,-1,-1,1733415069741902336,155386648
13285,31224832,153006213,-1,-1
13286,-1,-1,1733415069740846080,48943838
13287,43791360,48547915,-1,-1
13288,-1,-1,1733415069801414400,110567991
13289,31185664,110848354,-1,-1
13290,-1,-1,1733415069810098688,158684389
13291,43065856,158240672,-1,-1
13292,-1,-1,1733415069839823104,79723923
13293,33001728,80227425,-1,-1
13294,-1,-1,1733415069862749952,72927237
13295,30854400,72309920,-1,-1
13296,-1,-1,1733415069856484096,93733785
13297,34532608,93800760,-1,-1
13298,-1,-1,1733415069879095552,122611254
13299,43644928,122622319,-1,-1
13300,-1,-1,1733415069919340800,90244765
13301,32606720,89786434,-1,-1
13302,-1,-1,1733415069915814656,46473933
13303,41800704,47052090,-1,-1
13304,-1,-1,1733415069988870656,123055714
13305,44655360,125631959,-1,-1
13306,-1,-1,1733415069969164032,130293329
13307,45622016,127521620,-1,-1
13308,-1,-1,1733415070002834688,133670650
13309,44754688,133748534,-1,-1
13310,-1,-1,1733415070027467776,124632677
13311,44705792,124827585,-1,-1
13312,-1,-1,1733415070053217536,125749611
13313,40668160,127450436,-1,-1
13314,-1,-1,1733415070109754368,156536894
13315,40351488,154682359,-1,-1
13316,-1,-1,1733415070102447360,92692800
13317,44655616,92670944,-1,-1
13318,-1,-1,1733415070125095936,122648410
13319,42911744,122875727,-1,-1
13320,-1,-1,1733415070148784384,123688352
13321,42351104,123332604,-1,-1
13322,-1,-1,1733415070188584704,89799955
13323,34092800,90233573,-1,-1
13324,-1,-1,1733415070177506048,38921255
13325,33768192,38533857,-1,-1
13326,-1,-1,1733415070223053568,95547337
13327,32845568,95086277,-1,-1
13328,-1,-1,1733415070219016448,45962906
13329,41584896,46412052,-1,-1
13330,-1,-1,1733415070244683264,125666477
13331,44649984,125783780,-1,-1
13332,-1,-1,1733415070280383744,85700267
13333,33030656,86006943,-1,-1
13334,-1,-1,1733415070273308672,42924864
13335,37645824,42617172,-1,-1
13336,-1,-1,1733415070296998144,123689331
13337,43778304,123595389,-1,-1
13338,-1,-1,1733415070337146880,90148492
13339,34944256,89926246,-1,-1
13340,-1,-1,1733415070321571840,34425010
13341,29796352,34712380,-1,-1
13342,-1,-1,1733415070359186688,87614486
13343,31826432,89226172,-1,-1
13344,-1,-1,1733415070349195776,40009213
13345,34813440,38418117,-1,-1
13346,-1,-1,1733415070414079744,114883577
13347,44732416,126739369,-1,-1
13348,-1,-1,1733415070443989504,129909474
13349,45001984,129841177,-1,-1
13350,-1,-1,1733415070471604992,177615458
13351,32961024,167308895,-1,-1
13352,-1,-1,1733415070448909824,27304773
13353,24083712,28995623,-1,-1
13354,-1,-1,1733415070501624064,102714112
13355,31956224,99626177,-1,-1
13356,-1,-1,1733415070476332032,24707571
13357,21056768,26979293,-1,-1
13358,-1,-1,1733415070532293888,105961740
13359,31120128,103797336,-1,-1
13360,-1,-1,1733415070512640512,30346382
13361,27905280,32839018,-1,-1
13362,-1,-1,1733415070564038400,101398130
13363,31994624,98785272,-1,-1
13364,-1,-1,1733415070541914624,27875527
13365,25959424,30852037,-1,-1
13366,-1,-1,1733415070597655040,105740517
13367,32950272,102724910,-1,-1
13368,-1,-1,1733415070567473920,19818373
13369,16703232,22843395,-1,-1
13370,-1,-1,1733415070619360256,101886549
13371,32105984,99944921,-1,-1
13372,-1,-1,1733415070598110464,28749422
13373,23863296,28638625,-1,-1
13374,-1,-1,1733415070642828800,94718466
13375,32423168,94313482,-1,-1
13376,-1,-1,1733415070616034816,23205742
13377,18409728,22849175,-1,-1
13378,-1,-1,1733415070682797312,116762336
13379,33200128,118537987,-1,-1
13380,-1,-1,1733415070655339264,22541956
13381,18960128,24633111,-1,-1
13382,-1,-1,1733415070712781824,107442449
13383,34349312,103670621,-1,-1
13384,-1,-1,1733415070686119936,23337785
13385,16100352,22959640,-1,-1
13386,-1,-1,1733415070735809280,99689369
13387,33970176,99745264,-1,-1
13388,-1,-1,1733415070706659072,20849390
13389,18888960,23999666,-1,-1
13390,-1,-1,1733415070762568448,105909291
13391,32864512,103652947,-1,-1
13392,-1,-1,1733415070737600768,25032036
13393,22084352,27096495,-1,-1
13394,-1,-1,1733415070793121280,105520412
13395,38588160,104757519,-1,-1
13396,-1,-1,1733415070767062272,23940757
13397,19900416,24673543,-1,-1
13398,-1,-1,1733415070821280512,104218264
13399,32518400,101866979,-1,-1
13400,-1,-1,1733415070796685312,25404515
13401,22976768,28835706,-1,-1
13402,-1,-1,1733415070851660544,104975107
13403,31975680,100744622,-1,-1
13404,-1,-1,1733415070823836928,22175994
13405,17952000,22848478,-1,-1
13406,-1,-1,1733415070899218432,125381353
13407,33372416,122675539,-1,-1
13408,-1,-1,1733415070889472512,40254060
13409,38088448,43351428,-1,-1
13410,-1,-1,1733415070952335872,162863320
13411,34707712,162859877,-1,-1
13412,-1,-1,1733415070951993600,99657320
13413,33664768,98842730,-1,-1
13414,-1,-1,1733415071004821504,102827663
13415,31852544,102797154,-1,-1
13416,-1,-1,1733415070976573440,21751939
13417,19012096,24038030,-1,-1
13418,-1,-1,1733415071018305280,141731711
13419,16770816,139432352,-1,-1
13420,-1,-1,1733415071054289152,35983772
13421,30792448,35958227,-1,-1
13422,-1,-1,1733415071066872576,112583457
13423,34180864,113531620,-1,-1
13424,-1,-1,1733415071046253056,29379619
13425,34927104,40104424,-1,-1
13426,-1,-1,1733415071069601536,123348367
13427,44851968,123573301,-1,-1
13428,-1,-1,1733415071103172352,133570658
13429,45189120,126215572,-1,-1
13430,-1,-1,1733415071150801152,97628734
13431,32770816,93131270,-1,-1
13432,-1,-1,1733415071146703872,45902423
13433,40344576,45879838,-1,-1
13434,-1,-1,1733415071172265216,125561281
13435,39875584,125649934,-1,-1
13436,-1,-1,1733415071198026496,125761172
13437,44792832,125671010,-1,-1
13438,-1,-1,1733415071256831232,108804569
13439,46710784,122576537,-1,-1
13440,-1,-1,1733415071271232768,164401376
13441,33845760,151583054,-1,-1
13442,-1,-1,1733415071243135744,21902765
13443,18892032,23926325,-1,-1
13444,-1,-1,1733415071307765248,114629207
13445,30919168,111765434,-1,-1
13446,-1,-1,1733415071282008576,24243585
13447,21928448,26886463,-1,-1
13448,-1,-1,1733415071333883392,101874231
13449,30842112,98660212,-1,-1
13450,-1,-1,1733415071321294848,37411336
13451,35914752,40976275,-1,-1
13452,-1,-1,1733415071382285824,110990546
13453,31957248,103767761,-1,-1
13454,-1,-1,1733415071353283328,20997497
13455,22887680,27937131,-1,-1
13456,-1,-1,1733415071405817856,102534216
13457,31896064,99748776,-1,-1
13458,-1,-1,1733415071374678272,18860561
13459,17013760,22117610,-1,-1
13460,-1,-1,1733415071430443008,105764516
13461,31565824,101303079,-1,-1
13462,-1,-1,1733415071403719424,23276270
13463,21960192,27398894,-1,-1
13464,-1,-1,1733415071461808384,108088652
13465,33576448,105856266,-1,-1
13466,-1,-1,1733415071435587328,23778982
13467,19918336,25862582,-1,-1
13468,-1,-1,1733415071496271872,160684404
13469,33406464,158226361,-1,-1
13470,-1,-1,1733415071479159552,32887264
13471,39972864,44441049,-1,-1
13472,-1,-1,1733415071553746688,124586898
13473,44872960,124776562,-1,-1
13474,-1,-1,1733415071573522432,219775669
13475,34627328,209287020,-1,-1
13476,-1,-1,1733415071611334400,37811778
13477,44890880,48175554,-1,-1
13478,-1,-1,1733415071612798976,201464633
13479,22099200,192748084,-1,-1
13480,-1,-1,1733415071673450240,160650930
13481,33405440,158053602,-1,-1
13482,-1,-1,1733415071667384576,43933975
13483,37762048,43246605,-1,-1
13484,-1,-1,1733415071713335552,95950933
13485,33168896,98224212,-1,-1
13486,-1,-1,1733415071691054592,27718727
13487,33902848,37665574,-1,-1
13488,-1,-1,1733415071717011968,125957102
13489,41977088,125772515,-1,-1
13490,-1,-1,1733415071757596416,140584636
13491,39759104,128573731,-1,-1
13492,-1,-1,1733415071794396160,86799470
13493,33000192,87025361,-1,-1
13494,-1,-1,1733415071818355712,73959195
13495,34075904,73897675,-1,-1
13496,-1,-1,1733415071800484608,32128855
13497,27783936,34995504,-1,-1
13498,-1,-1,1733415071853777664,103292779
13499,33481728,99670407,-1,-1
13500,-1,-1,1733415071839164672,35386939
13501,33982720,38892869,-1,-1
13502,-1,-1,1733415071896235520,107070537
13503,31406336,104258804,-1,-1
13504,-1,-1,1733415071874073088,27837512
13505,22900480,27509725,-1,-1
13506,-1,-1,1733415071919958784,95885469
13507,30916096,95759760,-1,-1
13508,-1,-1,1733415071893170176,23211478
13509,21237760,26197335,-1,-1
13510,-1,-1,1733415071981355520,138184954
13511,35910400,138554438,-1,-1
13512,-1,-1,1733415071960909824,129554438
13513,35868160,129703114,-1,-1
13514,-1,-1,1733415072010419712,99509569
13515,30980352,95854029,-1,-1
13516,-1,-1,1733415071988681728,28261968
13517,24856320,30873315,-1,-1
13518,-1,-1,1733415072036767488,98085507
13519,31165952,96053342,-1,-1
13520,-1,-1,1733415072010717696,23950296
13521,24975104,29686684,-1,-1
13522,-1,-1,1733415072031398656,70680482
13523,43434496,76979277,-1,-1
13524,-1,-1,1733415072105676800,124278114
13525,46006784,126822623,-1,-1
13526,-1,-1,1733415072098708736,143031736
13527,45801728,130523840,-1,-1
13528,-1,-1,1733415072157216512,108507778
13529,33012736,107888139,-1,-1
13530,-1,-1,1733415072161126400,153909504
13531,22032640,152612195,-1,-1
13532,-1,-1,1733415072198003456,36876835
13533,34428416,39402200,-1,-1
13534,-1,-1,1733415072207496192,109492597
13535,32037120,105316200,-1,-1
13536,-1,-1,1733415072179035392,21539326
13537,21125376,25966487,-1,-1
13538,-1,-1,1733415072231493888,152458185
13539,30991104,149532398,-1,-1
13540,-1,-1,1733415072219397376,37903183
13541,35937792,40907715,-1,-1
13542,-1,-1,1733415072284339712,114942580
13543,30804992,112369776,-1,-1
13544,-1,-1,1733415072268895744,134555669
13545,43897856,146104062,-1,-1
13546,-1,-1,1733415072301596160,132700058
13547,40794112,120627091,-1,-1
13548,-1,-1,1733415072369391104,117795125
13549,32798976,120742610,-1,-1
13550,-1,-1,1733415072358255872,38864386
13551,30851328,35936243,-1,-1
13552,-1,-1,1733415072387936256,179680466
13553,32245760,180507138,-1,-1
13554,-1,-1,1733415072382541312,144604555
13555,44317696,155887267,-1,-1
13556,-1,-1,1733415072443634944,161093460
13557,37652224,148903173,-1,-1
13558,-1,-1,1733415072483105792,139470698
13559,32827648,140793926,-1,-1
13560,-1,-1,1733415072458190592,25085002
13561,21922816,26584341,-1,-1
13562,-1,-1,1733415072515912448,157721593
13563,32929792,154652994,-1,-1
13564,-1,-1,1733415072495634176,29721308
13565,32555520,41940081,-1,-1
13566,-1,-1,1733415072524151552,128517203
13567,35687936,128781539,-1,-1
13568,-1,-1,1733415072548170240,124018766
13569,41854208,123716763,-1,-1
13570,-1,-1,1733415072622230528,124060364
13571,41751552,122717602,-1,-1
13572,-1,-1,1733415072599548416,127317610
13573,38739200,128773203,-1,-1
13574,-1,-1,1733415072636154368,136605528
13575,44759808,124662315,-1,-1
13576,-1,-1,1733415072703998720,117844413
13577,33584896,120073754,-1,-1
13578,-1,-1,1733415072706599680,52600609
13579,32810496,49558438,-1,-1
13580,-1,-1,1733415072732592128,125992328
13581,32108544,127049944,-1,-1
13582,-1,-1,1733415072751293952,118701656
13583,30859520,118495846,-1,-1
13584,-1,-1,1733415072736335104,35041179
13585,31920896,38092571,-1,-1
13586,-1,-1,1733415072790174720,103839278
13587,34968320,101767569,-1,-1
13588,-1,-1,1733415072767049984,26875234
13589,24819712,28724168,-1,-1
13590,-1,-1,1733415072815235072,98184843
13591,33714688,95817315,-1,-1
13592,-1,-1,1733415072786979584,21744422
13593,17106176,21310037,-1,-1
13594,-1,-1,1733415072850971904,163992090
13595,34390784,162622529,-1,-1
13596,-1,-1,1733415072834618624,33646620
13597,29867008,34670453,-1,-1
13598,-1,-1,1733415072847309824,112691030
13599,34469376,124744495,-1,-1
13600,-1,-1,1733415072896072704,48762707
13601,35052288,40191715,-1,-1
13602,-1,-1,1733415072922077696,126004741
13603,33675008,123867025,-1,-1
13604,-1,-1,1733415072926612992,54535405
13605,32056576,52777345,-1,-1
13606,-1,-1,1733415072965213696,38600667
13607,43765760,48677769,-1,-1
13608,-1,-1,1733415072948411904,133197662
13609,45797376,123796961,-1,-1
13610,-1,-1,1733415072956428288,108016346
13611,43672832,119847305,-1,-1
13612,-1,-1,1733415072972996864,116568248
13613,40944640,116815462,-1,-1
13614,-1,-1,1733415073021762560,48765676
13615,33357056,38263737,-1,-1
13616,-1,-1,1733415073037498368,115735558
13617,40096000,113292232,-1,-1
13618,-1,-1,1733415073023938304,136439837
13619,26915584,139780728,-1,-1
13620,-1,-1,1733415073034390784,60452115
13621,37897216,69842822,-1,-1
13622,-1,-1,1733415073118974720,134584203
13623,45905920,134621408,-1,-1
13624,-1,-1,1733415073148900864,179925403
13625,33885184,168610927,-1,-1
13626,-1,-1,1733415073126707456,27806591
13627,17787904,26918778,-1,-1
13628,-1,-1,1733415073178880000,152172331
13629,30779648,151715013,-1,-1
13630,-1,-1,1733415073186943488,158063100
13631,45787392,158655268,-1,-1
13632,-1,-1,1733415073236573184,149629675
13633,35027968,149829425,-1,-1
13634,-1,-1,1733415073208464384,21891069
13635,18004992,24909255,-1,-1
13636,-1,-1,1733415073259531008,101066362
13637,30892288,97835866,-1,-1
13638,-1,-1,1733415073233838080,24307207
13639,21882880,26869694,-1,-1
13640,-1,-1,1733415073284234752,100396547
13641,33944320,98930523,-1,-1
13642,-1,-1,1733415073258851584,24616362
13643,20961024,25895536,-1,-1
13644,-1,-1,1733415073316939520,108087836
13645,32926208,105845812,-1,-1
13646,-1,-1,1733415073291709696,24769911
13647,23062272,28002356,-1,-1
13648,-1,-1,1733415073343524608,101815110
13649,31070208,98886175,-1,-1
13650,-1,-1,1733415073320439296,26914263
13651,25008896,29805152,-1,-1
13652,-1,-1,1733415073374358784,153919465
13653,33452544,150716870,-1,-1
13654,-1,-1,1733415073349246208,24887398
13655,32057856,36955813,-1,-1
13656,-1,-1,1733415073417888768,168642433
13657,40303360,156539077,-1,-1
13658,-1,-1,1733415073405652480,137763404
13659,25728768,140974967,-1,-1
13660,-1,-1,1733415073454394624,98742172
13661,34038784,96709491,-1,-1
13662,-1,-1,1733415073429304832,24909732
13663,21904384,26867871,-1,-1
13664,-1,-1,1733415073468153600,138848644
13665,14982912,135869488,-1,-1
13666,-1,-1,1733415073503958272,35804319
13667,31194112,36070619,-1,-1
13668,-1,-1,1733415073533780992,129822858
13669,32839680,129495317,-1,-1
13670,-1,-1,1733415073529813248,196031879
13671,26772736,198612327,-1,-1
13672,-1,-1,1733415073556124416,76311235
13673,42099456,75762190,-1,-1
13674,-1,-1,1733415073571097600,114972802
13675,39951360,123907733,-1,-1
13676,-1,-1,1733415073619506944,48409394
13677,35916032,40903275,-1,-1
13678,-1,-1,1733415073632798976,113291941
13679,32892160,109734210,-1,-1
13680,-1,-1,1733415073650507776,67708440
13681,35261696,67743307,-1,-1
13682,-1,-1,1733415073619397376,18889708
13683,26023680,31128092,-1,-1
13684,-1,-1,1733415073640747520,121349935
13685,44845568,120767750,-1,-1
13686,-1,-1,1733415073710908672,120160711
13687,31301376,109139272,-1,-1
13688,-1,-1,1733415073774478336,213569917
13689,35948288,216148009,-1,-1
13690,-1,-1,1733415073745294336,120815448
13691,26940416,120741400,-1,-1
13692,-1,-1,1733415073793004544,97710341
13693,35981312,95074862,-1,-1
13694,-1,-1,1733415073768723968,25719226
13695,22979328,27592757,-1,-1
13696,-1,-1,1733415073797583360,128859030
13697,14183168,125511122,-1,-1
13698,-1,-1,1733415073833298944,35715455
13699,32449280,37681666,-1,-1
13700,-1,-1,1733415073845342208,112042991
13701,34303744,112615543,-1,-1
13702,-1,-1,1733415073832337920,36995875
13703,34785280,39372416,-1,-1
13704,-1,-1,1733415073849073920,116735634
13705,36886272,124837599,-1,-1
13706,-1,-1,1733415073900191232,51117389
13707,40036096,45136130,-1,-1
13708,-1,-1,1733415073927740672,127549328
13709,32904960,121490540,-1,-1
13710,-1,-1,1733415073946556672,118815833
13711,38344448,118717940,-1,-1
13712,-1,-1,1733415073956339456,59782702
13713,32665856,59802789,-1,-1
13714,-1,-1,1733415073995135488,138795541
13715,33066496,141037006,-1,-1
13716,-1,-1,1733415073985775616,140639992
13717,44826880,141519038,-1,-1
13718,-1,-1,1733415073995535104,109759355
13719,43874048,118774161,-1,-1
13720,-1,-1,1733415074028210432,132675160
13721,42766848,120643559,-1,-1
13722,-1,-1,1733415074035824384,107614568
13723,43940352,119921724,-1,-1
13724,-1,-1,1733415074065739008,129978311
13725,45648384,129578839,-1,-1
13726,-1,-1,1733415074102407168,136603384
13727,44642304,124622680,-1,-1
13728,-1,-1,1733415074139513600,37106156
13729,32979456,39074607,-1,-1
13730,-1,-1,1733415074115232768,25718811
13731,15867648,23797232,-1,-1
13732,-1,-1,1733415074164736256,199503674
13733,40785920,202643189,-1,-1
13734,-1,-1,1733415074168664576,53928003
13735,18411264,51493052,-1,-1
13736,-1,-1,1733415074221490944,102826299
13737,39998208,102475517,-1,-1
13738,-1,-1,1733415074197129472,25638310
13739,22034176,27778331,-1,-1
13740,-1,-1,1733415074246195200,99065632
13741,32082944,97899069,-1,-1
13742,-1,-1,1733415074221284608,25089048
13743,22094336,26895360,-1,-1
13744,-1,-1,1733415074287060480,115775949
13745,31983360,112651664,-1,-1
13746,-1,-1,1733415074261873664,24812859
13747,23419136,28419723,-1,-1
13748,-1,-1,1733415074309383936,147510003
13749,16227072,143999131,-1,-1
13750,-1,-1,1733415074355432448,146048471
13751,32872448,145864033,-1,-1
13752,-1,-1,1733415074352128000,96695362
13753,29857280,99698197,-1,-1
13754,-1,-1,1733415074414349568,112221497
13755,36069888,108951391,-1,-1
13756,-1,-1,1733415074388884736,24534873
13757,19864832,24804208,-1,-1
13758,-1,-1,1733415074434539520,95654649
13759,31932160,96933534,-1,-1
13760,-1,-1,1733415074409553664,25014198
13761,19413248,24361975,-1,-1
13762,-1,-1,1733415074462191360,102637510
13763,31740928,103200835,-1,-1
13764,-1,-1,1733415074446461184,34269472
13765,30392320,36048139,-1,-1
13766,-1,-1,1733415074496204032,99742839
13767,34767872,100596130,-1,-1
13768,-1,-1,1733415074473807360,27602971
13769,21883904,27002649,-1,-1
13770,-1,-1,1733415074529984000,106176707
13771,31291648,103142082,-1,-1
13772,-1,-1,1733415074506767616,26783385
13773,24953600,29551563,-1,-1
13774,-1,-1,1733415074572539136,115771395
13775,31929856,112831682,-1,-1
13776,-1,-1,1733415074548729088,26189606
13777,22359808,27320449,-1,-1
13778,-1,-1,1733415074598183680,149454541
13779,29955328,148315856,-1,-1
13780,-1,-1,1733415074609860096,61676309
13781,34872320,73694602,-1,-1
13782,-1,-1,1733415074663543040,103682704
13783,37234432,93110355,-1,-1
13784,-1,-1,1733415074694472448,30929280
13785,27856384,32612947,-1,-1
13786,-1,-1,1733415074692997120,198524497
13787,14834688,195599645,-1,-1
13788,-1,-1,1733415074732739328,39742092
13789,33975808,39009892,-1,-1
13790,-1,-1,1733415074759810304,127070804
13791,30906112,124678929,-1,-1
13792,-1,-1,1733415074808667136,148856757
13793,33803008,154982251,-1,-1
13794,-1,-1,1733415074866889216,208222066
13795,33227008,205965553,-1,-1
13796,-1,-1,1733415074902391552,135502310
13797,32878336,133900167,-1,-1
13798,-1,-1,1733415074872579840,20187736
13799,20050176,25047758,-1,-1
13800,-1,-1,1733415074913278720,140698665
13801,14868736,136716987,-1,-1
13802,-1,-1,1733415074952146176,38867431
13803,34256640,39232642,-1,-1
13804,-1,-1,1733415074947147008,95000611
13805,14672128,94310059,-1,-1
13806,-1,-1,1733415074984020224,36873309
13807,31061248,37130923,-1,-1
13808,-1,-1,1733415075009706752,125686117
13809,34337280,129141361,-1,-1
13810,-1,-1,1733415075067651584,207944823
13811,31591168,204875054,-1,-1
13812,-1,-1,1733415075112392192,144740486
13813,32372480,144520834,-1,-1
13814,-1,-1,1733415075090341120,27948534
13815,22050304,27561908,-1,-1
13816,-1,-1,1733415075155869952,115528821
13817,31819520,116131859,-1,-1
13818,-1,-1,1733415075183040000,177169646
13819,20955904,179335866,-1,-1
13820,-1,-1,1733415075193739776,60700049
13821,37773312,70860525,-1,-1
13822,-1,-1,1733415075224336896,130596843
13823,40760064,129904005,-1,-1
13824,-1,-1,1733415075282165248,107828126
13825,32900096,95804872,-1,-1
13826,-1,-1,1733415075266224896,34059484
13827,38278400,46133715,-1,-1
13828,-1,-1,1733415075294742016,128517162
13829,44441344,128588928,-1,-1
13830,-1,-1,1733415075375601664,130859149
13831,31186688,119239640,-1,-1
13832,-1,-1,1733415075377588992,51987337
13833,39180800,52734476,-1,-1
13834,-1,-1,1733415075418723072,141133928
13835,41663232,138566037,-1,-1
13836,-1,-1,1733415075395201024,26477709
13837,20038912,27828413,-1,-1
13838,-1,-1,1733415075413970432,118769373
13839,22074112,117903080,-1,-1
13840,-1,-1,1733415075469955072,155984377
13841,34539264,158076819,-1,-1
13842,-1,-1,1733415075452619520,32664562
13843,38391808,43335472,-1,-1
13844,-1,-1,1733415075521961216,119341306
13845,33976576,108847887,-1,-1
13846,-1,-1,1733415075522175744,50214508
13847,31917824,48669439,-1,-1
13848,-1,-1,1733415075512712192,140536121
13849,27905792,143754181,-1,-1
13850,-1,-1,1733415075556021248,143309039
13851,18736640,141046067,-1,-1
13852,-1,-1,1733415075593552384,37530991
13853,33762560,38451471,-1,-1
13854,-1,-1,1733415075615692032,122139362
13855,33804288,121043984,-1,-1
13856,-1,-1,1733415075653064960,37372678
13857,33747712,39626503,-1,-1
13858,-1,-1,1733415075643447040,190382163
13859,25775872,186942162,-1,-1
13860,-1,-1,1733415075709308672,65861347
13861,29835264,65549787,-1,-1
13862,-1,-1,1733415075705903872,196595148
13863,28938752,200604559,-1,-1
13864,-1,-1,1733415075723070208,67166120
13865,43744512,75686569,-1,-1
13866,-1,-1,1733415075753434624,130364386
13867,42850048,130722227,-1,-1
13868,-1,-1,1733415075801699328,48264430
13869,31276800,36290520,-1,-1
13870,-1,-1,1733415075813454080,61754530
13871,36633856,64753632,-1,-1
13872,-1,-1,1733415075794391552,30937594
13873,37809664,42030377,-1,-1
13874,-1,-1,1733415075853458176,109066118
13875,30890496,93471466,-1,-1
13876,-1,-1,1733415075828229888,24771797
13877,31387648,37852525,-1,-1
13878,-1,-1,1733415075848885760,120655559
13879,44035328,121027691,-1,-1
13880,-1,-1,1733415075873551360,124665490
13881,46734592,127493195,-1,-1
13882,-1,-1,1733415075898051840,124500300
13883,44870912,120842806,-1,-1
13884,-1,-1,1733415075923075328,125023388
13885,40949504,125842178,-1,-1
13886,-1,-1,1733415075971713536,48638051
13887,32584960,37481259,-1,-1
13888,-1,-1,1733415075987519488,115805951
13889,39323904,114069606,-1,-1
13890,-1,-1,1733415076019983360,82463664
13891,33026560,85026691,-1,-1
13892,-1,-1,1733415076052399104,182415661
13893,30924288,179500744,-1,-1
13894,-1,-1,1733415076029378816,26979469
13895,22057984,28001760,-1,-1
13896,-1,-1,1733415076064640256,135261318
13897,14754560,135456846,-1,-1
13898,-1,-1,1733415076103092480,38452318
13899,33010688,38108906,-1,-1
13900,-1,-1,1733415076146354688,143261976
13901,32630528,145558295,-1,-1
13902,-1,-1,1733415076157025024,110670257
13903,34454272,109392317,-1,-1
13904,-1,-1,1733415076140166912,33141581
13905,38822656,44316937,-1,-1
13906,-1,-1,1733415076212754432,122587411
13907,44998144,122847777,-1,-1
13908,-1,-1,1733415076244397568,131643019
13909,41602048,127677415,-1,-1
13910,-1,-1,1733415076237444864,193047027
13911,27994880,187849790,-1,-1
13912,-1,-1,1733415076305030912,67585921
13913,33328640,66571353,-1,-1
13914,-1,-1,1733415076300926208,195895122
13915,22084608,193738848,-1,-1
13916,-1,-1,1733415076371213056,70286647
13917,44855040,81768426,-1,-1
13918,-1,-1,1733415076396611584,125398414
13919,41631232,121862627,-1,-1
13920,-1,-1,1733415076421968128,125356300
13921,32880384,119668908,-1,-1
13922,-1,-1,1733415076461996032,190027595
13923,37596160,187824843,-1,-1
13924,-1,-1,1733415076475191808,63195854
13925,31544576,63315017,-1,-1
13926,-1,-1,1733415076525164800,149972912
13927,34259968,150331635,-1,-1
13928,-1,-1,1733415076576723456,151558408
13929,47718144,164273049,-1,-1
13930,-1,-1,1733415076552370688,125646995
13931,43542272,123656181,-1,-1
13932,-1,-1,1733415076626083840,123713106
13933,49885952,126847108,-1,-1
13934,-1,-1,1733415076650637056,124553260
13935,32868864,111718237,-1,-1
13936,-1,-1,1733415076656361472,205724021
13937,14794240,204421556,-1,-1
13938,-1,-1,1733415076693457664,37096120
13939,33124096,38190666,-1,-1
13940,-1,-1,1733415076695153664,151695893
13941,44726272,150479228,-1,-1
13942,-1,-1,1733415076734706688,89552813
13943,35265536,90694866,-1,-1
13944,-1,-1,1733415076723843072,39136088
13945,36949504,41167135,-1,-1
13946,-1,-1,1733415076768487936,94644842
13947,34050048,91859873,-1,-1
13948,-1,-1,1733415076752551680,34063485
13949,36741376,45712755,-1,-1
13950,-1,-1,1733415076824966144,122414418
13951,32875520,111886034,-1,-1
13952,-1,-1,1733415076827867136,152900804
13953,21374720,151503567,-1,-1
13954,-1,-1,1733415076863859712,35992419
13955,31292928,36361389,-1,-1
13956,-1,-1,1733415076883906304,120046460
13957,31315968,119758943,-1,-1
13958,-1,-1,1733415076868942080,35035836
13959,30853632,37477451,-1,-1
13960,-1,-1,1733415076923130624,154188224
13961,33324288,151707569,-1,-1
13962,-1,-1,1733415076919205632,46074520
13963,34962176,45862060,-1,-1
13964,-1,-1,1733415076978340608,109134831
13965,44805120,120826425,-1,-1
13966,-1,-1,1733415077006938624,178597708
13967,32012288,166816519,-1,-1
13968,-1,-1,1733415076977733376,20794874
13969,19059456,23935010,-1,-1
13970,-1,-1,1733415077045433088,117699208
13971,33649664,114455370,-1,-1
13972,-1,-1,1733415077024526080,29093123
13973,23954432,29174790,-1,-1
13974,-1,-1,1733415077077921792,153395501
13975,34125568,157099665,-1,-1
13976,-1,-1,1733415077116027648,38105542
13977,33513216,38530325,-1,-1
13978,-1,-1,1733415077146474496,130446661
13979,45261312,137698199,-1,-1
13980,-1,-1,1733415077168474624,122000068
13981,32960512,113300523,-1,-1
13982,-1,-1,1733415077165229568,146754966
13983,41804288,147261751,-1,-1
13984,-1,-1,1733415077198000128,132770060
13985,47773952,130684794,-1,-1
13986,-1,-1,1733415077239941632,91941498
13987,32810496,90979647,-1,-1
13988,-1,-1,1733415077233552896,43611118
13989,37773568,43836563,-1,-1
13990,-1,-1,1733415077304444160,120891331
13991,38011904,120720647,-1,-1
13992,-1,-1,1733415077323398912,168954463
13993,37249280,169538433,-1,-1
13994,-1,-1,1733415077297038080,23639093
13995,15241216,23068959,-1,-1
13996,-1,-1,1733415077319954944,122916744
13997,35931136,125878684,-1,-1
13998,-1,-1,1733415077367753472,97798116
13999,31449088,94873049,-1,-1
14000,-1,-1,1733415077339723520,21969996
14001,20076800,25014568,-1,-1
14002,-1,-1,1733415077388341248,98617431
14003,35765504,98575098,-1,-1
14004,-1,-1,1733415077364321280,25980115
14005,20852736,26083288,-1,-1
14006,-1,-1,1733415077404131072,139809454
14007,29901056,139874232,-1,-1
14008,-1,-1,1733415077472374016,168242911
14009,33155072,164797618,-1,-1
14010,-1,-1,1733415077468966912,46592544
14011,40688896,46578714,-1,-1
14012,-1,-1,1733415077495022080,126055249
14013,44734208,125812980,-1,-1
14014,-1,-1,1733415077559333632,114311257
14015,44487424,126886612,-1,-1
14016,-1,-1,1733415077580095744,120762005
14017,45784320,123714314,-1,-1
14018,-1,-1,1733415077602543616,172447424
14019,31046400,156870936,-1,-1
14020,-1,-1,1733415077576897024,24353330
14021,23042304,27875995,-1,-1
14022,-1,-1,1733415077637589760,110692505
14023,31868160,106694223,-1,-1
14024,-1,-1,1733415077609080576,21490587
14025,20010752,25026220,-1,-1
14026,-1,-1,1733415077661571840,102491045
14027,32979712,101847324,-1,-1
14028,-1,-1,1733415077638487808,26916106
14029,23228672,28113753,-1,-1
14030,-1,-1,1733415077695138048,106649797
14031,33620480,106262918,-1,-1
14032,-1,-1,1733415077670457088,25318996
14033,22566144,25330633,-1,-1
14034,-1,-1,1733415077725896704,155439432
14035,33065472,151736573,-1,-1
14036,-1,-1,1733415077724619520,48722557
14037,44799232,49744219,-1,-1
14038,-1,-1,1733415077747408640,122788955
14039,43103488,122738585,-1,-1
14040,-1,-1,1733415077787216384,89807700
14041,32776704,90073500,-1,-1
14042,-1,-1,1733415077825288704,38072261
14043,45914880,50803559,-1,-1
14044,-1,-1,1733415077809975552,134686749
14045,42880768,124823013,-1,-1
14046,-1,-1,1733415077878792192,118816398
14047,44955392,127830520,-1,-1
14048,-1,-1,1733415077879613952,50821611
14049,37085952,44497563,-1,-1
14050,-1,-1,1733415077956475136,276860842
14051,34251520,271178203,-1,-1
14052,-1,-1,1733415077967174144,60699004
14053,31290368,61019163,-1,-1
14054,-1,-1,1733415077988020736,120846518
14055,31260928,120734954,-1,-1
14056,-1,-1,1733415077982686208,44665147
14057,41862144,46478932,-1,-1
14058,-1,-1,1733415078010642432,127956209
14059,44918528,125826108,-1,-1
14060,-1,-1,1733415078046312960,85670243
14061,33732864,86669260,-1,-1
14062,-1,-1,1733415078035348992,39035966
14063,35729920,41101427,-1,-1
14064,-1,-1,1733415078107059968,121710873
14065,34319872,121238821,-1,-1
14066,-1,-1,1733415078139151872,182091730
14067,34107648,180390325,-1,-1
14068,-1,-1,1733415078111449344,22297382
14069,16944384,24149903,-1,-1
14070,-1,-1,1733415078161524736,150075160
14071,16774400,147274930,-1,-1
14072,-1,-1,1733415078189529088,128004261
14073,14914048,127885004,-1,-1
14074,-1,-1,1733415078247967488,158438140
14075,30943488,158890996,-1,-1
14076,-1,-1,1733415078245914112,97946386
14077,30845696,100716759,-1,-1
14078,-1,-1,1733415078269730816,73816473
14079,36067328,70751119,-1,-1
14080,-1,-1,1733415078332720384,112989629
14081,45663744,126005008,-1,-1
14082,-1,-1,1733415078351391232,168670530
14083,31860992,156686084,-1,-1
14084,-1,-1,1733415078333304320,31913079
14085,28172288,33955444,-1,-1
14086,-1,-1,1733415078390136576,106831919
14087,31847680,104657447,-1,-1
14088,-1,-1,1733415078435329536,45192921
14089,37383936,44127990,-1,-1
14090,-1,-1,1733415078417160704,131830961
14091,30891264,134685572,-1,-1
14092,-1,-1,1733415078469221120,102060275
14093,32911360,98863787,-1,-1
14094,-1,-1,1733415078437409280,18187963
14095,17168896,22138912,-1,-1
14096,-1,-1,1733415078501631232,164221821
14097,34135808,161122218,-1,-1
14098,-1,-1,1733415078492123904,40492763
14099,35779584,40113511,-1,-1
14100,-1,-1,1733415078515822336,123698204
14101,40685056,126814205,-1,-1
14102,-1,-1,1733415078548646912,132824155
14103,43805696,129711279,-1,-1
14104,-1,-1,1733415078561047296,112400012
14105,41932544,123825478,-1,-1
14106,-1,-1,1733415078658216704,147168947
14107,51355904,135228470,-1,-1
14108,-1,-1,1733415078682963712,124746860
14109,44824576,128297902,-1,-1
14110,-1,-1,1733415078693868288,110904267
14111,33332224,109790034,-1,-1
14112,-1,-1,1733415078694371072,200502606
14113,21471488,198902174,-1,-1
14114,-1,-1,1733415078752383232,158012026
14115,33359104,157992007,-1,-1
14116,-1,-1,1733415078778096128,75712804
14117,31031296,75426510,-1,-1
14118,-1,-1,1733415078752815360,24718988
14119,13145856,24910952,-1,-1
14120,-1,-1,1733415078775689984,122874329
14121,34893056,125840973,-1,-1
14122,-1,-1,1733415078829010944,103321028
14123,32879104,101705550,-1,-1
14124,-1,-1,1733415078800400384,21389252
14125,17912576,23042823,-1,-1
14126,-1,-1,1733415078855324672,104924523
14127,32839168,103584383,-1,-1
14128,-1,-1,1733415078835583744,30258297
14129,27776512,32046393,-1,-1
14130,-1,-1,1733415078891179776,105596079
14131,32774656,103843123,-1,-1
14132,-1,-1,1733415078867033600,25853224
14133,21901056,27024287,-1,-1
14134,-1,-1,1733415078914520576,97487012
14135,33055744,94019909,-1,-1
14136,-1,-1,1733415078883741952,19221363
14137,18391552,23229507,-1,-1
14138,-1,-1,1733415078937544960,103802744
14139,34436864,103895147,-1,-1
14140,-1,-1,1733415078914462464,26917337
14141,21991936,26428066,-1,-1
14142,-1,-1,1733415078967424768,102962249
14143,34105088,100994635,-1,-1
14144,-1,-1,1733415078944713728,27289020
14145,21982208,25878335,-1,-1
14146,-1,-1,1733415078995218432,100504378
14147,31218432,100978121,-1,-1
14148,-1,-1,1733415078970104064,24885276
14149,22934272,27707821,-1,-1
14150,-1,-1,1733415079020352512,100248574
14151,39465728,97907641,-1,-1
14152,-1,-1,1733415078993984256,23631422
14153,21037056,27005650,-1,-1
14154,-1,-1,1733415079039621120,145636667
14155,17569024,141731603,-1,-1
14156,-1,-1,1733415079080620288,40999085
14157,34223616,39149223,-1,-1
14158,-1,-1,1733415079107769856,127149343
14159,34004224,131653607,-1,-1
14160,-1,-1,1733415079089376512,31606772
14161,28329728,34700174,-1,-1
14162,-1,-1,1733415079155426560,166049872
14163,31327488,159734140,-1,-1
14164,-1,-1,1733415079131471616,26044476
14165,19491840,27134234,-1,-1
14166,-1,-1,1733415079169825024,188353565
14167,41677568,190447837,-1,-1
14168,-1,-1,1733415079233996800,114171530
14169,30757632,110591636,-1,-1
14170,-1,-1,1733415079245334784,111337555
14171,32480256,113613615,-1,-1
14172,-1,-1,1733415079218932480,23597603
14173,28916224,34300440,-1,-1
14174,-1,-1,1733415079247877632,128945162
14175,41686528,128747109,-1,-1
14176,-1,-1,1733415079298883072,51005199
14177,36028672,40987068,-1,-1
14178,-1,-1,1733415079314848256,115964978
14179,30996992,113723784,-1,-1
14180,-1,-1,1733415079302288128,87439654
14181,42843392,100726773,-1,-1
14182,-1,-1,1733415079378010880,125722571
14183,47942144,124870577,-1,-1
14184,-1,-1,1733415079391871744,163860835
14185,31388160,151645322,-1,-1
14186,-1,-1,1733415079362780672,20908737
14187,19045120,24044693,-1,-1
14188,-1,-1,1733415079413527808,100747043
14189,30956800,96776819,-1,-1
14190,-1,-1,1733415079392504576,28976399
14191,27926016,32968095,-1,-1
14192,-1,-1,1733415079422457344,129952620
14193,14934528,126769943,-1,-1
14194,-1,-1,1733415079458311424,35854042
14195,31079936,36130304,-1,-1
14196,-1,-1,1733415079485182720,126871080
14197,34397440,129192100,-1,-1
14198,-1,-1,1733415079466049024,30866383
14199,26781184,31267969,-1,-1
14200,-1,-1,1733415079524339200,108289721
14201,33908224,105998164,-1,-1
14202,-1,-1,1733415079506830336,32491036
14203,25842432,31808160,-1,-1
14204,-1,-1,1733415079518944256,112113818
14205,35802368,123915638,-1,-1
14206,-1,-1,1733415079567524864,48580580
14207,35321344,40307995,-1,-1
14208,-1,-1,1733415079584599040,117073923
14209,31130112,113556613,-1,-1
14210,-1,-1,1733415079578115840,93516909
14211,37262080,94533225,-1,-1
14212,-1,-1,1733415079645788928,117672695
14213,47902208,132141693,-1,-1
14214,-1,-1,1733415079646988032,51198927
14215,32619776,37446013,-1,-1
14216,-1,-1,1733415079644365312,147377173
14217,35588608,148107436,-1,-1
14218,-1,-1,1733415079692069888,97704346
14219,32301824,95184268,-1,-1
14220,-1,-1,1733415079661644032,19573925
14221,17989632,22693819,-1,-1
14222,-1,-1,1733415079728209920,166565671
14223,35245056,164021911,-1,-1
14224,-1,-1,1733415079716290560,38080667
14225,32928256,37541270,-1,-1
14226,-1,-1,1733415079776312320,110021438
14227,44802304,121947006,-1,-1
14228,-1,-1,1733415079788541440,162229327
14229,33049088,149793273,-1,-1
14230,-1,-1,1733415079760833792,22291832
14231,18007808,22966346,-1,-1
14232,-1,-1,1733415079815460096,104626398
14233,35055616,104924145,-1,-1
14234,-1,-1,1733415079788902400,23442062
14235,22929664,27732117,-1,-1
14236,-1,-1,1733415079857749248,118846693
14237,37268736,118208417,-1,-1
14238,-1,-1,1733415079833391104,25641654
14239,16969216,21611626,-1,-1
14240,-1,-1,1733415079888997888,155606503
14241,32944384,155828711,-1,-1
14242,-1,-1,1733415079887878912,148880770
14243,44301824,162976314,-1,-1
14244,-1,-1,1733415079940812800,102933739
14245,34430976,90006206,-1,-1
14246,-1,-1,1733415079935525120,44712177
14247,37618688,43225448,-1,-1
14248,-1,-1,1733415079997351168,161825797
14249,37840896,162349778,-1,-1
14250,-1,-1,1733415080009809920,62459016
14251,33106176,62575561,-1,-1
14252,-1,-1,1733415080004910848,145100600
14253,39718400,156513429,-1,-1
14254,-1,-1,1733415080043735040,138823960
14255,42962688,128839483,-1,-1
14256,-1,-1,1733415080079446528,135711434
14257,25821440,133743863,-1,-1
14258,-1,-1,1733415080136090112,106642998
14259,46904576,120996508,-1,-1
14260,-1,-1,1733415080182994176,196904313
14261,33363712,183062570,-1,-1
14262,-1,-1,1733415080161907456,128912793
14263,28109056,131198998,-1,-1
14264,-1,-1,1733415080211812608,99905075
14265,32044544,97951238,-1,-1
14266,-1,-1,1733415080186255104,24442279
14267,20929024,25889207,-1,-1
14268,-1,-1,1733415080239758848,103503789
14269,30948096,99896519,-1,-1
14270,-1,-1,1733415080214600448,24841298
14271,23900672,28954341,-1,-1
14272,-1,-1,1733415080265676544,101076039
14273,32006400,97845346,-1,-1
14274,-1,-1,1733415080234228992,18552420
14275,19967744,24964146,-1,-1
14276,-1,-1,1733415080280991488,96762176
14277,31007488,90903846,-1,-1
14278,-1,-1,1733415080252339712,21348047
14279,16059648,23920621,-1,-1
14280,-1,-1,1733415080304935168,102595260
14281,31804928,99630691,-1,-1
14282,-1,-1,1733415080275528192,20592644
14283,17888512,23105025,-1,-1
14284,-1,-1,1733415080321698304,96170385
14285,31926528,94891504,-1,-1
14286,-1,-1,1733415080304565248,32866457
14287,27136512,32100139,-1,-1
14288,-1,-1,1733415080350320128,145754621
14289,14917888,145533932,-1,-1
14290,-1,-1,1733415080386212352,35892101
14291,33761792,38813705,-1,-1
14292,-1,-1,1733415080388020224,151807764
14293,42857728,151857724,-1,-1
14294,-1,-1,1733415080414791936,126771631
14295,44665856,123641946,-1,-1
14296,-1,-1,1733415080465351168,150559157
14297,41551104,151932148,-1,-1
14298,-1,-1,1733415080492540416,127188919
14299,33997824,125672108,-1,-1
14300,-1,-1,1733415080464206848,21666253
14301,16749312,21840057,-1,-1
14302,-1,-1,1733415080521540608,157333664
14303,36001536,160114257,-1,-1
14304,-1,-1,1733415080537050624,65509946
14305,33158912,63836162,-1,-1
14306,-1,-1,1733415080508334336,21283527
14307,16987392,22796607,-1,-1
14308,-1,-1,1733415080545522176,137187531
14309,15925760,135836382,-1,-1
14310,-1,-1,1733415080585451520,39929255
14311,31042560,36989188,-1,-1
14312,-1,-1,1733415080587257856,151806236
14313,40296960,153503667,-1,-1
14314,-1,-1,1733415080608081920,120823875
14315,37684736,121735113,-1,-1
14316,-1,-1,1733415080611995904,53913729
14317,20949248,53161403,-1,-1
14318,-1,-1,1733415080657708544,95712353
14319,31170048,94976028,-1,-1
14320,-1,-1,1733415080652806144,95097562
14321,36489472,95494530,-1,-1
14322,-1,-1,1733415080676325120,123518798
14323,38774784,123739295,-1,-1
14324,-1,-1,1733415080714473216,38147992
14325,33243392,38470662,-1,-1
14326,-1,-1,1733415080723611392,109138080
14327,33838336,108334199,-1,-1
14328,-1,-1,1733415080693804800,20193129
14329,17497600,23135582,-1,-1
14330,-1,-1,1733415080742896128,99091434
14331,33003008,98856389,-1,-1
14332,-1,-1,1733415080758860800,65964099
14333,31981312,64769935,-1,-1
14334,-1,-1,1733415080743681792,34821094
14335,28817408,33829495,-1,-1
14336,-1,-1,1733415080764602624,120920797
14337,44761856,120843180,-1,-1
14338,-1,-1,1733415080808302848,143699761
14339,31146752,144110203,-1,-1
14340,-1,-1,1733415080794549504,36246640
14341,34030592,38772400,-1,-1
14342,-1,-1,1733415080842200832,97650986
14343,31040000,94878151,-1,-1
14344,-1,-1,1733415080827627776,35426823
14345,30502144,37944439,-1,-1
14346,-1,-1,1733415080887045120,159417345
14347,31064576,156823964,-1,-1
14348,-1,-1,1733415080881782272,44736906
14349,38752512,44701140,-1,-1
14350,-1,-1,1733415080917647872,135865313
14351,40954880,135949459,-1,-1
14352,-1,-1,1733415080986821120,119173415
14353,45504512,133831725,-1,-1
14354,-1,-1,1733415080987419136,50597672
14355,33623040,38572273,-1,-1
14356,-1,-1,1733415080971500800,134081660
14357,26909184,134170839,-1,-1
14358,-1,-1,1733415081018152192,96651222
14359,31207680,94030230,-1,-1
14360,-1,-1,1733415080990531328,22378928
14361,19924224,24778032,-1,-1
14362,-1,-1,1733415081036936192,96404574
14363,30926080,93816428,-1,-1
14364,-1,-1,1733415081012045312,25109287
14365,21010688,25966160,-1,-1
14366,-1,-1,1733415081059580672,97534826
14367,31269376,95145328,-1,-1
14368,-1,-1,1733415081031254784,21674126
14369,21001472,25589790,-1,-1
14370,-1,-1,1733415081078449920,97194747
14371,35779072,98149834,-1,-1
14372,-1,-1,1733415081054444288,25994384
14373,16697600,22763544,-1,-1
14374,-1,-1,1733415081093400832,88956351
14375,32416768,90242512,-1,-1
14376,-1,-1,1733415081070227968,26827029
14377,17114880,25437378,-1,-1
14378,-1,-1,1733415081111084544,190856124
14379,41878528,191277304,-1,-1
14380,33171456,88193254,-1,-1
14381,-1,-1,1733415081153885440,92800875
14382,-1,-1,1733415081134717440,30831875
14383,29787392,34966394,-1,-1
14384,-1,-1,1733415081159776512,125058946
14385,37971968,124955648,-1,-1
14386,-1,-1,1733415081215658752,105882101
14387,32937984,107808201,-1,-1
14388,-1,-1,1733415081218385920,52726744
14389,33853696,50911451,-1,-1
14390,-1,-1,1733415081202326016,133940218
14391,24063488,136978442,-1,-1
14392,-1,-1,1733415081251386112,99059546
14393,32170496,96962426,-1,-1
14394,-1,-1,1733415081224027904,22642012
14395,19416064,25767756,-1,-1
14396,-1,-1,1733415081273544448,99516076
14397,30972928,93783677,-1,-1
14398,-1,-1,1733415081251579392,28035047
14399,18871296,28806671,-1,-1
14400,-1,-1,1733415081296683008,145103361
14401,31380480,145350364,-1,-1
14402,-1,-1,1733415081314380800,117698256
14403,33083136,118619748,-1,-1
14404,-1,-1,1733415081311272448,46890685
14405,41843200,46602244,-1,-1
14406,-1,-1,1733415081369047296,107774866
14407,44947200,119977538,-1,-1
14408,-1,-1,1733415081379361280,160313820
14409,35095040,148883600,-1,-1
14410,-1,-1,1733415081350133760,20772298
14411,15645440,20632010,-1,-1
14412,-1,-1,1733415081410700032,110566042
14413,34430208,110452758,-1,-1
14414,-1,-1,1733415081394493184,33793128
14415,29810944,37473832,-1,-1
14416,-1,-1,1733415081447495424,103001677
14417,31089408,98929059,-1,-1
14418,-1,-1,1733415081433685504,36190415
14419,32818432,38881973,-1,-1
14420,-1,-1,1733415081471956992,138271074
14421,15644928,135542953,-1,-1
14422,-1,-1,1733415081509347840,37390635
14423,31044608,36154695,-1,-1
14424,-1,-1,1733415081525694720,116346767
14425,32964352,117816125,-1,-1
14426,-1,-1,1733415081564634624,38939863
14427,40963072,45860433,-1,-1
14428,-1,-1,1733415081598182912,133548095
14429,45688576,137613564,-1,-1
14430,-1,-1,1733415081630148096,131964975
14431,42647296,120696103,-1,-1
14432,-1,-1,1733415081631329024,151180773
14433,32870656,151331205,-1,-1
14434,-1,-1,1733415081605882624,24553602
14435,16823040,24569309,-1,-1
14436,-1,-1,1733415081627582720,171699843
14437,36961536,183569025,-1,-1
14438,-1,-1,1733415081678430976,50848014
14439,32314624,39304452,-1,-1
14440,-1,-1,1733415081697711104,119279878
14441,31529984,119084546,-1,-1
14442,-1,-1,1733415081699013120,51302052
14443,32041728,50850528,-1,-1
14444,-1,-1,1733415081698530048,49516813
14445,46946816,51326941,-1,-1
14446,-1,-1,1733415081760487680,111957686
14447,35611136,112044409,-1,-1
14448,-1,-1,1733415081761525504,151036935
14449,40667648,149304616,-1,-1
14450,-1,-1,1733415081783478016,121952639
14451,39843584,121924100,-1,-1
14452,-1,-1,1733415081834082304,150603836
14453,38424576,152051297,-1,-1
14454,-1,-1,1733415081835321088,51238746
14455,31945728,50866562,-1,-1
14456,-1,-1,1733415081861270016,75948659
14457,32918784,75763085,-1,-1
14458,-1,-1,1733415081832968960,21699081
14459,18623744,24092200,-1,-1
14460,-1,-1,1733415081883863040,100893756
14461,32910848,98763656,-1,-1
14462,-1,-1,1733415081855414016,21551005
14463,18080768,23057425,-1,-1
14464,-1,-1,1733415081908067072,102652638
14465,31388160,99298727,-1,-1
14466,-1,-1,1733415081889939968,31872884
14467,30321920,35837117,-1,-1
14468,-1,-1,1733415081936453632,96513438
14469,32540160,94069067,-1,-1
14470,-1,-1,1733415081919431936,33005431
14471,30932992,35408251,-1,-1
14472,-1,-1,1733415081980354560,110895164
14473,37604864,110441808,-1,-1
14474,-1,-1,1733415081956183040,25828446
14475,19858176,23407123,-1,-1
14476,-1,-1,1733415082007178496,100995200
14477,30909952,100739797,-1,-1
14478,-1,-1,1733415081983163136,25984473
14479,24080384,29080166,-1,-1
14480,-1,-1,1733415082036469248,103305759
14481,31859712,100107905,-1,-1
14482,-1,-1,1733415082022015232,35545841
14483,32386560,38541947,-1,-1
14484,-1,-1,1733415082092061184,120045748
14485,35099136,116945513,-1,-1
14486,-1,-1,1733415082065637632,23576480
14487,16763136,23734861,-1,-1
14488,-1,-1,1733415082111284736,95646760
14489,30913280,94957037,-1,-1
14490,-1,-1,1733415082081939456,20654655
14491,19365120,24319041,-1,-1
14492,-1,-1,1733415082131487488,99547705
14493,32299264,96311426,-1,-1
14494,-1,-1,1733415082106315008,24827450
14495,23954944,28167281,-1,-1
14496,-1,-1,1733415082155134720,98819591
14497,31283712,95180679,-1,-1
14498,-1,-1,1733415082130104320,24969239
14499,24021760,28630573,-1,-1
14500,-1,-1,1733415082185052160,104947500
14501,38005248,100855927,-1,-1
14502,-1,-1,1733415082157923584,22871448
14503,22678784,27542470,-1,-1
14504,-1,-1,1733415082217151744,109228048
14505,31765760,105947149,-1,-1
14506,-1,-1,1733415082190751744,23599930
14507,21889280,26143248,-1,-1
14508,-1,-1,1733415082238832384,98080336
14509,32173824,95018860,-1,-1
14510,-1,-1,1733415082223458048,34625603
14511,31851008,37763661,-1,-1
14512,-1,-1,1733415082271855616,98397155
14513,32406272,95345979,-1,-1
14514,-1,-1,1733415082249144576,27288965
14515,23885312,29357890,-1,-1
14516,-1,-1,1733415082296067072,96922312
14517,32977664,96962628,-1,-1
14518,-1,-1,1733415082274018816,27951527
14519,18876672,25818743,-1,-1
14520,-1,-1,1733415082342640640,118621560
14521,34366208,121360131,-1,-1
14522,-1,-1,1733415082322776064,130135505
14523,25181184,127482689,-1,-1
14524,-1,-1,1733415082373408768,100632351
14525,32418560,102142641,-1,-1
14526,-1,-1,1733415082357461504,34052723
14527,32056320,36533707,-1,-1
14528,-1,-1,1733415082406397184,98935344
14529,31298560,95096013,-1,-1
14530,-1,-1,1733415082390692864,34295665
14531,27065344,32689071,-1,-1
14532,-1,-1,1733415082443871744,103178645
14533,36974592,106730385,-1,-1
14534,-1,-1,1733415082439217664,45345875
14535,33336320,42327923,-1,-1
14536,-1,-1,1733415082459739904,120522075
14537,33801216,120827335,-1,-1
14538,-1,-1,1733415082443566080,33826013
14539,29944832,34457360,-1,-1
14540,-1,-1,1733415082464336128,120769752
14541,44256256,120682149,-1,-1
14542,-1,-1,1733415082483061248,118724898
14543,40098816,118842905,-1,-1
14544,-1,-1,1733415082512112128,79050811
14545,32771328,79007576,-1,-1
14546,-1,-1,1733415082528995840,66883422
14547,31876352,67755083,-1,-1
14548,-1,-1,1733415082543610880,114614903
14549,36385792,112773262,-1,-1
14550,-1,-1,1733415082553039360,59428293
14551,31891968,60866397,-1,-1
14552,-1,-1,1733415082564709376,111669987
14553,34913280,111776356,-1,-1
14554,-1,-1,1733415082555212800,40502894
14555,33612288,39885706,-1,-1
14556,-1,-1,1733415082598976768,93763951
14557,33665280,94667318,-1,-1
14558,-1,-1,1733415082584995072,36018114
14559,30899200,35050570,-1,-1
14560,-1,-1,1733415082596806656,111811196
14561,38795520,114768575,-1,-1
14562,-1,-1,1733415082644610048,147803487
14563,34054400,148024236,-1,-1
14564,-1,-1,1733415082639345664,44735479
14565,32267008,40715991,-1,-1
14566,-1,-1,1733415082657142528,117796660
14567,31795200,119759645,-1,-1
14568,-1,-1,1733415082639194880,32052055
14569,25950720,31042004,-1,-1
14570,-1,-1,1733415082686713856,197519064
14571,22692352,197642657,-1,-1
14572,-1,-1,1733415082674857472,38143254
14573,43990016,50031757,-1,-1
14574,-1,-1,1733415082729773568,154915996
14575,37992960,142714495,-1,-1
14576,-1,-1,1733415082715193088,85419364
14577,39767296,97594415,-1,-1
14578,-1,-1,1733415082769018624,153825276
14579,37381888,141803361,-1,-1
14580,-1,-1,1733415082775875840,56857302
14581,30891008,56868525,-1,-1
14582,-1,-1,1733415082763133440,137257211
14583,33854976,148712367,-1,-1
14584,-1,-1,1733415082824672512,161538828
14585,31900672,150793484,-1,-1
14586,-1,-1,1733415082804104704,29432190
14587,19017472,28042709,-1,-1
14588,-1,-1,1733415082850819584,196714622
14589,22712064,197418212,-1,-1
14590,-1,-1,1733415082852560384,51740666
14591,16483840,50824012,-1,-1
14592,-1,-1,1733415082903286528,150725812
14593,30985216,149948661,-1,-1
14594,-1,-1,1733415082901164032,147877478
14595,44678144,151561012,-1,-1
14596,-1,-1,1733415082942931968,141767873
14597,31842560,139761414,-1,-1
14598,-1,-1,1733415082920811008,27878691
14599,19801088,27920915,-1,-1
14600,-1,-1,1733415082934777088,113966173
14601,20891392,113876606,-1,-1
14602,-1,-1,1733415082959471616,124693917
14603,14559488,124831983,-1,-1
14604,-1,-1,1733415083000383488,90911836
14605,33826304,90721473,-1,-1
14606,-1,-1,1733415082969312000,18928352
14607,17031680,22094902,-1,-1
14608,-1,-1,1733415083020023040,150710686
14609,36272384,151152388,-1,-1
14610,-1,-1,1733415082994047488,24024716
14611,28451840,33001404,-1,-1
14612,-1,-1,1733415083062688512,168640622
14613,32774656,156250887,-1,-1
14614,-1,-1,1733415083041639424,28950528
14615,21647872,29853033,-1,-1
14616,-1,-1,1733415083060538624,168899300
14617,42830848,179780161,-1,-1
14618,-1,-1,1733415083112319488,151780815
14619,37429760,139839024,-1,-1
14620,-1,-1,1733415083087006976,74687248
14621,35902976,86863315,-1,-1
14622,-1,-1,1733415083151896320,164889171
14623,39325696,152554663,-1,-1
14624,-1,-1,1733415083154323456,202427023
14625,39811072,202590537,-1,-1
14626,-1,-1,1733415083158397952,104074417
14627,39827712,115772904,-1,-1
14628,-1,-1,1733415083199763200,141365110
14629,39774464,129676155,-1,-1
14630,-1,-1,1733415083200668160,100905123
14631,40818944,115915567,-1,-1
14632,-1,-1,1733415083255884032,55215154
14633,35891456,41324032,-1,-1
14634,-1,-1,1733415083258341888,102457885
14635,32881408,101357390,-1,-1
14636,-1,-1,1733415083233185792,24843422
14637,17585664,24887979,-1,-1
14638,-1,-1,1733415083270949120,137763293
14639,32123136,137761405,-1,-1
14640,-1,-1,1733415083289749248,118799854
14641,32942080,118925228,-1,-1
14642,-1,-1,1733415083311589120,121840148
14643,34088448,122910133,-1,-1
14644,-1,-1,1733415083285642496,24053029
14645,30892288,34778782,-1,-1
14646,-1,-1,1733415083348306944,162664317
14647,43986944,152355048,-1,-1
14648,-1,-1,1733415083364944896,166637731
14649,33630464,165885705,-1,-1
14650,-1,-1,1733415083378072064,113126929
14651,35265280,114856969,-1,-1
14652,-1,-1,1733415083398016256,119944032
14653,33617920,116265297,-1,-1
14654,-1,-1,1733415083369597184,21580751
14655,28001024,33737872,-1,-1
14656,-1,-1,1733415083422070272,152472952
14657,35026432,141909005,-1,-1
14658,-1,-1,1733415083446691840,124621553
14659,38946304,126150330,-1,-1
14660,-1,-1,1733415083471357184,174665075
14661,33254144,174558666,-1,-1
14662,-1,-1,1733415083453895424,32538122
14663,23942656,30629575,-1,-1
14664,-1,-1,1733415083514043904,160148472
14665,35104256,162964550,-1,-1
14666,-1,-1,1733415083498075904,34031670
14667,23260928,30781724,-1,-1
14668,-1,-1,1733415083502599680,104523634
14669,22839808,105724271,-1,-1
14670,-1,-1,1733415083530249728,127649734
14671,16873728,126786175,-1,-1
14672,-1,-1,1733415083567115264,36865548
14673,33466880,39066778,-1,-1
14674,-1,-1,1733415083573996544,106880885
14675,33056256,104963569,-1,-1
14676,-1,-1,1733415083568676864,144680443
14677,23655680,144465523,-1,-1
14678,-1,-1,1733415083608880128,140203102
14679,34829824,140815928,-1,-1
14680,-1,-1,1733415083622485248,113604848
14681,37814784,113241181,-1,-1
14682,-1,-1,1733415083613870592,91385148
14683,42947328,102495456,-1,-1
14684,-1,-1,1733415083689961728,126091023
14685,44800768,126673978,-1,-1
14686,-1,-1,1733415083688769792,48807873
14687,32774400,37760390,-1,-1
14688,-1,-1,1733415083677742336,138972570
14689,26863616,141854235,-1,-1
14690,-1,-1,1733415083726285568,98543149
14691,36488192,97491441,-1,-1
14692,-1,-1,1733415083698439168,22153224
14693,15163136,19574831,-1,-1
14694,-1,-1,1733415083760928768,162489527
14695,31914240,161600757,-1,-1
14696,-1,-1,1733415083748936704,138008049
14697,36150784,141612611,-1,-1
14698,-1,-1,1733415083812189184,113251846
14699,34197760,113156984,-1,-1
14700,-1,-1,1733415083825277440,213088148
14701,32821248,210589286,-1,-1
14702,-1,-1,1733415083799373824,24096159
14703,31111936,36058791,-1,-1
14704,-1,-1,1733415083831217664,131843669
14705,35415040,132452193,-1,-1
14706,-1,-1,1733415083888899328,157681650
14707,38585088,148911507,-1,-1
14708,-1,-1,1733415083862729728,23830178
14709,14907648,19699444,-1,-1
14710,-1,-1,1733415083940002816,177272896
14711,33631232,178976587,-1,-1
14712,-1,-1,1733415083926301184,136298480
14713,34308096,137618307,-1,-1
14714,-1,-1,1733415083941191936,114890602
14715,43114496,124774564,-1,-1
14716,-1,-1,1733415083999074304,157882161
14717,37896704,145012080,-1,-1
14718,-1,-1,1733415083977549056,78474576
14719,41139712,91348648,-1,-1
14720,-1,-1,1733415084033886976,106337717
14721,33361408,93101921,-1,-1
14722,-1,-1,1733415084014850560,30963395
14723,37391872,42902921,-1,-1
14724,-1,-1,1733415084042381056,127530270
14725,46200320,127913724,-1,-1
14726,-1,-1,1733415084115474688,123093466
14727,45500928,122735977,-1,-1
14728,-1,-1,1733415084126393088,160918259
14729,34822912,149141288,-1,-1
14730,-1,-1,1733415084100660224,24266958
14731,16201984,24529745,-1,-1
14732,-1,-1,1733415084121602816,170942547
14733,38429696,182724888,-1,-1
14734,-1,-1,1733415084161075200,139472327
14735,40244992,127614730,-1,-1
14736,-1,-1,1733415084178852352,117777251
14737,41382400,117835298,-1,-1
14738,-1,-1,1733415084222087424,93234460
14739,32958208,92931067,-1,-1
14740,-1,-1,1733415084242811392,70723941
14741,37255424,68726047,-1,-1
14742,-1,-1,1733415084213073408,20261657
14743,20087808,25149712,-1,-1
14744,-1,-1,1733415084241444096,128370559
14745,16954624,125660972,-1,-1
14746,-1,-1,1733415084279150080,37705847
14747,33733120,38723476,-1,-1
14748,-1,-1,1733415084277231104,148080987
14749,42650880,147040604,-1,-1
14750,-1,-1,1733415084315257344,138026283
14751,46013952,140062901,-1,-1
14752,-1,-1,1733415084318764032,53506277
14753,21972736,54647968,-1,-1
14754,-1,-1,1733415084370386944,151622724
14755,32630016,148553800,-1,-1
14756,-1,-1,1733415084388286464,67899382
14757,33130496,67215594,-1,-1
14758,-1,-1,1733415084367653120,29366431
14759,25089280,29835082,-1,-1
14760,-1,-1,1733415084419284992,101631817
14761,34701568,101900110,-1,-1
14762,-1,-1,1733415084401651968,32366574
14763,27071488,32839444,-1,-1
14764,-1,-1,1733415084456193024,104541035
14765,33214464,103000606,-1,-1
14766,-1,-1,1733415084432113920,25920770
14767,20553472,26647187,-1,-1
14768,-1,-1,1733415084480194816,148080633
14769,33070848,148031918,-1,-1
14770,-1,-1,1733415084458272768,28077920
14771,34139648,39741548,-1,-1
14772,-1,-1,1733415084480379136,122106373
14773,43966208,122825962,-1,-1
14774,-1,-1,1733415084506071296,125691926
14775,38808832,124672283,-1,-1
14776,-1,-1,1733415084558372608,52300922
14777,33402624,40369193,-1,-1
14778,-1,-1,1733415084562287360,53914699
14779,33928448,55143714,-1,-1
14780,-1,-1,1733415084585785344,73497878
14781,32802048,71141026,-1,-1
14782,-1,-1,1733415084554746880,18961291
14783,19014912,24091016,-1,-1
14784,-1,-1,1733415084606739712,151992552
14785,32830976,148919694,-1,-1
14786,-1,-1,1733415084597936640,41197119
14787,39461376,44278926,-1,-1
14788,-1,-1,1733415084645254400,97317354
14789,33624320,94556731,-1,-1
14790,-1,-1,1733415084631413504,36159288
14791,33737472,38516483,-1,-1
14792,-1,-1,1733415084652033024,120619059
14793,46675456,120863031,-1,-1
14794,-1,-1,1733415084700559616,148526407
14795,34330112,145185846,-1,-1
14796,-1,-1,1733415084672702208,22142648
14797,14859264,22443034,-1,-1
14798,-1,-1,1733415084698550784,175848335
14799,40766208,178733908,-1,-1
14800,-1,-1,1733415084704375552,105824525
14801,39883520,114862007,-1,-1
14802,-1,-1,1733415084775894016,121518421
14803,45361920,121796178,-1,-1
14804,-1,-1,1733415084782616576,206722484
14805,32456448,194662947,-1,-1
14806,-1,-1,1733415084770536448,37919492
14807,44688640,49941577,-1,-1
14808,-1,-1,1733415084802372864,131836400
14809,43808768,119645805,-1,-1
14810,-1,-1,1733415084826017280,123644347
14811,47694848,123771233,-1,-1
14812,-1,-1,1733415084867809024,141791609
14813,34251008,145148700,-1,-1
14814,-1,-1,1733415084842787584,24978408
14815,20013568,24659071,-1,-1
14816,-1,-1,1733415084890556672,97768813
14817,31051008,94890953,-1,-1
14818,-1,-1,1733415084860633856,20077157
14819,21028096,25858155,-1,-1
14820,-1,-1,1733415084909402112,148768081
14821,31608320,143466615,-1,-1
14822,-1,-1,1733415084895309568,35907034
14823,33919232,38165811,-1,-1
14824,-1,-1,1733415084902157824,106848319
14825,41953536,115917760,-1,-1
14826,-1,-1,1733415084984089344,131931533
14827,45955840,131845310,-1,-1
14828,-1,-1,1733415084994974976,160885255
14829,33417472,148738337,-1,-1
14830,-1,-1,1733415084968660736,23685796
14831,15461120,23897614,-1,-1
14832,-1,-1,1733415084988682496,120021422
14833,26852864,122819669,-1,-1
14834,-1,-1,1733415085041317632,102634769
14835,33050112,99912329,-1,-1
14836,-1,-1,1733415085012342784,21025034
14837,18884864,23839951,-1,-1
14838,-1,-1,1733415085056463616,94120422
14839,30991872,90964790,-1,-1
14840,-1,-1,1733415085047892992,91429276
14841,36269824,91689569,-1,-1
14842,-1,-1,1733415085107689984,109797284
14843,44978688,121917555,-1,-1
14844,-1,-1,1733415085118477312,160786956
14845,34841600,148605490,-1,-1
14846,-1,-1,1733415085113504512,45026968
14847,30887168,44986704,-1,-1
14848,-1,-1,1733415085113283584,99779159
14849,33755392,99751381,-1,-1
14850,-1,-1,1733415085156401152,93117077
14851,31069952,93003799,-1,-1
14852,-1,-1,1733415085138728704,32327490
14853,24902912,31043848,-1,-1
14854,-1,-1,1733415085185518848,96789849
14855,32861696,97988294,-1,-1
14856,-1,-1,1733415085159620352,24101667
14857,15898112,24485891,-1,-1
14858,-1,-1,1733415085203942400,94322014
14859,31969024,94991675,-1,-1
14860,-1,-1,1733415085182281216,28338586
14861,15798016,26703148,-1,-1
14862,-1,-1,1733415085226055680,143774195
14863,33617664,145751423,-1,-1
14864,-1,-1,1733415085212123648,36067749
14865,30827008,35052242,-1,-1
14866,-1,-1,1733415085256117248,143993545
14867,37814528,143718144,-1,-1
14868,-1,-1,1733415085244435712,188318290
14869,41896960,200710451,-1,-1
14870,-1,-1,1733415085317204992,122769086
14871,30935040,110782925,-1,-1
14872,-1,-1,1733415085332907520,215702408
14873,14863616,215555163,-1,-1
14874,-1,-1,1733415085370660864,137753174
14875,35645952,139715646,-1,-1
14876,-1,-1,1733415085357783040,37122192
14877,30940160,35094697,-1,-1
14878,-1,-1,1733415085374501376,116717763
14879,39767552,116714160,-1,-1
14880,-1,-1,1733415085390379264,115877844
14881,39716608,115917931,-1,-1
14882,-1,-1,1733415085405212928,114833430
14883,39779328,114833470,-1,-1
14884,-1,-1,1733415085419022592,113809872
14885,39727360,113758114,-1,-1
14886,-1,-1,1733415085477424384,108401347
14887,33200384,109930475,-1,-1
14888,-1,-1,1733415085502869248,175444519
14889,31937280,173705920,-1,-1
14890,-1,-1,1733415085480020736,27151606
14891,24973568,30040316,-1,-1
14892,-1,-1,1733415085527102464,147081613
14893,32489472,144617173,-1,-1
14894,-1,-1,1733415085565179904,38076982
14895,45014784,50059488,-1,-1
14896,-1,-1,1733415085547044864,181864797
14897,20858624,168620925,-1,-1
14898,-1,-1,1733415085594841856,97796635
14899,34235136,100204023,-1,-1
14900,-1,-1,1733415085569794816,24953024
14901,16781568,23585148,-1,-1
14902,-1,-1,1733415085610568192,140773173
14903,33388032,141502392,-1,-1
14904,-1,-1,1733415085607454976,46886637
14905,41437440,46232227,-1,-1
14906,-1,-1,1733415085629322240,121867118
14907,46696448,123920985,-1,-1
14908,-1,-1,1733415085651108608,121857862
14909,43697920,119704328,-1,-1
14910,-1,-1,1733415085696371712,145165945
14911,31962880,143899887,-1,-1
14912,-1,-1,1733415085670874112,24502514
14913,17476864,25822528,-1,-1
14914,-1,-1,1733415085727768320,156894009
14915,33178880,157853834,-1,-1
14916,-1,-1,1733415085720609280,42840809
14917,36489984,41819343,-1,-1
14918,-1,-1,1733415085780834816,110225392
14919,45847808,122995480,-1,-1
14920,-1,-1,1733415085788393472,157558083
14921,32909824,145695855,-1,-1
14922,-1,-1,1733415085765080576,26687111
14923,15557120,26160446,-1,-1
14924,-1,-1,1733415085813344000,98263143
14925,31025152,97835492,-1,-1
14926,-1,-1,1733415085792513024,29169021
14927,27939072,32821187,-1,-1
14928,-1,-1,1733415085832688384,140175310
14929,16266752,136694909,-1,-1
14930,-1,-1,1733415085847735296,115046651
14931,26131712,117991853,-1,-1
14932,-1,-1,1733415085895419136,147683721
14933,32096000,144778368,-1,-1
14934,-1,-1,1733415085874371328,28951868
14935,32503552,42175531,-1,-1
14936,-1,-1,1733415085933011712,158640324
14937,32837120,145455566,-1,-1
14938,-1,-1,1733415085909509888,26498243
14939,21826304,26003188,-1,-1
14940,-1,-1,1733415085960141568,100631396
14941,33146624,101683765,-1,-1
14942,-1,-1,1733415085936316416,26174796
14943,16267776,24145237,-1,-1
14944,-1,-1,1733415085951995648,115678854
14945,25779200,117983508,-1,-1
14946,-1,-1,1733415085998768128,96772266
14947,31011840,95850892,-1,-1
14948,-1,-1,1733415086020399104,121630962
14949,35222528,122095754,-1,-1
14950,-1,-1,1733415086037970944,67571668
14951,32038144,67806218,-1,-1
14952,-1,-1,1733415086022331904,84360770
14953,26709504,83678621,-1,-1
14954,-1,-1,1733415086069184768,96852659
14955,33842944,96760178,-1,-1
14956,-1,-1,1733415086044078592,24893876
14957,17252864,24950159,-1,-1
14958,-1,-1,1733415086110922496,166843723
14959,45483264,179852088,-1,-1
14960,-1,-1,1733415086084532224,173609307
14961,23838464,163743608,-1,-1
14962,-1,-1,1733415086131586816,97054285
14963,32938240,94785556,-1,-1
14964,-1,-1,1733415086103096064,21509381
14965,18910720,23977239,-1,-1
14966,-1,-1,1733415086152282880,99186523
14967,31855872,94813057,-1,-1
14968,-1,-1,1733415086124112896,21830024
14969,18976512,25014209,-1,-1
14970,-1,-1,1733415086171976192,97862982
14971,34209792,97092029,-1,-1
14972,-1,-1,1733415086146108928,24132547
14973,16913152,23305569,-1,-1
14974,-1,-1,1733415086161416704,115307546
14975,22803456,117295961,-1,-1
14976,-1,-1,1733415086215891968,104475239
14977,32342784,101649153,-1,-1
14978,-1,-1,1733415086192513280,26621012
14979,17693952,26975728,-1,-1
14980,-1,-1,1733415086231205376,188692042
14981,42696704,190741039,-1,-1
14982,-1,-1,1733415086248030720,116825270
14983,38877440,114811990,-1,-1
14984,-1,-1,1733415086264880640,116849664
14985,40633088,116634390,-1,-1
14986,-1,-1,1733415086302174720,37293862
14987,33049600,38284646,-1,-1
14988,-1,-1,1733415086291745280,39570589
14989,31520000,39356210,-1,-1
14990,-1,-1,1733415086298901760,157156094
14991,27610880,156010247,-1,-1
14992,-1,-1,1733415086305943296,107041341
14993,42498048,119108500,-1,-1
14994,-1,-1,1733415086353808128,47864706
14995,31739136,36593772,-1,-1
14996,-1,-1,1733415086330330624,26522495
14997,21911040,26039746,-1,-1
14998,-1,-1,1733415086372315648,91984710
14999,30905344,91858380,-1,-1
15000,-1,-1,1733415086346957312,24641544
15001,18749184,25933250,-1,-1
15002,-1,-1,1733415086389483008,142525545
15003,35558912,143486558,-1,-1
15004,-1,-1,1733415086372980992,33497761
15005,29942528,34141177,-1,-1
15006,-1,-1,1733415086400289536,127308372
15007,41443840,124693586,-1,-1
15008,-1,-1,1733415086417262848,116973334
15009,49915904,124881894,-1,-1
15010,-1,-1,1733415086476235264,158972480
15011,32681984,151395582,-1,-1
15012,-1,-1,1733415086452641280,26405825
15013,23886336,29221465,-1,-1
15014,-1,-1,1733415086484393472,131751846
15015,13923328,127798946,-1,-1
15016,-1,-1,1733415086521038848,36645091
15017,32062976,36970467,-1,-1
15018,-1,-1,1733415086539319040,118280167
15019,33853952,119758490,-1,-1
15020,-1,-1,1733415086527379200,38060119
15021,30615040,36868270,-1,-1
15022,-1,-1,1733415086572899840,145520401
15023,33841408,146651068,-1,-1
15024,-1,-1,1733415086566971392,44071387
15025,33629696,43296182,-1,-1
15026,-1,-1,1733415086585675776,118704055
15027,29606144,117459879,-1,-1
15028,-1,-1,1733415086576512000,40836248
15029,36917504,41961595,-1,-1
15030,-1,-1,1733415086586447872,109935867
15031,39682048,115657606,-1,-1
15032,-1,-1,1733415086638208256,151760230
15033,32357376,145753524,-1,-1
15034,-1,-1,1733415086608144896,19936211
15035,17897984,23051552,-1,-1
15036,-1,-1,1733415086668537088,160391923
15037,33006848,157863183,-1,-1
15038,-1,-1,1733415086644080384,25543085
15039,31904512,36773541,-1,-1
15040,-1,-1,1733415086716046080,121965468
15041,32785920,112064554,-1,-1
15042,-1,-1,1733415086695130624,129084438
15043,42731008,139406159,-1,-1
15044,-1,-1,1733415086764742144,119611278
15045,46753280,120740842,-1,-1
15046,-1,-1,1733415086774591232,159849107
15047,30833408,146687727,-1,-1
15048,-1,-1,1733415086749510912,24919215
15049,18277632,24944053,-1,-1
15050,-1,-1,1733415086787205632,187694843
15051,38837504,190683726,-1,-1
15052,-1,-1,1733415086792053248,54847240
15053,18793728,51806390,-1,-1
15054,-1,-1,1733415086835191808,93138701
15055,31357184,93336059,-1,-1
15056,-1,-1,1733415086816989696,81797698
15057,31652608,93412607,-1,-1
15058,-1,-1,1733415086859518464,92528363
15059,34298112,81316712,-1,-1
15060,-1,-1,1733415086861441024,101922330
15061,14903296,101214439,-1,-1
15062,-1,-1,1733415086872229376,110788160
15063,23952896,113903955,-1,-1
15064,-1,-1,1733415086903136512,80907182
15065,45768704,77702386,-1,-1
15066,-1,-1,1733415086946920960,143784293
15067,32904448,143749478,-1,-1
15068,-1,-1,1733415086919953152,23032052
15069,21908736,26995883,-1,-1
15070,-1,-1,1733415086967102720,97149536
15071,31988480,92816851,-1,-1
15072,-1,-1,1733415086940259584,23156494
15073,15410688,23899324,-1,-1
15074,-1,-1,1733415086953736448,113476635
15075,21976832,113068919,-1,-1
15076,-1,-1,1733415087003961344,100224822
15077,33138432,100811914,-1,-1
15078,-1,-1,1733415086973901568,19940323
15079,17041408,22800019,-1,-1
15080,-1,-1,1733415087021772544,97870596
15081,32862720,94674395,-1,-1
15082,-1,-1,1733415087001543680,29770993
15083,22985216,29921295,-1,-1
15084,-1,-1,1733415087070546176,219002235
15085,39363584,217730310,-1,-1
15086,-1,-1,1733415087090543616,119997334
15087,30920448,120780223,-1,-1
15088,-1,-1,1733415087084016896,93473326
15089,42732032,93682701,-1,-1
15090,-1,-1,1733415087144750080,110732917
15091,45909504,122935991,-1,-1
15092,-1,-1,1733415087134351360,139601102
15093,47774720,129689022,-1,-1
15094,-1,-1,1733415087162608896,128257420
15095,38863104,125650364,-1,-1
15096,-1,-1,1733415087214554880,101945782
15097,30972928,101948587,-1,-1
15098,-1,-1,1733415087240918528,76363530
15099,35042304,77820854,-1,-1
15100,-1,-1,1733415087217612288,26693384
15101,15863040,25820202,-1,-1
15102,-1,-1,1733415087285287936,167675642
15103,31740416,166622428,-1,-1
15104,-1,-1,1733415087296220928,110932599
15105,31562752,111840749,-1,-1
15106,-1,-1,1733415087289350912,43130239
15107,45368064,51041826,-1,-1
15108,-1,-1,1733415087344885760,155534345
15109,39632640,147769674,-1,-1
15110,-1,-1,1733415087343499264,98613430
15111,43652864,98552411,-1,-1
15112,-1,-1,1733415087357190656,113691173
15113,43105536,126089238,-1,-1
15114,-1,-1,1733415087429954816,122764002
15115,44781312,122394096,-1,-1
15116,-1,-1,1733415087427096064,147141327
15117,43688960,134667990,-1,-1
15118,-1,-1,1733415087488758528,111662151
15119,34103040,114522007,-1,-1
15120,-1,-1,1733415087519965952,131207450
15121,29690112,127932460,-1,-1
15122,-1,-1,1733415087557893888,137927551
15123,45886720,150966500,-1,-1
15124,-1,-1,1733415087580093696,172199599
15125,35171328,160890614,-1,-1
15126,-1,-1,1733415087552014336,21920482
15127,18888192,23719552,-1,-1
15128,-1,-1,1733415087603534080,101519722
15129,33141248,101122488,-1,-1
15130,-1,-1,1733415087578422528,24888228
15131,17517056,22761252,-1,-1
15132,-1,-1,1733415087629575168,101152671
15133,32076288,101915089,-1,-1
15134,-1,-1,1733415087608401152,28825526
15135,23106304,27911626,-1,-1
15136,-1,-1,1733415087656377600,97976537
15137,35011584,100776356,-1,-1
15138,-1,-1,1733415087634993408,28615381
15139,14988544,25792421,-1,-1
15140,-1,-1,1733415087725725184,190731812
15141,47928064,205756007,-1,-1
15142,-1,-1,1733415087715349760,139624509
15143,43486720,124589177,-1,-1
15144,-1,-1,1733415087739213312,123863338
15145,36749312,123896572,-1,-1
15146,-1,-1,1733415087776176384,36962858
15147,33961216,39030145,-1,-1
15148,-1,-1,1733415087783277312,57100572
15149,34024192,55976437,-1,-1
15150,-1,-1,1733415087804828416,71551069
15151,33020672,70835605,-1,-1
15152,-1,-1,1733415087774939648,20110897
15153,15265024,20247759,-1,-1
15154,-1,-1,1733415087828974848,104035371
15155,32149504,103755347,-1,-1
15156,-1,-1,1733415087810691840,31716753
15157,27135488,31874259,-1,-1
15158,-1,-1,1733415087856524544,95832620
15159,31873536,95591500,-1,-1
15160,-1,-1,1733415087826497792,19972785
15161,17531392,23039454,-1,-1
15162,-1,-1,1733415087885950464,109452687
15163,35618048,107954752,-1,-1
15164,-1,-1,1733415087859427584,23476797
15165,15867136,21767716,-1,-1
15166,-1,-1,1733415087900707584,91280075
15167,34372864,92361590,-1,-1
15168,-1,-1,1733415087893953536,43245890
15169,16852480,42365236,-1,-1
15170,-1,-1,1733415087939065600,145111803
15171,32963328,144867433,-1,-1
15172,-1,-1,1733415087930733568,41667854
15173,34954240,41771269,-1,-1
15174,-1,-1,1733415087952540416,121806816
15175,44792832,122786960,-1,-1
15176,-1,-1,1733415088013205760,110664961
15177,44758272,121856005,-1,-1
15178,-1,-1,1733415088032167936,168962270
15179,32812800,157159087,-1,-1
15180,-1,-1,1733415088004436224,22267819
15181,19136768,24732581,-1,-1
15182,-1,-1,1733415088062563584,108127604
15183,31749376,104457600,-1,-1
15184,-1,-1,1733415088034916864,22352763
15185,22118144,26245685,-1,-1
15186,-1,-1,1733415088084527104,99610309
15187,30952192,96700731,-1,-1
15188,-1,-1,1733415088062808832,28281307
15189,22889216,27942479,-1,-1
15190,-1,-1,1733415088107705600,94896866
15191,32062208,95919999,-1,-1
15192,-1,-1,1733415088092297472,34591355
15193,28032000,33980509,-1,-1
15194,-1,-1,1733415088148960000,106662772
15195,38523392,110726071,-1,-1
15196,-1,-1,1733415088122449408,23488978
15197,14083584,19059126,-1,-1
15198,-1,-1,1733415088179735552,107286041
15199,33011968,107677859,-1,-1
15200,-1,-1,1733415088160841216,31105607
15201,28864256,33854840,-1,-1
15202,-1,-1,1733415088210570496,99729143
15203,31527936,97409660,-1,-1
15204,-1,-1,1733415088193343232,32772004
15205,30402304,35384578,-1,-1
15206,-1,-1,1733415088261351936,68008386
15207,32791808,66758876,-1,-1
15208,-1,-1,1733415088288094464,176742524
15209,31695616,175641141,-1,-1
15210,-1,-1,1733415088267972864,29878280
15211,28027648,32243752,-1,-1
15212,-1,-1,1733415088338006528,120033564
15213,37100800,117910345,-1,-1
15214,-1,-1,1733415088312800000,24793420
15215,16404736,23782585,-1,-1
15216,-1,-1,1733415088395737344,182936755
15217,32818944,184708429,-1,-1
15218,-1,-1,1733415088403064320,207327000
15219,32665088,209455562,-1,-1
15220,-1,-1,1733415088459874304,106809793
15221,33656064,102741878,-1,-1
15222,-1,-1,1733415088433832192,23957674
15223,22540288,27873313,-1,-1
15224,-1,-1,1733415088487112960,103280806
15225,31009280,99211529,-1,-1
15226,-1,-1,1733415088460732160,23618781
15227,20508928,27019316,-1,-1
15228,-1,-1,1733415088516871680,106139673
15229,31973888,103324920,-1,-1
15230,-1,-1,1733415088498474240,31602169
15231,26384896,31303288,-1,-1
15232,-1,-1,1733415088547405568,98931123
15233,32450048,99420404,-1,-1
15234,-1,-1,1733415088521269248,23863541
15235,22459392,26879599,-1,-1
15236,-1,-1,1733415088579050496,107780963
15237,39434240,104860903,-1,-1
15238,-1,-1,1733415088555931904,26881154
15239,22512128,29949572,-1,-1
15240,-1,-1,1733415088614117120,108184965
15241,33139968,105501447,-1,-1
15242,-1,-1,1733415088653736704,39619545
15243,32935168,38689551,-1,-1
15244,-1,-1,1733415088696729088,142992276
15245,32920064,144832013,-1,-1
15246,-1,-1,1733415088743228416,196499025
15247,32939008,196654397,-1,-1
15248,-1,-1,1733415088762419456,119190900
15249,31406080,117328929,-1,-1
15250,-1,-1,1733415088823347712,160928020
15251,32032512,160366775,-1,-1
15252,-1,-1,1733415088851660800,128313554
15253,32448000,130163072,-1,-1
15254,-1,-1,1733415088880318208,178656680
15255,25905920,177099563,-1,-1
15256,-1,-1,1733415088900104704,69786569
15257,31655680,72993353,-1,-1
15258,-1,-1,1733415088968744448,168639679
15259,32323328,164723249,-1,-1
15260,-1,-1,1733415089042252544,173507543
15261,33011456,175869905,-1,-1
15262,-1,-1,1733415089059349248,217096518
15263,32811264,215574352,-1,-1
15264,-1,-1,1733415089124175104,114825943
15265,31428864,115413314,-1,-1
15266,-1,-1,1733415089181123840,106948480
15267,31999488,106368490,-1,-1
15268,-1,-1,1733415089161639168,80515196
15269,25726720,79775239,-1,-1
15270,-1,-1,1733415089207633152,145993844
15271,19012352,149858111,-1,-1
15272,-1,-1,1733415089264598272,106964813
15273,32266752,104629747,-1,-1
15274,-1,-1,1733415089247544064,32945607
15275,30342144,35111072,-1,-1
15276,-1,-1,1733415089302676736,105132523
15277,31262208,102155727,-1,-1
15278,-1,-1,1733415089282167040,29490299
15279,25355008,30071697,-1,-1
15280,-1,-1,1733415089339119616,106952157
15281,36383488,109918411,-1,-1
15282,-1,-1,1733415089318082816,28963031
15283,24706560,28776829,-1,-1
15284,-1,-1,1733415089374032896,105949874
15285,34336512,105954519,-1,-1
15286,-1,-1,1733415089353786112,29753139
15287,23935488,29454541,-1,-1
15288,-1,-1,1733415089411762944,107976421
15289,32091392,105010713,-1,-1
15290,-1,-1,1733415089393323776,31561031
15291,27286784,33686452,-1,-1
15292,-1,-1,1733415089449645056,106320907
15293,32910592,104875642,-1,-1
15294,-1,-1,1733415089423417088,23771898
15295,21082112,26192112,-1,-1
15296,-1,-1,1733415089478610432,155193358
15297,20919040,152742624,-1,-1
15298,-1,-1,1733415089515383040,36772467
15299,31130112,36036943,-1,-1
15300,-1,-1,1733415089580694784,215311548
15301,33669120,215651552,-1,-1
15302,-1,-1,1733415089586906624,56211462
15303,32497408,57202660,-1,-1
15304,-1,-1,1733415089587651328,100744798
15305,35852288,105353135,-1,-1
15306,-1,-1,1733415089646441728,108789922
15307,32206080,103099403,-1,-1
15308,-1,-1,1733415089620269056,23827215
15309,21918720,26702387,-1,-1
15310,-1,-1,1733415089676346368,106077191
15311,32244224,102811941,-1,-1
15312,-1,-1,1733415089662307840,35961478
15313,29789952,36848242,-1,-1
15314,-1,-1,1733415089710807808,98499513
15315,32305664,97251793,-1,-1
15316,-1,-1,1733415089692022528,31214643
15317,29311232,33997884,-1,-1
15318,-1,-1,1733415089740372736,98350173
15319,32155136,96712914,-1,-1
15320,-1,-1,1733415089720546048,30173293
15321,27740416,32604811,-1,-1
15322,-1,-1,1733415089817353984,146807439
15323,36796672,146663640,-1,-1
15324,-1,-1,1733415089834020864,166666922
15325,32980992,164024822,-1,-1
15326,-1,-1,1733415089833153536,49132562
15327,44012544,48799907,-1,-1
15328,-1,-1,1733415089896816128,113662552
15329,44921856,125809620,-1,-1
15330,-1,-1,1733415089923797248,126980804
15331,34995712,116907321,-1,-1
15332,-1,-1,1733415089917516800,143719382
15333,45899776,147674893,-1,-1
15334,-1,-1,1733415089965344512,97827627
15335,31229440,91055282,-1,-1
15336,-1,-1,1733415089960253440,44908750
15337,40743168,45565974,-1,-1
15338,-1,-1,1733415089988992000,78738322
15339,31867904,77972953,-1,-1
15340,-1,-1,1733415090015075840,76083469
15341,30994944,77006804,-1,-1
15342,-1,-1,1733415090069683712,104607768
15343,32809216,106531495,-1,-1
15344,-1,-1,1733415090106505216,136821449
15345,32689664,136137049,-1,-1
15346,-1,-1,1733415090155985152,249479751
15347,32880896,248310490,-1,-1
15348,-1,-1,1733415090163046144,107060854
15349,32266240,107054476,-1,-1
15350,-1,-1,1733415090208741632,95695240
15351,31094528,95786031,-1,-1
15352,-1,-1,1733415090187694592,28952809
15353,27339520,33163290,-1,-1
15354,-1,-1,1733415090229552128,91857475
15355,20038912,87417641,-1,-1
15356,-1,-1,1733415090261557504,82005147
15357,33290752,82240153,-1,-1
15358,-1,-1,1733415090257451520,45893645
15359,40947968,45556153,-1,-1
15360,-1,-1,1733415090368853760,161402313
15361,46437632,174713305,-1,-1
15362,-1,-1,1733415090364598016,95743946
15363,31269376,82077513,-1,-1
15364,-1,-1,1733415090369640960,105042928
15365,35854080,105567018,-1,-1
15366,-1,-1,1733415090458289664,138648565
15367,38502400,141794445,-1,-1
15368,-1,-1,1733415090433987328,125697622
15369,32550912,125483981,-1,-1
15370,-1,-1,1733415090489923840,105936270
15371,32137472,104017227,-1,-1
15372,-1,-1,1733415090465644288,25720200
15373,19264256,25132973,-1,-1
15374,-1,-1,1733415090521867776,106223415
15375,32015104,104905952,-1,-1
15376,-1,-1,1733415090501421568,29553777
15377,25414912,31032795,-1,-1
15378,-1,-1,1733415090548499200,97077070
15379,34493696,97401543,-1,-1
15380,-1,-1,1733415090528172800,29673705
15381,23919104,28798350,-1,-1
15382,-1,-1,1733415090593327872,115154728
15383,32951808,115787375,-1,-1
15384,-1,-1,1733415090598864128,55536225
15385,35887872,57934626,-1,-1
15386,-1,-1,1733415090646090752,47226524
15387,44853248,46844031,-1,-1
15388,-1,-1,1733415090661572096,115481159
15389,46912256,127814895,-1,-1
15390,-1,-1,1733415090691245824,129674022
15391,47972096,129803068,-1,-1
15392,-1,-1,1733415090716058880,124812213
15393,32751872,111598581,-1,-1
15394,-1,-1,1733415090714660352,198601466
15395,30550272,197436449,-1,-1
15396,-1,-1,1733415090763678976,49018397
15397,30819072,48038037,-1,-1
15398,-1,-1,1733415090830293760,166614678
15399,34929408,166927166,-1,-1
15400,-1,-1,1733415090850007552,119713634
15401,30919168,118671618,-1,-1
15402,-1,-1,1733415090906647808,156640082
15403,33899264,157599144,-1,-1
15404,-1,-1,1733415090957128448,200480312
15405,38734336,200838260,-1,-1
15406,-1,-1,1733415090989996544,82868055
15407,32188672,83819781,-1,-1
15408,-1,-1,1733415090978185216,138188718
15409,40057856,148671710,-1,-1
15410,-1,-1,1733415091025971200,47785497
15411,32001024,36768148,-1,-1
15412,-1,-1,1733415091046726656,120755230
15413,41424896,118793916,-1,-1
15414,-1,-1,1733415091028303104,81576224
15415,43914240,94874822,-1,-1
15416,-1,-1,1733415091115394560,137091644
15417,32801024,126621998,-1,-1
15418,-1,-1,1733415091118742784,203347996
15419,29400576,205122816,-1,-1
15420,-1,-1,1733415091134561536,65818397
15421,41206016,75575249,-1,-1
15422,-1,-1,1733415091209112576,124550879
15423,30841088,109598314,-1,-1
15424,-1,-1,1733415091247913472,138800858
15425,35058176,142057717,-1,-1
15426,-1,-1,1733415091273442048,175528355
15427,32916736,174393184,-1,-1
15428,-1,-1,1733415091245671936,22229721
15429,16896768,25204379,-1,-1
15430,-1,-1,1733415091288697856,143025963
15431,14520064,139457741,-1,-1
15432,-1,-1,1733415091364333312,125635110
15433,32166656,125699715,-1,-1
15434,-1,-1,1733415091377616896,113283284
15435,32043776,113003886,-1,-1
15436,-1,-1,1733415091376732672,149115832
15437,27905024,149654986,-1,-1
15438,-1,-1,1733415091388552704,61819657
15439,38898432,73844633,-1,-1
15440,-1,-1,1733415091421275136,132722369
15441,39534592,132870653,-1,-1
15442,-1,-1,1733415091472623360,101348080
15443,32932352,87628435,-1,-1
15444,-1,-1,1733415091454817536,32194000
15445,40058624,45016015,-1,-1
15446,-1,-1,1733415091487814400,132996566
15447,41472256,133656885,-1,-1
15448,-1,-1,1733415091517608448,129793973
15449,43857664,129637393,-1,-1
15450,-1,-1,1733415091567148032,49539521
15451,32130816,37139401,-1,-1
15452,-1,-1,1733415091602195712,135047571
15453,38643712,135879502,-1,-1
15454,-1,-1,1733415091636117760,133921890
15455,30951680,133558582,-1,-1
15456,-1,-1,1733415091608252928,22135182
15457,19521024,24950557,-1,-1
15458,-1,-1,1733415091634718976,126465831
15459,31361024,127242994,-1,-1
15460,-1,-1,1733415091676406784,141687245
15461,14935296,138177583,-1,-1
15462,-1,-1,1733415091712959488,36552634
15463,30898688,35942425,-1,-1
